subject_id,has_dti,has_rest,n_task_types,has_motor,has_wm,has_gambling,has_language,has_social,has_relational,has_emotion,has_movie,has_retbar,has_retccw,has_retcw,has_retcon,has_retexp
100206,True,True,7,True,True,True,True,True,True,True,False,False,False,False,False,False
100307,True,True,7,True,True,True,True,True,True,True,False,False,False,False,False,False
100408,True,True,7,True,True,True,True,True,True,True,False,False,False,False,False,False
100610,True,True,13,True,True,True,True,True,True,True,True,True,True,True,True,True
101006,True,True,7,True,True,True,True,True,True,True,False,False,False,False,False,False
101107,True,True,7,True,True,True,True,True,True,True,False,False,False,False,False,False
101309,True,True,7,True,True,True,True,True,True,True,False,False,False,False,False,False
101410,True,True,7,True,True,True,True,True,True,True,False,False,False,False,False,False
101915,True,True,7,True,True,True,True,True,True,True,False,False,False,False,False,False
102008,True,True,7,True,True,True,True,True,True,True,False,False,False,False,False,False
102109,True,True,7,True,True,True,True,True,True,True,False,False,False,False,False,False
102311,True,True,13,True,True,True,True,True,True,True,True,True,True,True,True,True
102513,True,True,7,True,True,True,True,True,True,True,False,False,False,False,False,False
102614,True,True,7,True,True,True,True,True,True,True,False,False,False,False,False,False
102715,True,True,7,True,True,True,True,True,True,True,False,False,False,False,False,False
102816,True,True,13,True,True,True,True,True,True,True,True,True,True,True,True,True
103010,True,True,5,True,True,True,True,True,False,False,False,False,False,False,False,False
103111,True,True,7,True,True,True,True,True,True,True,False,False,False,False,False,False
103212,True,True,7,True,True,True,True,True,True,True,False,False,False,False,False,False
103414,True,True,7,True,True,True,True,True,True,True,False,False,False,False,False,False
103515,True,True,7,True,True,True,True,True,True,True,False,False,False,False,False,False
103818,True,True,7,True,True,True,True,True,True,True,False,False,False,False,False,False
104012,True,True,7,True,True,True,True,True,True,True,False,False,False,False,False,False
104416,True,True,13,True,True,True,True,True,True,True,True,True,True,True,True,True
104820,True,True,7,True,True,True,True,True,True,True,False,False,False,False,False,False
105014,True,True,7,True,True,True,True,True,True,True,False,False,False,False,False,False
105115,True,True,7,True,True,True,True,True,True,True,False,False,False,False,False,False
105216,True,True,7,True,True,True,True,True,True,True,False,False,False,False,False,False
105620,True,True,7,True,True,True,True,True,True,True,False,False,False,False,False,False
105923,True,True,13,True,True,True,True,True,True,True,True,True,True,True,True,True
106016,True,True,7,True,True,True,True,True,True,True,False,False,False,False,False,False
106319,True,True,7,True,True,True,True,True,True,True,False,False,False,False,False,False
106521,True,True,7,True,True,True,True,True,True,True,False,False,False,False,False,False
106824,True,True,7,True,True,True,True,True,True,True,False,False,False,False,False,False
107018,True,True,7,True,True,True,True,True,True,True,False,False,False,False,False,False
107220,False,True,7,True,True,True,True,True,True,True,False,False,False,False,False,False
107321,True,True,7,True,True,True,True,True,True,True,False,False,False,False,False,False
107422,True,True,7,True,True,True,True,True,True,True,False,False,False,False,False,False
107725,True,True,7,True,True,True,True,True,True,True,False,False,False,False,False,False
108020,True,True,7,True,True,True,True,True,True,True,False,False,False,False,False,False
108121,True,True,7,True,True,True,True,True,True,True,False,False,False,False,False,False
108222,True,True,7,True,True,True,True,True,True,True,False,False,False,False,False,False
108323,True,True,13,True,True,True,True,True,True,True,True,True,True,True,True,True
108525,True,True,7,True,True,True,True,True,True,True,False,False,False,False,False,False
108828,True,True,7,True,True,True,True,True,True,True,False,False,False,False,False,False
109123,True,True,13,True,True,True,True,True,True,True,True,True,True,True,True,True
109325,False,True,7,True,True,True,True,True,True,True,False,False,False,False,False,False
109830,True,True,7,True,True,True,True,True,True,True,False,False,False,False,False,False
110007,True,True,7,True,True,True,True,True,True,True,False,False,False,False,False,False
110411,True,True,7,True,True,True,True,True,True,True,False,False,False,False,False,False
110613,True,True,7,True,True,True,True,True,True,True,False,False,False,False,False,False
111009,True,True,7,True,True,True,True,True,True,True,False,False,False,False,False,False
111211,True,True,7,True,True,True,True,True,True,True,False,False,False,False,False,False
111312,True,True,13,True,True,True,True,True,True,True,True,True,True,True,True,True
111413,True,True,7,True,True,True,True,True,True,True,False,False,False,False,False,False
111514,True,True,13,True,True,True,True,True,True,True,True,True,True,True,True,True
111716,True,True,7,True,True,True,True,True,True,True,False,False,False,False,False,False
112112,True,True,7,True,True,True,True,True,True,True,False,False,False,False,False,False
112314,True,True,7,True,True,True,True,True,True,True,False,False,False,False,False,False
112516,True,True,7,True,True,True,True,True,True,True,False,False,False,False,False,False
112819,True,True,3,True,True,True,False,False,False,False,False,False,False,False,False,False
112920,True,True,7,True,True,True,True,True,True,True,False,False,False,False,False,False
113215,True,True,7,True,True,True,True,True,True,True,False,False,False,False,False,False
113316,True,True,7,True,True,True,True,True,True,True,False,False,False,False,False,False
113417,False,True,3,True,True,True,False,False,False,False,False,False,False,False,False,False
113619,True,True,7,True,True,True,True,True,True,True,False,False,False,False,False,False
113821,True,True,3,True,True,True,False,False,False,False,False,False,False,False,False,False
113922,True,True,7,True,True,True,True,True,True,True,False,False,False,False,False,False
114116,True,True,7,True,True,True,True,True,True,True,False,False,False,False,False,False
114217,True,True,7,True,True,True,True,True,True,True,False,False,False,False,False,False
114318,True,True,7,True,True,True,True,True,True,True,False,False,False,False,False,False
114419,True,True,7,True,True,True,True,True,True,True,False,False,False,False,False,False
114621,True,True,7,True,True,True,True,True,True,True,False,False,False,False,False,False
114823,True,True,13,True,True,True,True,True,True,True,True,True,True,True,True,True
114924,False,True,7,True,True,True,True,True,True,True,False,False,False,False,False,False
115017,True,True,13,True,True,True,True,True,True,True,True,True,True,True,True,True
115219,True,True,7,True,True,True,True,True,True,True,False,False,False,False,False,False
115320,True,True,7,True,True,True,True,True,True,True,False,False,False,False,False,False
115724,True,True,7,True,True,True,True,True,True,True,False,False,False,False,False,False
115825,True,True,13,True,True,True,True,True,True,True,True,True,True,True,True,True
116120,False,True,0,False,False,False,False,False,False,False,False,False,False,False,False,False
116221,True,True,7,True,True,True,True,True,True,True,False,False,False,False,False,False
116423,True,True,3,True,True,True,False,False,False,False,False,False,False,False,False,False
116524,True,True,7,True,True,True,True,True,True,True,False,False,False,False,False,False
116726,True,True,13,True,True,True,True,True,True,True,True,True,True,True,True,True
117021,True,True,7,True,True,True,True,True,True,True,False,False,False,False,False,False
117122,True,True,7,True,True,True,True,True,True,True,False,False,False,False,False,False
117324,True,True,7,True,True,True,True,True,True,True,False,False,False,False,False,False
117728,False,True,3,True,True,True,False,False,False,False,False,False,False,False,False,False
117930,True,True,7,True,True,True,True,True,True,True,False,False,False,False,False,False
118023,True,True,7,True,True,True,True,True,True,True,False,False,False,False,False,False
118124,True,True,7,True,True,True,True,True,True,True,False,False,False,False,False,False
118225,True,True,13,True,True,True,True,True,True,True,True,True,True,True,True,True
118528,True,True,7,True,True,True,True,True,True,True,False,False,False,False,False,False
118730,True,True,7,True,True,True,True,True,True,True,False,False,False,False,False,False
118831,True,True,7,True,True,True,True,True,True,True,False,False,False,False,False,False
118932,True,True,7,True,True,True,True,True,True,True,False,False,False,False,False,False
119025,True,True,7,True,True,True,True,True,True,True,False,False,False,False,False,False
119126,True,True,7,True,True,True,True,True,True,True,False,False,False,False,False,False
119732,True,True,7,True,True,True,True,True,True,True,False,False,False,False,False,False
119833,True,True,7,True,True,True,True,True,True,True,False,False,False,False,False,False
120010,True,True,3,True,True,True,False,False,False,False,False,False,False,False,False,False
120111,True,True,7,True,True,True,True,True,True,True,False,False,False,False,False,False
120212,True,True,7,True,True,True,True,True,True,True,False,False,False,False,False,False
120414,True,True,7,True,True,True,True,True,True,True,False,False,False,False,False,False
120515,True,True,7,True,True,True,True,True,True,True,False,False,False,False,False,False
120717,True,True,7,True,True,True,True,True,True,True,False,False,False,False,False,False
121315,False,True,3,True,True,True,False,False,False,False,False,False,False,False,False,False
121416,True,True,7,True,True,True,True,True,True,True,False,False,False,False,False,False
121618,True,True,7,True,True,True,True,True,True,True,False,False,False,False,False,False
121719,True,True,3,True,True,True,False,False,False,False,False,False,False,False,False,False
121820,False,True,3,True,True,True,False,False,False,False,False,False,False,False,False,False
121921,True,True,7,True,True,True,True,True,True,True,False,False,False,False,False,False
122317,True,True,7,True,True,True,True,True,True,True,False,False,False,False,False,False
122418,True,True,7,True,True,True,True,True,True,True,False,False,False,False,False,False
122620,True,True,7,True,True,True,True,True,True,True,False,False,False,False,False,False
122822,True,True,7,True,True,True,True,True,True,True,False,False,False,False,False,False
123117,True,True,7,True,True,True,True,True,True,True,False,False,False,False,False,False
123420,True,True,7,True,True,True,True,True,True,True,False,False,False,False,False,False
123521,True,True,7,True,True,True,True,True,True,True,False,False,False,False,False,False
123723,True,True,7,True,True,True,True,True,True,True,False,False,False,False,False,False
123824,True,True,7,True,True,True,True,True,True,True,False,False,False,False,False,False
123925,True,True,7,True,True,True,True,True,True,True,False,False,False,False,False,False
124220,True,True,7,True,True,True,True,True,True,True,False,False,False,False,False,False
124422,True,True,7,True,True,True,True,True,True,True,False,False,False,False,False,False
124624,True,True,7,True,True,True,True,True,True,True,False,False,False,False,False,False
124826,True,True,7,True,True,True,True,True,True,True,False,False,False,False,False,False
125222,True,True,7,True,True,True,True,True,True,True,False,False,False,False,False,False
125424,True,True,7,True,True,True,True,True,True,True,False,False,False,False,False,False
125525,True,True,13,True,True,True,True,True,True,True,True,True,True,True,True,True
126325,True,True,7,True,True,True,True,True,True,True,False,False,False,False,False,False
126426,True,True,13,True,True,True,True,True,True,True,True,True,True,True,True,True
126628,True,True,7,True,True,True,True,True,True,True,False,False,False,False,False,False
126931,False,True,6,False,False,False,False,False,False,False,True,True,True,True,True,True
127226,True,True,7,True,True,True,True,True,True,True,False,False,False,False,False,False
127327,True,True,7,True,True,True,True,True,True,True,False,False,False,False,False,False
127630,True,True,7,True,True,True,True,True,True,True,False,False,False,False,False,False
127731,True,True,7,True,True,True,True,True,True,True,False,False,False,False,False,False
127832,True,True,7,True,True,True,True,True,True,True,False,False,False,False,False,False
127933,True,True,7,True,True,True,True,True,True,True,False,False,False,False,False,False
128026,True,True,7,True,True,True,True,True,True,True,False,False,False,False,False,False
128127,True,True,7,True,True,True,True,True,True,True,False,False,False,False,False,False
128329,False,True,3,True,True,True,False,False,False,False,False,False,False,False,False,False
128632,True,True,7,True,True,True,True,True,True,True,False,False,False,False,False,False
128935,True,True,13,True,True,True,True,True,True,True,True,True,True,True,True,True
129028,True,True,7,True,True,True,True,True,True,True,False,False,False,False,False,False
129129,True,True,7,True,True,True,True,True,True,True,False,False,False,False,False,False
129331,True,True,7,True,True,True,True,True,True,True,False,False,False,False,False,False
129432,False,False,0,False,False,False,False,False,False,False,False,False,False,False,False,False
129533,False,True,0,False,False,False,False,False,False,False,False,False,False,False,False,False
129634,True,True,7,True,True,True,True,True,True,True,False,False,False,False,False,False
129937,True,True,7,True,True,True,True,True,True,True,False,False,False,False,False,False
130013,True,True,7,True,True,True,True,True,True,True,False,False,False,False,False,False
130114,True,True,13,True,True,True,True,True,True,True,True,True,True,True,True,True
130316,True,True,7,True,True,True,True,True,True,True,False,False,False,False,False,False
130417,True,True,7,True,True,True,True,True,True,True,False,False,False,False,False,False
130518,True,True,13,True,True,True,True,True,True,True,True,True,True,True,True,True
130619,True,True,7,True,True,True,True,True,True,True,False,False,False,False,False,False
130720,True,True,7,True,True,True,True,True,True,True,False,False,False,False,False,False
130821,True,True,7,True,True,True,True,True,True,True,False,False,False,False,False,False
130922,True,True,7,True,True,True,True,True,True,True,False,False,False,False,False,False
131217,True,True,13,True,True,True,True,True,True,True,True,True,True,True,True,True
131419,True,True,7,True,True,True,True,True,True,True,False,False,False,False,False,False
131621,False,False,0,False,False,False,False,False,False,False,False,False,False,False,False,False
131722,True,True,13,True,True,True,True,True,True,True,True,True,True,True,True,True
131823,True,True,7,True,True,True,True,True,True,True,False,False,False,False,False,False
131924,True,True,7,True,True,True,True,True,True,True,False,False,False,False,False,False
132017,True,True,7,True,True,True,True,True,True,True,False,False,False,False,False,False
132118,True,True,9,True,True,True,False,False,False,False,True,True,True,True,True,True
133019,True,True,7,True,True,True,True,True,True,True,False,False,False,False,False,False
133625,True,True,7,True,True,True,True,True,True,True,False,False,False,False,False,False
133827,True,True,7,True,True,True,True,True,True,True,False,False,False,False,False,False
133928,True,True,7,True,True,True,True,True,True,True,False,False,False,False,False,False
134021,True,True,7,True,True,True,True,True,True,True,False,False,False,False,False,False
134223,True,True,7,True,True,True,True,True,True,True,False,False,False,False,False,False
134324,True,True,7,True,True,True,True,True,True,True,False,False,False,False,False,False
134425,True,True,7,True,True,True,True,True,True,True,False,False,False,False,False,False
134627,True,True,11,True,True,True,True,True,False,False,True,True,True,True,True,True
134728,True,True,7,True,True,True,True,True,True,True,False,False,False,False,False,False
134829,True,True,13,True,True,True,True,True,True,True,True,True,True,True,True,True
135124,True,True,13,True,True,True,True,True,True,True,True,True,True,True,True,True
135225,True,True,7,True,True,True,True,True,True,True,False,False,False,False,False,False
135528,True,True,7,True,True,True,True,True,True,True,False,False,False,False,False,False
135629,True,True,7,True,True,True,True,True,True,True,False,False,False,False,False,False
135730,True,True,7,True,True,True,True,True,True,True,False,False,False,False,False,False
135932,True,True,7,True,True,True,True,True,True,True,False,False,False,False,False,False
136126,True,True,7,True,True,True,True,True,True,True,False,False,False,False,False,False
136227,True,True,7,True,True,True,True,True,True,True,False,False,False,False,False,False
136631,True,True,7,True,True,True,True,True,True,True,False,False,False,False,False,False
136732,True,True,7,True,True,True,True,True,True,True,False,False,False,False,False,False
136833,True,True,7,True,True,True,True,True,True,True,False,False,False,False,False,False
137027,True,True,7,True,True,True,True,True,True,True,False,False,False,False,False,False
137128,True,True,13,True,True,True,True,True,True,True,True,True,True,True,True,True
137229,True,True,7,True,True,True,True,True,True,True,False,False,False,False,False,False
137431,True,True,6,True,True,True,True,True,False,True,False,False,False,False,False,False
137532,True,True,7,True,True,True,True,True,True,True,False,False,False,False,False,False
137633,True,True,7,True,True,True,True,True,True,True,False,False,False,False,False,False
137936,True,True,7,True,True,True,True,True,True,True,False,False,False,False,False,False
138130,True,True,7,True,True,True,True,True,True,True,False,False,False,False,False,False
138231,True,True,7,True,True,True,True,True,True,True,False,False,False,False,False,False
138332,True,True,7,True,True,True,True,True,True,True,False,False,False,False,False,False
138534,True,True,7,True,True,True,True,True,True,True,False,False,False,False,False,False
138837,True,True,7,True,True,True,True,True,True,True,False,False,False,False,False,False
139233,True,True,7,True,True,True,True,True,True,True,False,False,False,False,False,False
139435,True,True,7,True,True,True,True,True,True,True,False,False,False,False,False,False
139637,True,True,7,True,True,True,True,True,True,True,False,False,False,False,False,False
139839,True,True,7,True,True,True,True,True,True,True,False,False,False,False,False,False
140117,True,True,13,True,True,True,True,True,True,True,True,True,True,True,True,True
140319,True,True,7,True,True,True,True,True,True,True,False,False,False,False,False,False
140420,True,True,5,False,True,False,True,True,True,True,False,False,False,False,False,False
140824,True,True,7,True,True,True,True,True,True,True,False,False,False,False,False,False
140925,True,True,7,True,True,True,True,True,True,True,False,False,False,False,False,False
141119,True,True,7,True,True,True,True,True,True,True,False,False,False,False,False,False
141422,True,True,7,True,True,True,True,True,True,True,False,False,False,False,False,False
141826,True,True,7,True,True,True,True,True,True,True,False,False,False,False,False,False
142424,False,True,3,True,True,True,False,False,False,False,False,False,False,False,False,False
142828,True,True,7,True,True,True,True,True,True,True,False,False,False,False,False,False
143224,True,True,7,True,True,True,True,True,True,True,False,False,False,False,False,False
143325,True,True,7,True,True,True,True,True,True,True,False,False,False,False,False,False
143426,True,True,6,True,True,True,True,True,False,True,False,False,False,False,False,False
143527,False,False,0,False,False,False,False,False,False,False,False,False,False,False,False,False
143830,True,True,7,True,True,True,True,True,True,True,False,False,False,False,False,False
144125,True,True,7,True,True,True,True,True,True,True,False,False,False,False,False,False
144226,True,True,12,True,True,True,True,True,True,False,True,True,True,True,True,True
144428,True,True,7,True,True,True,True,True,True,True,False,False,False,False,False,False
144731,True,True,7,True,True,True,True,True,True,True,False,False,False,False,False,False
144832,True,True,7,True,True,True,True,True,True,True,False,False,False,False,False,False
144933,True,True,7,True,True,True,True,True,True,True,False,False,False,False,False,False
145127,True,True,7,True,True,True,True,True,True,True,False,False,False,False,False,False
145531,False,True,3,True,True,True,False,False,False,False,False,False,False,False,False,False
145632,True,True,7,True,True,True,True,True,True,True,False,False,False,False,False,False
145834,True,True,13,True,True,True,True,True,True,True,True,True,True,True,True,True
146129,True,True,13,True,True,True,True,True,True,True,True,True,True,True,True,True
146331,True,True,7,True,True,True,True,True,True,True,False,False,False,False,False,False
146432,True,True,13,True,True,True,True,True,True,True,True,True,True,True,True,True
146533,True,True,7,True,True,True,True,True,True,True,False,False,False,False,False,False
146634,True,True,4,False,False,False,True,True,True,True,False,False,False,False,False,False
146735,True,True,13,True,True,True,True,True,True,True,True,True,True,True,True,True
146836,True,True,7,True,True,True,True,True,True,True,False,False,False,False,False,False
146937,True,True,13,True,True,True,True,True,True,True,True,True,True,True,True,True
147030,True,True,7,True,True,True,True,True,True,True,False,False,False,False,False,False
147636,True,True,7,True,True,True,True,True,True,True,False,False,False,False,False,False
147737,True,True,7,True,True,True,True,True,True,True,False,False,False,False,False,False
148032,True,True,7,True,True,True,True,True,True,True,False,False,False,False,False,False
148133,True,True,13,True,True,True,True,True,True,True,True,True,True,True,True,True
148335,True,True,7,True,True,True,True,True,True,True,False,False,False,False,False,False
148436,True,True,7,True,True,True,True,True,True,True,False,False,False,False,False,False
148840,True,True,7,True,True,True,True,True,True,True,False,False,False,False,False,False
148941,True,True,7,True,True,True,True,True,True,True,False,False,False,False,False,False
149236,True,True,7,True,True,True,True,True,True,True,False,False,False,False,False,False
149337,True,True,7,True,True,True,True,True,True,True,False,False,False,False,False,False
149539,True,True,7,True,True,True,True,True,True,True,False,False,False,False,False,False
149741,True,True,7,True,True,True,True,True,True,True,False,False,False,False,False,False
149842,True,True,7,True,True,True,True,True,True,True,False,False,False,False,False,False
150019,True,True,7,True,True,True,True,True,True,True,False,False,False,False,False,False
150423,False,True,13,True,True,True,True,True,True,True,True,True,True,True,True,True
150524,True,True,7,True,True,True,True,True,True,True,False,False,False,False,False,False
150625,True,True,7,True,True,True,True,True,True,True,False,False,False,False,False,False
150726,True,True,7,True,True,True,True,True,True,True,False,False,False,False,False,False
150928,True,True,7,True,True,True,True,True,True,True,False,False,False,False,False,False
151021,True,True,7,True,True,True,True,True,True,True,False,False,False,False,False,False
151223,True,True,7,True,True,True,True,True,True,True,False,False,False,False,False,False
151324,True,True,7,True,True,True,True,True,True,True,False,False,False,False,False,False
151425,True,True,7,True,True,True,True,True,True,True,False,False,False,False,False,False
151526,True,True,7,True,True,True,True,True,True,True,False,False,False,False,False,False
151627,True,True,7,True,True,True,True,True,True,True,False,False,False,False,False,False
151728,True,True,7,True,True,True,True,True,True,True,False,False,False,False,False,False
151829,True,True,7,True,True,True,True,True,True,True,False,False,False,False,False,False
151930,True,True,7,True,True,True,True,True,True,True,False,False,False,False,False,False
152225,True,True,7,True,True,True,True,True,True,True,False,False,False,False,False,False
152427,True,True,7,True,True,True,True,True,True,True,False,False,False,False,False,False
152831,True,True,7,True,True,True,True,True,True,True,False,False,False,False,False,False
153025,True,True,7,True,True,True,True,True,True,True,False,False,False,False,False,False
153126,True,True,7,True,True,True,True,True,True,True,False,False,False,False,False,False
153227,True,True,7,True,True,True,True,True,True,True,False,False,False,False,False,False
153429,True,True,7,True,True,True,True,True,True,True,False,False,False,False,False,False
153631,True,True,7,True,True,True,True,True,True,True,False,False,False,False,False,False
153732,True,True,5,True,True,True,True,True,False,False,False,False,False,False,False,False
153833,True,True,7,True,True,True,True,True,True,True,False,False,False,False,False,False
153934,True,True,7,True,True,True,True,True,True,True,False,False,False,False,False,False
154229,True,True,7,True,True,True,True,True,True,True,False,False,False,False,False,False
154330,True,True,7,True,True,True,True,True,True,True,False,False,False,False,False,False
154431,True,True,7,True,True,True,True,True,True,True,False,False,False,False,False,False
154532,True,True,7,True,True,True,True,True,True,True,False,False,False,False,False,False
154734,True,True,7,True,True,True,True,True,True,True,False,False,False,False,False,False
154835,True,True,7,True,True,True,True,True,True,True,False,False,False,False,False,False
154936,True,True,7,True,True,True,True,True,True,True,False,False,False,False,False,False
155231,True,True,7,True,True,True,True,True,True,True,False,False,False,False,False,False
155635,True,True,7,True,True,True,True,True,True,True,False,False,False,False,False,False
155938,True,True,13,True,True,True,True,True,True,True,True,True,True,True,True,True
156031,True,True,7,True,True,True,True,True,True,True,False,False,False,False,False,False
156233,True,True,7,True,True,True,True,True,True,True,False,False,False,False,False,False
156334,True,True,13,True,True,True,True,True,True,True,True,True,True,True,True,True
156435,True,True,7,True,True,True,True,True,True,True,False,False,False,False,False,False
156536,True,True,7,True,True,True,True,True,True,True,False,False,False,False,False,False
156637,True,True,7,True,True,True,True,True,True,True,False,False,False,False,False,False
157336,True,True,13,True,True,True,True,True,True,True,True,True,True,True,True,True
157437,True,True,7,True,True,True,True,True,True,True,False,False,False,False,False,False
157942,True,True,7,True,True,True,True,True,True,True,False,False,False,False,False,False
158035,True,True,13,True,True,True,True,True,True,True,True,True,True,True,True,True
158136,True,True,13,True,True,True,True,True,True,True,True,True,True,True,True,True
158338,True,True,7,True,True,True,True,True,True,True,False,False,False,False,False,False
158540,True,True,7,True,True,True,True,True,True,True,False,False,False,False,False,False
158843,True,True,7,True,True,True,True,True,True,True,False,False,False,False,False,False
159138,True,True,7,True,True,True,True,True,True,True,False,False,False,False,False,False
159239,True,True,13,True,True,True,True,True,True,True,True,True,True,True,True,True
159340,True,True,7,True,True,True,True,True,True,True,False,False,False,False,False,False
159441,True,True,7,True,True,True,True,True,True,True,False,False,False,False,False,False
159744,True,True,7,True,True,True,True,True,True,True,False,False,False,False,False,False
159845,False,True,3,True,True,True,False,False,False,False,False,False,False,False,False,False
159946,True,True,7,True,True,True,True,True,True,True,False,False,False,False,False,False
160123,True,True,7,True,True,True,True,True,True,True,False,False,False,False,False,False
160729,True,True,7,True,True,True,True,True,True,True,False,False,False,False,False,False
160830,True,True,7,True,True,True,True,True,True,True,False,False,False,False,False,False
160931,True,True,7,True,True,True,True,True,True,True,False,False,False,False,False,False
161327,True,True,7,True,True,True,True,True,True,True,False,False,False,False,False,False
161630,True,True,7,True,True,True,True,True,True,True,False,False,False,False,False,False
161731,True,True,7,True,True,True,True,True,True,True,False,False,False,False,False,False
161832,True,True,7,True,True,True,True,True,True,True,False,False,False,False,False,False
162026,True,True,7,True,True,True,True,True,True,True,False,False,False,False,False,False
162228,True,True,7,True,True,True,True,True,True,True,False,False,False,False,False,False
162329,True,True,7,True,True,True,True,True,True,True,False,False,False,False,False,False
162733,True,True,7,True,True,True,True,True,True,True,False,False,False,False,False,False
162935,True,True,13,True,True,True,True,True,True,True,True,True,True,True,True,True
163129,True,True,7,True,True,True,True,True,True,True,False,False,False,False,False,False
163331,True,True,7,True,True,True,True,True,True,True,False,False,False,False,False,False
163432,True,True,7,True,True,True,True,True,True,True,False,False,False,False,False,False
163836,True,True,7,True,True,True,True,True,True,True,False,False,False,False,False,False
164030,True,True,7,True,True,True,True,True,True,True,False,False,False,False,False,False
164131,True,True,13,True,True,True,True,True,True,True,True,True,True,True,True,True
164636,True,True,13,True,True,True,True,True,True,True,True,True,True,True,True,True
164939,True,True,7,True,True,True,True,True,True,True,False,False,False,False,False,False
165032,True,True,7,True,True,True,True,True,True,True,False,False,False,False,False,False
165234,False,True,3,True,True,True,False,False,False,False,False,False,False,False,False,False
165436,True,True,13,True,True,True,True,True,True,True,True,True,True,True,True,True
165638,True,True,7,True,True,True,True,True,True,True,False,False,False,False,False,False
165840,True,True,7,True,True,True,True,True,True,True,False,False,False,False,False,False
165941,True,True,7,True,True,True,True,True,True,True,False,False,False,False,False,False
166438,True,True,7,True,True,True,True,True,True,True,False,False,False,False,False,False
166640,True,True,7,True,True,True,True,True,True,True,False,False,False,False,False,False
167036,True,True,13,True,True,True,True,True,True,True,True,True,True,True,True,True
167238,True,True,7,True,True,True,True,True,True,True,False,False,False,False,False,False
167440,True,True,13,True,True,True,True,True,True,True,True,True,True,True,True,True
167743,True,True,7,True,True,True,True,True,True,True,False,False,False,False,False,False
168038,False,False,0,False,False,False,False,False,False,False,False,False,False,False,False,False
168139,True,True,7,True,True,True,True,True,True,True,False,False,False,False,False,False
168240,True,True,7,True,True,True,True,True,True,True,False,False,False,False,False,False
168341,True,True,7,True,True,True,True,True,True,True,False,False,False,False,False,False
168745,True,True,7,True,True,True,True,True,True,True,False,False,False,False,False,False
168947,True,True,7,True,True,True,True,True,True,True,False,False,False,False,False,False
169040,True,True,13,True,True,True,True,True,True,True,True,True,True,True,True,True
169141,False,True,3,True,True,True,False,False,False,False,False,False,False,False,False,False
169343,True,True,12,True,True,True,True,True,False,True,True,True,True,True,True,True
169444,True,True,13,True,True,True,True,True,True,True,True,True,True,True,True,True
169545,True,True,7,True,True,True,True,True,True,True,False,False,False,False,False,False
169747,True,True,13,True,True,True,True,True,True,True,True,True,True,True,True,True
169949,True,True,7,True,True,True,True,True,True,True,False,False,False,False,False,False
170631,True,True,7,True,True,True,True,True,True,True,False,False,False,False,False,False
170934,True,True,7,True,True,True,True,True,True,True,False,False,False,False,False,False
171128,False,True,3,True,True,True,False,False,False,False,False,False,False,False,False,False
171330,True,True,7,True,True,True,True,True,True,True,False,False,False,False,False,False
171431,True,True,3,True,True,True,False,False,False,False,False,False,False,False,False,False
171532,True,True,7,True,True,True,True,True,True,True,False,False,False,False,False,False
171633,True,True,13,True,True,True,True,True,True,True,True,True,True,True,True,True
171734,False,True,7,True,True,True,True,True,True,True,False,False,False,False,False,False
172029,True,True,7,True,True,True,True,True,True,True,False,False,False,False,False,False
172130,True,True,13,True,True,True,True,True,True,True,True,True,True,True,True,True
172332,True,True,7,True,True,True,True,True,True,True,False,False,False,False,False,False
172433,True,True,7,True,True,True,True,True,True,True,False,False,False,False,False,False
172534,True,True,7,True,True,True,True,True,True,True,False,False,False,False,False,False
172635,True,True,6,True,True,True,True,True,True,False,False,False,False,False,False,False
172938,True,True,7,True,True,True,True,True,True,True,False,False,False,False,False,False
173132,True,True,3,True,True,True,False,False,False,False,False,False,False,False,False,False
173233,True,True,7,True,True,True,True,True,True,True,False,False,False,False,False,False
173334,True,True,13,True,True,True,True,True,True,True,True,True,True,True,True,True
173435,True,True,7,True,True,True,True,True,True,True,False,False,False,False,False,False
173536,True,True,7,True,True,True,True,True,True,True,False,False,False,False,False,False
173637,True,True,7,True,True,True,True,True,True,True,False,False,False,False,False,False
173738,True,True,7,True,True,True,True,True,True,True,False,False,False,False,False,False
173839,True,True,7,True,True,True,True,True,True,True,False,False,False,False,False,False
173940,True,True,7,True,True,True,True,True,True,True,False,False,False,False,False,False
174437,True,True,7,True,True,True,True,True,True,True,False,False,False,False,False,False
174841,True,True,7,True,True,True,True,True,True,True,False,False,False,False,False,False
175035,True,True,7,True,True,True,True,True,True,True,False,False,False,False,False,False
175136,True,True,7,True,True,True,True,True,True,True,False,False,False,False,False,False
175237,True,True,13,True,True,True,True,True,True,True,True,True,True,True,True,True
175338,True,True,7,True,True,True,True,True,True,True,False,False,False,False,False,False
175439,True,True,7,True,True,True,True,True,True,True,False,False,False,False,False,False
175540,True,True,7,True,True,True,True,True,True,True,False,False,False,False,False,False
175742,True,True,7,True,True,True,True,True,True,True,False,False,False,False,False,False
176037,True,True,7,True,True,True,True,True,True,True,False,False,False,False,False,False
176239,True,True,7,True,True,True,True,True,True,True,False,False,False,False,False,False
176441,True,True,7,True,True,True,True,True,True,True,False,False,False,False,False,False
176542,True,True,13,True,True,True,True,True,True,True,True,True,True,True,True,True
176744,True,True,7,True,True,True,True,True,True,True,False,False,False,False,False,False
176845,True,True,7,True,True,True,True,True,True,True,False,False,False,False,False,False
177140,True,True,13,True,True,True,True,True,True,True,True,True,True,True,True,True
177241,True,True,7,True,True,True,True,True,True,True,False,False,False,False,False,False
177342,True,True,3,True,True,True,False,False,False,False,False,False,False,False,False,False
177645,True,True,13,True,True,True,True,True,True,True,True,True,True,True,True,True
177746,True,True,13,True,True,True,True,True,True,True,True,True,True,True,True,True
178142,True,True,13,True,True,True,True,True,True,True,True,True,True,True,True,True
178243,True,True,13,True,True,True,True,True,True,True,True,True,True,True,True,True
178647,True,True,13,True,True,True,True,True,True,True,True,True,True,True,True,True
178748,True,True,7,True,True,True,True,True,True,True,False,False,False,False,False,False
178849,True,True,7,True,True,True,True,True,True,True,False,False,False,False,False,False
178950,True,True,7,True,True,True,True,True,True,True,False,False,False,False,False,False
179245,True,True,7,True,True,True,True,True,True,True,False,False,False,False,False,False
179346,True,True,7,True,True,True,True,True,True,True,False,False,False,False,False,False
179548,True,False,7,True,True,True,True,True,True,True,False,False,False,False,False,False
179952,True,True,3,True,True,True,False,False,False,False,False,False,False,False,False,False
180129,True,True,7,True,True,True,True,True,True,True,False,False,False,False,False,False
180230,True,True,7,True,True,True,True,True,True,True,False,False,False,False,False,False
180432,True,True,7,True,True,True,True,True,True,True,False,False,False,False,False,False
180533,True,True,13,True,True,True,True,True,True,True,True,True,True,True,True,True
180735,True,True,7,True,True,True,True,True,True,True,False,False,False,False,False,False
180836,True,True,7,True,True,True,True,True,True,True,False,False,False,False,False,False
180937,True,True,7,True,True,True,True,True,True,True,False,False,False,False,False,False
181131,True,True,7,True,True,True,True,True,True,True,False,False,False,False,False,False
181232,True,True,13,True,True,True,True,True,True,True,True,True,True,True,True,True
181636,True,True,13,True,True,True,True,True,True,True,True,True,True,True,True,True
182032,True,True,6,True,True,True,True,True,False,True,False,False,False,False,False,False
182436,True,True,13,True,True,True,True,True,True,True,True,True,True,True,True,True
182739,True,True,13,True,True,True,True,True,True,True,True,True,True,True,True,True
182840,True,True,7,True,True,True,True,True,True,True,False,False,False,False,False,False
183034,True,True,7,True,True,True,True,True,True,True,False,False,False,False,False,False
183337,True,True,7,True,True,True,True,True,True,True,False,False,False,False,False,False
183741,True,True,7,True,True,True,True,True,True,True,False,False,False,False,False,False
185038,True,True,7,True,True,True,True,True,True,True,False,False,False,False,False,False
185139,True,True,7,True,True,True,True,True,True,True,False,False,False,False,False,False
185341,True,True,7,True,True,True,True,True,True,True,False,False,False,False,False,False
185442,True,True,13,True,True,True,True,True,True,True,True,True,True,True,True,True
185846,True,True,7,True,True,True,True,True,True,True,False,False,False,False,False,False
185947,True,True,7,True,True,True,True,True,True,True,False,False,False,False,False,False
186040,True,True,7,True,True,True,True,True,True,True,False,False,False,False,False,False
186141,True,True,7,True,True,True,True,True,True,True,False,False,False,False,False,False
186444,True,True,7,True,True,True,True,True,True,True,False,False,False,False,False,False
186545,True,True,7,True,True,True,True,True,True,True,False,False,False,False,False,False
186848,True,True,7,True,True,True,True,True,True,True,False,False,False,False,False,False
186949,False,True,13,True,True,True,True,True,True,True,True,True,True,True,True,True
187143,True,True,7,True,True,True,True,True,True,True,False,False,False,False,False,False
187345,True,True,13,True,True,True,True,True,True,True,True,True,True,True,True,True
187547,True,True,7,True,True,True,True,True,True,True,False,False,False,False,False,False
187850,True,True,7,True,True,True,True,True,True,True,False,False,False,False,False,False
188145,True,True,7,True,True,True,True,True,True,True,False,False,False,False,False,False
188347,True,True,7,True,True,True,True,True,True,True,False,False,False,False,False,False
188448,True,True,7,True,True,True,True,True,True,True,False,False,False,False,False,False
188549,True,True,7,True,True,True,True,True,True,True,False,False,False,False,False,False
188751,True,True,7,True,True,True,True,True,True,True,False,False,False,False,False,False
189349,True,True,7,True,True,True,True,True,True,True,False,False,False,False,False,False
189450,True,True,7,True,True,True,True,True,True,True,False,False,False,False,False,False
189652,True,True,7,True,True,True,True,True,True,True,False,False,False,False,False,False
190031,True,True,7,True,True,True,True,True,True,True,False,False,False,False,False,False
190132,False,True,0,False,False,False,False,False,False,False,False,False,False,False,False,False
191033,True,True,13,True,True,True,True,True,True,True,True,True,True,True,True,True
191235,True,True,7,True,True,True,True,True,True,True,False,False,False,False,False,False
191336,True,True,13,True,True,True,True,True,True,True,True,True,True,True,True,True
191437,True,True,7,True,True,True,True,True,True,True,False,False,False,False,False,False
191841,True,True,13,True,True,True,True,True,True,True,True,True,True,True,True,True
191942,True,True,7,True,True,True,True,True,True,True,False,False,False,False,False,False
192035,True,True,7,True,True,True,True,True,True,True,False,False,False,False,False,False
192136,True,True,7,True,True,True,True,True,True,True,False,False,False,False,False,False
192237,True,True,7,True,True,True,True,True,True,True,False,False,False,False,False,False
192439,True,True,13,True,True,True,True,True,True,True,True,True,True,True,True,True
192540,True,True,7,True,True,True,True,True,True,True,False,False,False,False,False,False
192641,True,True,13,True,True,True,True,True,True,True,True,True,True,True,True,True
192843,True,True,7,True,True,True,True,True,True,True,False,False,False,False,False,False
193239,True,True,7,True,True,True,True,True,True,True,False,False,False,False,False,False
193441,True,True,3,True,True,True,False,False,False,False,False,False,False,False,False,False
193845,True,True,13,True,True,True,True,True,True,True,True,True,True,True,True,True
194140,True,True,7,True,True,True,True,True,True,True,False,False,False,False,False,False
194443,True,True,7,True,True,True,True,True,True,True,False,False,False,False,False,False
194645,True,True,7,True,True,True,True,True,True,True,False,False,False,False,False,False
194746,True,True,7,True,True,True,True,True,True,True,False,False,False,False,False,False
194847,True,True,7,True,True,True,True,True,True,True,False,False,False,False,False,False
195041,True,True,13,True,True,True,True,True,True,True,True,True,True,True,True,True
195445,True,True,7,True,True,True,True,True,True,True,False,False,False,False,False,False
195647,True,True,7,True,True,True,True,True,True,True,False,False,False,False,False,False
195849,True,True,7,True,True,True,True,True,True,True,False,False,False,False,False,False
195950,True,True,7,True,True,True,True,True,True,True,False,False,False,False,False,False
196144,True,True,13,True,True,True,True,True,True,True,True,True,True,True,True,True
196346,True,True,7,True,True,True,True,True,True,True,False,False,False,False,False,False
196750,True,True,7,True,True,True,True,True,True,True,False,False,False,False,False,False
196851,True,True,7,True,True,True,True,True,True,True,False,False,False,False,False,False
196952,True,True,7,True,True,True,True,True,True,True,False,False,False,False,False,False
197348,True,True,13,True,True,True,True,True,True,True,True,True,True,True,True,True
197449,False,False,0,False,False,False,False,False,False,False,False,False,False,False,False,False
197550,True,True,7,True,True,True,True,True,True,True,False,False,False,False,False,False
197651,True,True,4,False,False,False,True,True,True,True,False,False,False,False,False,False
198047,True,True,7,True,True,True,True,True,True,True,False,False,False,False,False,False
198249,True,True,7,True,True,True,True,True,True,True,False,False,False,False,False,False
198350,True,True,7,True,True,True,True,True,True,True,False,False,False,False,False,False
198451,True,True,7,True,True,True,True,True,True,True,False,False,False,False,False,False
198653,True,True,13,True,True,True,True,True,True,True,True,True,True,True,True,True
198855,True,True,7,True,True,True,True,True,True,True,False,False,False,False,False,False
199150,True,True,7,True,True,True,True,True,True,True,False,False,False,False,False,False
199251,True,True,6,True,True,True,True,True,False,True,False,False,False,False,False,False
199352,True,True,7,True,True,True,True,True,True,True,False,False,False,False,False,False
199453,True,True,7,True,True,True,True,True,True,True,False,False,False,False,False,False
199655,True,True,13,True,True,True,True,True,True,True,True,True,True,True,True,True
199958,True,True,7,True,True,True,True,True,True,True,False,False,False,False,False,False
200008,True,True,7,True,True,True,True,True,True,True,False,False,False,False,False,False
200109,True,True,7,True,True,True,True,True,True,True,False,False,False,False,False,False
200210,True,True,13,True,True,True,True,True,True,True,True,True,True,True,True,True
200311,True,True,13,True,True,True,True,True,True,True,True,True,True,True,True,True
200513,True,True,7,True,True,True,True,True,True,True,False,False,False,False,False,False
200614,True,True,13,True,True,True,True,True,True,True,True,True,True,True,True,True
200917,True,True,7,True,True,True,True,True,True,True,False,False,False,False,False,False
201111,True,True,7,True,True,True,True,True,True,True,False,False,False,False,False,False
201414,True,True,7,True,True,True,True,True,True,True,False,False,False,False,False,False
201515,True,True,13,True,True,True,True,True,True,True,True,True,True,True,True,True
201717,False,True,3,True,True,True,False,False,False,False,False,False,False,False,False,False
201818,True,True,7,True,True,True,True,True,True,True,False,False,False,False,False,False
202113,True,True,7,True,True,True,True,True,True,True,False,False,False,False,False,False
202719,True,True,7,True,True,True,True,True,True,True,False,False,False,False,False,False
202820,True,True,7,True,True,True,True,True,True,True,False,False,False,False,False,False
203418,True,True,13,True,True,True,True,True,True,True,True,True,True,True,True,True
203721,False,False,0,False,False,False,False,False,False,False,False,False,False,False,False,False
203923,True,True,7,True,True,True,True,True,True,True,False,False,False,False,False,False
204016,True,True,7,True,True,True,True,True,True,True,False,False,False,False,False,False
204218,True,True,7,True,True,True,True,True,True,True,False,False,False,False,False,False
204319,True,True,7,True,True,True,True,True,True,True,False,False,False,False,False,False
204420,True,True,7,True,True,True,True,True,True,True,False,False,False,False,False,False
204521,True,True,13,True,True,True,True,True,True,True,True,True,True,True,True,True
204622,True,True,7,True,True,True,True,True,True,True,False,False,False,False,False,False
205119,True,True,7,True,True,True,True,True,True,True,False,False,False,False,False,False
205220,True,True,13,True,True,True,True,True,True,True,True,True,True,True,True,True
205725,True,True,7,True,True,True,True,True,True,True,False,False,False,False,False,False
205826,True,True,7,True,True,True,True,True,True,True,False,False,False,False,False,False
206222,True,True,7,True,True,True,True,True,True,True,False,False,False,False,False,False
206323,True,True,7,True,True,True,True,True,True,True,False,False,False,False,False,False
206525,True,True,7,True,True,True,True,True,True,True,False,False,False,False,False,False
206727,True,True,7,True,True,True,True,True,True,True,False,False,False,False,False,False
206828,True,True,7,True,True,True,True,True,True,True,False,False,False,False,False,False
206929,True,True,7,True,True,True,True,True,True,True,False,False,False,False,False,False
207123,True,True,7,True,True,True,True,True,True,True,False,False,False,False,False,False
207426,True,True,7,True,True,True,True,True,True,True,False,False,False,False,False,False
207628,False,False,0,False,False,False,False,False,False,False,False,False,False,False,False,False
208024,True,True,7,True,True,True,True,True,True,True,False,False,False,False,False,False
208125,True,True,7,True,True,True,True,True,True,True,False,False,False,False,False,False
208226,True,True,7,True,True,True,True,True,True,True,False,False,False,False,False,False
208327,True,True,7,True,True,True,True,True,True,True,False,False,False,False,False,False
208428,True,True,4,False,False,False,True,True,True,True,False,False,False,False,False,False
208630,True,True,5,False,True,False,True,True,True,True,False,False,False,False,False,False
209127,True,True,7,True,True,True,True,True,True,True,False,False,False,False,False,False
209228,True,True,13,True,True,True,True,True,True,True,True,True,True,True,True,True
209329,True,True,7,True,True,True,True,True,True,True,False,False,False,False,False,False
209531,False,True,3,True,True,True,False,False,False,False,False,False,False,False,False,False
209834,True,True,7,True,True,True,True,True,True,True,False,False,False,False,False,False
209935,True,True,7,True,True,True,True,True,True,True,False,False,False,False,False,False
210011,True,True,7,True,True,True,True,True,True,True,False,False,False,False,False,False
210112,True,True,7,True,True,True,True,True,True,True,False,False,False,False,False,False
210415,True,True,7,True,True,True,True,True,True,True,False,False,False,False,False,False
210617,True,True,7,True,True,True,True,True,True,True,False,False,False,False,False,False
211114,True,True,7,True,True,True,True,True,True,True,False,False,False,False,False,False
211215,True,True,7,True,True,True,True,True,True,True,False,False,False,False,False,False
211316,True,True,7,True,True,True,True,True,True,True,False,False,False,False,False,False
211417,True,True,7,True,True,True,True,True,True,True,False,False,False,False,False,False
211619,True,True,7,True,True,True,True,True,True,True,False,False,False,False,False,False
211720,True,True,7,True,True,True,True,True,True,True,False,False,False,False,False,False
211821,True,True,7,True,True,True,True,True,True,True,False,False,False,False,False,False
211922,True,True,7,True,True,True,True,True,True,True,False,False,False,False,False,False
212015,True,True,7,True,True,True,True,True,True,True,False,False,False,False,False,False
212116,True,True,7,True,True,True,True,True,True,True,False,False,False,False,False,False
212217,True,True,7,True,True,True,True,True,True,True,False,False,False,False,False,False
212318,True,True,7,True,True,True,True,True,True,True,False,False,False,False,False,False
212419,True,True,13,True,True,True,True,True,True,True,True,True,True,True,True,True
212823,True,True,7,True,True,True,True,True,True,True,False,False,False,False,False,False
213017,True,True,7,True,True,True,True,True,True,True,False,False,False,False,False,False
213421,True,True,7,True,True,True,True,True,True,True,False,False,False,False,False,False
213522,True,True,7,True,True,True,True,True,True,True,False,False,False,False,False,False
214019,True,True,13,True,True,True,True,True,True,True,True,True,True,True,True,True
214221,True,True,7,True,True,True,True,True,True,True,False,False,False,False,False,False
214423,True,True,7,True,True,True,True,True,True,True,False,False,False,False,False,False
214524,True,True,13,True,True,True,True,True,True,True,True,True,True,True,True,True
214625,True,True,6,False,True,True,True,True,True,True,False,False,False,False,False,False
214726,True,True,7,True,True,True,True,True,True,True,False,False,False,False,False,False
217126,True,True,7,True,True,True,True,True,True,True,False,False,False,False,False,False
217429,True,True,7,True,True,True,True,True,True,True,False,False,False,False,False,False
219231,True,True,7,True,True,True,True,True,True,True,False,False,False,False,False,False
220721,True,True,7,True,True,True,True,True,True,True,False,False,False,False,False,False
221218,False,True,3,True,True,True,False,False,False,False,False,False,False,False,False,False
221319,True,True,13,True,True,True,True,True,True,True,True,True,True,True,True,True
223929,True,True,7,True,True,True,True,True,True,True,False,False,False,False,False,False
224022,True,True,7,True,True,True,True,True,True,True,False,False,False,False,False,False
227432,True,True,7,True,True,True,True,True,True,True,False,False,False,False,False,False
227533,True,True,7,True,True,True,True,True,True,True,False,False,False,False,False,False
228434,True,True,7,True,True,True,True,True,True,True,False,False,False,False,False,False
231928,True,True,7,True,True,True,True,True,True,True,False,False,False,False,False,False
233326,True,True,13,True,True,True,True,True,True,True,True,True,True,True,True,True
236130,True,True,7,True,True,True,True,True,True,True,False,False,False,False,False,False
237334,True,True,7,True,True,True,True,True,True,True,False,False,False,False,False,False
238033,True,True,7,True,True,True,True,True,True,True,False,False,False,False,False,False
239136,False,True,13,True,True,True,True,True,True,True,True,True,True,True,True,True
239944,True,True,7,True,True,True,True,True,True,True,False,False,False,False,False,False
245333,True,True,7,True,True,True,True,True,True,True,False,False,False,False,False,False
246133,True,True,13,True,True,True,True,True,True,True,True,True,True,True,True,True
248238,True,True,7,True,True,True,True,True,True,True,False,False,False,False,False,False
248339,True,True,7,True,True,True,True,True,True,True,False,False,False,False,False,False
249947,True,True,13,True,True,True,True,True,True,True,True,True,True,True,True,True
250427,True,True,7,True,True,True,True,True,True,True,False,False,False,False,False,False
250932,True,True,7,True,True,True,True,True,True,True,False,False,False,False,False,False
251833,True,True,13,True,True,True,True,True,True,True,True,True,True,True,True,True
255639,True,True,7,True,True,True,True,True,True,True,False,False,False,False,False,False
255740,True,True,7,True,True,True,True,True,True,True,False,False,False,False,False,False
256540,True,True,7,True,True,True,True,True,True,True,False,False,False,False,False,False
257542,True,True,7,True,True,True,True,True,True,True,False,False,False,False,False,False
257845,True,True,13,True,True,True,True,True,True,True,True,True,True,True,True,True
257946,True,True,7,True,True,True,True,True,True,True,False,False,False,False,False,False
263436,True,True,13,True,True,True,True,True,True,True,True,True,True,True,True,True
268749,True,True,7,True,True,True,True,True,True,True,False,False,False,False,False,False
268850,True,True,7,True,True,True,True,True,True,True,False,False,False,False,False,False
270332,True,True,7,True,True,True,True,True,True,True,False,False,False,False,False,False
274542,True,True,7,True,True,True,True,True,True,True,False,False,False,False,False,False
275645,True,True,7,True,True,True,True,True,True,True,False,False,False,False,False,False
280739,True,True,7,True,True,True,True,True,True,True,False,False,False,False,False,False
280941,True,True,7,True,True,True,True,True,True,True,False,False,False,False,False,False
281135,True,True,7,True,True,True,True,True,True,True,False,False,False,False,False,False
283543,True,True,13,True,True,True,True,True,True,True,True,True,True,True,True,True
284646,True,True,7,True,True,True,True,True,True,True,False,False,False,False,False,False
285345,True,True,7,True,True,True,True,True,True,True,False,False,False,False,False,False
285446,True,True,7,True,True,True,True,True,True,True,False,False,False,False,False,False
286347,True,True,7,True,True,True,True,True,True,True,False,False,False,False,False,False
286650,True,True,7,True,True,True,True,True,True,True,False,False,False,False,False,False
287248,True,True,7,True,True,True,True,True,True,True,False,False,False,False,False,False
289555,True,True,7,True,True,True,True,True,True,True,False,False,False,False,False,False
290136,True,True,7,True,True,True,True,True,True,True,False,False,False,False,False,False
293748,True,True,7,True,True,True,True,True,True,True,False,False,False,False,False,False
295146,True,True,7,True,True,True,True,True,True,True,False,False,False,False,False,False
297655,True,True,7,True,True,True,True,True,True,True,False,False,False,False,False,False
298051,True,True,7,True,True,True,True,True,True,True,False,False,False,False,False,False
298455,True,True,7,True,True,True,True,True,True,True,False,False,False,False,False,False
299154,True,True,7,True,True,True,True,True,True,True,False,False,False,False,False,False
299760,True,True,7,True,True,True,True,True,True,True,False,False,False,False,False,False
300618,True,True,7,True,True,True,True,True,True,True,False,False,False,False,False,False
300719,True,True,7,True,True,True,True,True,True,True,False,False,False,False,False,False
303119,True,True,7,True,True,True,True,True,True,True,False,False,False,False,False,False
303624,True,True,7,True,True,True,True,True,True,True,False,False,False,False,False,False
304020,True,True,7,True,True,True,True,True,True,True,False,False,False,False,False,False
304727,True,True,7,True,True,True,True,True,True,True,False,False,False,False,False,False
305830,True,True,7,True,True,True,True,True,True,True,False,False,False,False,False,False
307127,True,True,7,True,True,True,True,True,True,True,False,False,False,False,False,False
308129,True,True,7,True,True,True,True,True,True,True,False,False,False,False,False,False
308331,True,True,7,True,True,True,True,True,True,True,False,False,False,False,False,False
309636,True,True,7,True,True,True,True,True,True,True,False,False,False,False,False,False
310621,True,True,7,True,True,True,True,True,True,True,False,False,False,False,False,False
311320,True,True,7,True,True,True,True,True,True,True,False,False,False,False,False,False
314225,True,True,7,True,True,True,True,True,True,True,False,False,False,False,False,False
316633,True,True,7,True,True,True,True,True,True,True,False,False,False,False,False,False
316835,True,True,7,True,True,True,True,True,True,True,False,False,False,False,False,False
317332,True,True,7,True,True,True,True,True,True,True,False,False,False,False,False,False
318637,True,True,13,True,True,True,True,True,True,True,True,True,True,True,True,True
320826,True,True,13,True,True,True,True,True,True,True,True,True,True,True,True,True
321323,True,True,7,True,True,True,True,True,True,True,False,False,False,False,False,False
322224,True,True,7,True,True,True,True,True,True,True,False,False,False,False,False,False
325129,True,True,7,True,True,True,True,True,True,True,False,False,False,False,False,False
329440,True,True,7,True,True,True,True,True,True,True,False,False,False,False,False,False
329844,True,True,7,True,True,True,True,True,True,True,False,False,False,False,False,False
330324,True,True,13,True,True,True,True,True,True,True,True,True,True,True,True,True
333330,True,True,7,True,True,True,True,True,True,True,False,False,False,False,False,False
334635,True,True,7,True,True,True,True,True,True,True,False,False,False,False,False,False
336841,True,True,7,True,True,True,True,True,True,True,False,False,False,False,False,False
339847,True,True,7,True,True,True,True,True,True,True,False,False,False,False,False,False
341834,True,True,7,True,True,True,True,True,True,True,False,False,False,False,False,False
342129,True,True,7,True,True,True,True,True,True,True,False,False,False,False,False,False
346137,True,True,13,True,True,True,True,True,True,True,True,True,True,True,True,True
346945,True,True,7,True,True,True,True,True,True,True,False,False,False,False,False,False
348545,True,True,7,True,True,True,True,True,True,True,False,False,False,False,False,False
349244,True,True,7,True,True,True,True,True,True,True,False,False,False,False,False,False
350330,True,True,7,True,True,True,True,True,True,True,False,False,False,False,False,False
351938,True,True,7,True,True,True,True,True,True,True,False,False,False,False,False,False
352132,True,True,7,True,True,True,True,True,True,True,False,False,False,False,False,False
352738,True,True,13,True,True,True,True,True,True,True,True,True,True,True,True,True
353740,True,True,7,True,True,True,True,True,True,True,False,False,False,False,False,False
355239,True,True,7,True,True,True,True,True,True,True,False,False,False,False,False,False
355542,False,False,0,False,False,False,False,False,False,False,False,False,False,False,False,False
355845,False,False,0,False,False,False,False,False,False,False,False,False,False,False,False,False
356948,True,True,7,True,True,True,True,True,True,True,False,False,False,False,False,False
358144,True,True,7,True,True,True,True,True,True,True,False,False,False,False,False,False
360030,True,True,13,True,True,True,True,True,True,True,True,True,True,True,True,True
361234,True,True,7,True,True,True,True,True,True,True,False,False,False,False,False,False
361941,True,True,7,True,True,True,True,True,True,True,False,False,False,False,False,False
362034,True,True,3,True,True,True,False,False,False,False,False,False,False,False,False,False
365343,True,True,13,True,True,True,True,True,True,True,True,True,True,True,True,True
366042,True,True,7,True,True,True,True,True,True,True,False,False,False,False,False,False
366446,True,True,7,True,True,True,True,True,True,True,False,False,False,False,False,False
368551,True,True,7,True,True,True,True,True,True,True,False,False,False,False,False,False
368753,True,True,7,True,True,True,True,True,True,True,False,False,False,False,False,False
371843,True,True,7,True,True,True,True,True,True,True,False,False,False,False,False,False
376247,True,True,7,True,True,True,True,True,True,True,False,False,False,False,False,False
377451,True,True,7,True,True,True,True,True,True,True,False,False,False,False,False,False
378756,True,True,7,True,True,True,True,True,True,True,False,False,False,False,False,False
378857,True,True,7,True,True,True,True,True,True,True,False,False,False,False,False,False
379657,True,True,7,True,True,True,True,True,True,True,False,False,False,False,False,False
380036,True,True,13,True,True,True,True,True,True,True,True,True,True,True,True,True
381038,True,True,13,True,True,True,True,True,True,True,True,True,True,True,True,True
381543,True,True,7,True,True,True,True,True,True,True,False,False,False,False,False,False
382242,True,True,7,True,True,True,True,True,True,True,False,False,False,False,False,False
385046,True,True,13,True,True,True,True,True,True,True,True,True,True,True,True,True
385450,True,True,7,True,True,True,True,True,True,True,False,False,False,False,False,False
386250,True,True,7,True,True,True,True,True,True,True,False,False,False,False,False,False
387959,True,True,7,True,True,True,True,True,True,True,False,False,False,False,False,False
389357,True,True,13,True,True,True,True,True,True,True,True,True,True,True,True,True
390645,True,True,7,True,True,True,True,True,True,True,False,False,False,False,False,False
391748,True,True,7,True,True,True,True,True,True,True,False,False,False,False,False,False
392447,True,True,7,True,True,True,True,True,True,True,False,False,False,False,False,False
392750,True,True,7,True,True,True,True,True,True,True,False,False,False,False,False,False
393247,True,True,13,True,True,True,True,True,True,True,True,True,True,True,True,True
393550,True,True,7,True,True,True,True,True,True,True,False,False,False,False,False,False
394956,True,True,7,True,True,True,True,True,True,True,False,False,False,False,False,False
395251,True,True,7,True,True,True,True,True,True,True,False,False,False,False,False,False
395756,True,True,13,True,True,True,True,True,True,True,True,True,True,True,True,True
395958,True,True,7,True,True,True,True,True,True,True,False,False,False,False,False,False
397154,True,True,7,True,True,True,True,True,True,True,False,False,False,False,False,False
397760,True,True,13,True,True,True,True,True,True,True,True,True,True,True,True,True
397861,True,True,7,True,True,True,True,True,True,True,False,False,False,False,False,False
401422,True,True,13,True,True,True,True,True,True,True,True,True,True,True,True,True
406432,True,True,7,True,True,True,True,True,True,True,False,False,False,False,False,False
406836,True,True,13,True,True,True,True,True,True,True,True,True,True,True,True,True
412528,True,True,13,True,True,True,True,True,True,True,True,True,True,True,True,True
413934,True,True,7,True,True,True,True,True,True,True,False,False,False,False,False,False
414229,True,True,7,True,True,True,True,True,True,True,False,False,False,False,False,False
415837,True,True,7,True,True,True,True,True,True,True,False,False,False,False,False,False
419239,True,True,7,True,True,True,True,True,True,True,False,False,False,False,False,False
421226,True,True,7,True,True,True,True,True,True,True,False,False,False,False,False,False
422632,True,True,7,True,True,True,True,True,True,True,False,False,False,False,False,False
424939,True,True,7,True,True,True,True,True,True,True,False,False,False,False,False,False
429040,True,True,13,True,True,True,True,True,True,True,True,True,True,True,True,True
432332,True,True,7,True,True,True,True,True,True,True,False,False,False,False,False,False
433839,True,True,7,True,True,True,True,True,True,True,False,False,False,False,False,False
436239,True,True,7,True,True,True,True,True,True,True,False,False,False,False,False,False
436845,True,True,13,True,True,True,True,True,True,True,True,True,True,True,True,True
441939,True,True,7,True,True,True,True,True,True,True,False,False,False,False,False,False
445543,True,True,7,True,True,True,True,True,True,True,False,False,False,False,False,False
448347,True,True,7,True,True,True,True,True,True,True,False,False,False,False,False,False
449753,True,True,7,True,True,True,True,True,True,True,False,False,False,False,False,False
453441,True,True,7,True,True,True,True,True,True,True,False,False,False,False,False,False
453542,True,True,7,True,True,True,True,True,True,True,False,False,False,False,False,False
454140,True,True,7,True,True,True,True,True,True,True,False,False,False,False,False,False
456346,True,True,7,True,True,True,True,True,True,True,False,False,False,False,False,False
459453,True,True,7,True,True,True,True,True,True,True,False,False,False,False,False,False
461743,True,True,7,True,True,True,True,True,True,True,False,False,False,False,False,False
462139,True,True,7,True,True,True,True,True,True,True,False,False,False,False,False,False
463040,True,True,13,True,True,True,True,True,True,True,True,True,True,True,True,True
465852,True,True,7,True,True,True,True,True,True,True,False,False,False,False,False,False
467351,True,True,13,True,True,True,True,True,True,True,True,True,True,True,True,True
468050,True,True,7,True,True,True,True,True,True,True,False,False,False,False,False,False
469961,True,True,7,True,True,True,True,True,True,True,False,False,False,False,False,False
473952,True,True,8,True,True,True,True,True,True,True,True,False,False,False,False,False
475855,True,True,7,True,True,True,True,True,True,True,False,False,False,False,False,False
479762,True,True,7,True,True,True,True,True,True,True,False,False,False,False,False,False
480141,True,True,7,True,True,True,True,True,True,True,False,False,False,False,False,False
481042,True,True,7,True,True,True,True,True,True,True,False,False,False,False,False,False
481951,True,True,7,True,True,True,True,True,True,True,False,False,False,False,False,False
485757,True,True,7,True,True,True,True,True,True,True,False,False,False,False,False,False
486759,True,True,7,True,True,True,True,True,True,True,False,False,False,False,False,False
492754,True,True,7,True,True,True,True,True,True,True,False,False,False,False,False,False
495255,True,True,7,True,True,True,True,True,True,True,False,False,False,False,False,False
497865,True,True,7,True,True,True,True,True,True,True,False,False,False,False,False,False
499566,True,True,7,True,True,True,True,True,True,True,False,False,False,False,False,False
500222,True,True,7,True,True,True,True,True,True,True,False,False,False,False,False,False
506234,True,True,7,True,True,True,True,True,True,True,False,False,False,False,False,False
510225,True,True,7,True,True,True,True,True,True,True,False,False,False,False,False,False
510326,True,True,7,True,True,True,True,True,True,True,False,False,False,False,False,False
512835,True,True,7,True,True,True,True,True,True,True,False,False,False,False,False,False
513130,True,True,7,True,True,True,True,True,True,True,False,False,False,False,False,False
513736,True,True,7,True,True,True,True,True,True,True,False,False,False,False,False,False
516742,True,True,7,True,True,True,True,True,True,True,False,False,False,False,False,False
517239,True,True,7,True,True,True,True,True,True,True,False,False,False,False,False,False
518746,True,True,7,True,True,True,True,True,True,True,False,False,False,False,False,False
519647,True,True,7,True,True,True,True,True,True,True,False,False,False,False,False,False
519950,True,True,7,True,True,True,True,True,True,True,False,False,False,False,False,False
520228,True,True,7,True,True,True,True,True,True,True,False,False,False,False,False,False
521331,True,True,3,True,True,True,False,False,False,False,False,False,False,False,False,False
522434,True,True,7,True,True,True,True,True,True,True,False,False,False,False,False,False
523032,True,True,7,True,True,True,True,True,True,True,False,False,False,False,False,False
524135,True,True,7,True,True,True,True,True,True,True,False,False,False,False,False,False
525541,True,True,13,True,True,True,True,True,True,True,True,True,True,True,True,True
529549,True,True,7,True,True,True,True,True,True,True,False,False,False,False,False,False
529953,True,True,7,True,True,True,True,True,True,True,False,False,False,False,False,False
530635,True,True,7,True,True,True,True,True,True,True,False,False,False,False,False,False
531536,True,True,7,True,True,True,True,True,True,True,False,False,False,False,False,False
531940,True,True,5,False,True,False,True,True,True,True,False,False,False,False,False,False
536647,True,True,13,True,True,True,True,True,True,True,True,True,True,True,True,True
540436,True,True,7,True,True,True,True,True,True,True,False,False,False,False,False,False
541640,True,True,7,True,True,True,True,True,True,True,False,False,False,False,False,False
541943,True,True,13,True,True,True,True,True,True,True,True,True,True,True,True,True
545345,True,True,7,True,True,True,True,True,True,True,False,False,False,False,False,False
547046,True,True,13,True,True,True,True,True,True,True,True,True,True,True,True,True
548250,True,True,7,True,True,True,True,True,True,True,False,False,False,False,False,False
549757,True,True,3,True,True,True,False,False,False,False,False,False,False,False,False,False
550439,True,True,13,True,True,True,True,True,True,True,True,True,True,True,True,True
552241,True,True,13,True,True,True,True,True,True,True,True,True,True,True,True,True
552544,False,True,7,True,True,True,True,True,True,True,False,False,False,False,False,False
553344,True,True,7,True,True,True,True,True,True,True,False,False,False,False,False,False
555348,True,True,7,True,True,True,True,True,True,True,False,False,False,False,False,False
555651,True,True,7,True,True,True,True,True,True,True,False,False,False,False,False,False
555954,True,True,7,True,True,True,True,True,True,True,False,False,False,False,False,False
557857,True,True,7,True,True,True,True,True,True,True,False,False,False,False,False,False
558657,True,True,7,True,True,True,True,True,True,True,False,False,False,False,False,False
558960,True,True,7,True,True,True,True,True,True,True,False,False,False,False,False,False
559053,True,True,7,True,True,True,True,True,True,True,False,False,False,False,False,False
559457,True,True,7,True,True,True,True,True,True,True,False,False,False,False,False,False
561242,True,True,7,True,True,True,True,True,True,True,False,False,False,False,False,False
561444,True,True,7,True,True,True,True,True,True,True,False,False,False,False,False,False
561949,True,True,7,True,True,True,True,True,True,True,False,False,False,False,False,False
562345,True,True,13,True,True,True,True,True,True,True,True,True,True,True,True,True
562446,True,True,7,True,True,True,True,True,True,True,False,False,False,False,False,False
565452,True,True,7,True,True,True,True,True,True,True,False,False,False,False,False,False
566454,True,True,7,True,True,True,True,True,True,True,False,False,False,False,False,False
567052,True,True,7,True,True,True,True,True,True,True,False,False,False,False,False,False
567759,True,True,7,True,True,True,True,True,True,True,False,False,False,False,False,False
567961,True,True,7,True,True,True,True,True,True,True,False,False,False,False,False,False
568963,True,True,7,True,True,True,True,True,True,True,False,False,False,False,False,False
569965,True,True,7,True,True,True,True,True,True,True,False,False,False,False,False,False
570243,True,True,7,True,True,True,True,True,True,True,False,False,False,False,False,False
571144,True,True,7,True,True,True,True,True,True,True,False,False,False,False,False,False
571548,True,True,4,False,False,False,True,True,True,True,False,False,False,False,False,False
572045,True,True,13,True,True,True,True,True,True,True,True,True,True,True,True,True
573249,True,True,13,True,True,True,True,True,True,True,True,True,True,True,True,True
573451,True,True,7,True,True,True,True,True,True,True,False,False,False,False,False,False
576255,True,True,7,True,True,True,True,True,True,True,False,False,False,False,False,False
578057,True,True,7,True,True,True,True,True,True,True,False,False,False,False,False,False
578158,True,True,4,True,True,True,True,False,False,False,False,False,False,False,False,False
579665,True,True,7,True,True,True,True,True,True,True,False,False,False,False,False,False
579867,True,True,7,True,True,True,True,True,True,True,False,False,False,False,False,False
580044,True,True,7,True,True,True,True,True,True,True,False,False,False,False,False,False
580347,True,True,7,True,True,True,True,True,True,True,False,False,False,False,False,False
580650,True,True,7,True,True,True,True,True,True,True,False,False,False,False,False,False
580751,True,True,7,True,True,True,True,True,True,True,False,False,False,False,False,False
581349,True,True,7,True,True,True,True,True,True,True,False,False,False,False,False,False
581450,True,True,13,True,True,True,True,True,True,True,True,True,True,True,True,True
583858,True,True,7,True,True,True,True,True,True,True,False,False,False,False,False,False
584355,False,False,0,False,False,False,False,False,False,False,False,False,False,False,False,False
585256,True,True,13,True,True,True,True,True,True,True,True,True,True,True,True,True
585862,True,True,7,True,True,True,True,True,True,True,False,False,False,False,False,False
586460,True,True,7,True,True,True,True,True,True,True,False,False,False,False,False,False
587664,True,True,7,True,True,True,True,True,True,True,False,False,False,False,False,False
588565,True,True,7,True,True,True,True,True,True,True,False,False,False,False,False,False
589567,True,True,7,True,True,True,True,True,True,True,False,False,False,False,False,False
590047,True,True,7,True,True,True,True,True,True,True,False,False,False,False,False,False
592455,True,True,7,True,True,True,True,True,True,True,False,False,False,False,False,False
594156,True,True,7,True,True,True,True,True,True,True,False,False,False,False,False,False
597869,True,True,7,True,True,True,True,True,True,True,False,False,False,False,False,False
598568,True,True,7,True,True,True,True,True,True,True,False,False,False,False,False,False
599065,True,True,7,True,True,True,True,True,True,True,False,False,False,False,False,False
599469,True,True,7,True,True,True,True,True,True,True,False,False,False,False,False,False
599671,True,True,7,True,True,True,True,True,True,True,False,False,False,False,False,False
601127,True,True,13,True,True,True,True,True,True,True,True,True,True,True,True,True
604537,True,True,7,True,True,True,True,True,True,True,False,False,False,False,False,False
609143,True,True,7,True,True,True,True,True,True,True,False,False,False,False,False,False
611231,False,False,0,False,False,False,False,False,False,False,False,False,False,False,False,False
611938,True,True,7,True,True,True,True,True,True,True,False,False,False,False,False,False
613235,False,True,3,True,True,True,False,False,False,False,False,False,False,False,False,False
613538,True,True,7,True,True,True,True,True,True,True,False,False,False,False,False,False
614439,True,True,7,True,True,True,True,True,True,True,False,False,False,False,False,False
615441,True,True,6,True,True,True,True,True,False,True,False,False,False,False,False,False
615744,True,True,7,True,True,True,True,True,True,True,False,False,False,False,False,False
616645,True,True,7,True,True,True,True,True,True,True,False,False,False,False,False,False
617748,True,True,13,True,True,True,True,True,True,True,True,True,True,True,True,True
618952,True,True,7,True,True,True,True,True,True,True,False,False,False,False,False,False
620434,True,True,7,True,True,True,True,True,True,True,False,False,False,False,False,False
622236,True,True,7,True,True,True,True,True,True,True,False,False,False,False,False,False
623137,False,True,3,True,True,True,False,False,False,False,False,False,False,False,False,False
623844,True,True,7,True,True,True,True,True,True,True,False,False,False,False,False,False
626648,True,True,7,True,True,True,True,True,True,True,False,False,False,False,False,False
627549,True,True,13,True,True,True,True,True,True,True,True,True,True,True,True,True
627852,True,True,7,True,True,True,True,True,True,True,False,False,False,False,False,False
628248,True,True,7,True,True,True,True,True,True,True,False,False,False,False,False,False
633847,True,True,7,True,True,True,True,True,True,True,False,False,False,False,False,False
634748,True,True,7,True,True,True,True,True,True,True,False,False,False,False,False,False
635245,True,True,7,True,True,True,True,True,True,True,False,False,False,False,False,False
638049,True,True,13,True,True,True,True,True,True,True,True,True,True,True,True,True
644044,True,True,7,True,True,True,True,True,True,True,False,False,False,False,False,False
644246,True,True,13,True,True,True,True,True,True,True,True,True,True,True,True,True
645450,True,True,7,True,True,True,True,True,True,True,False,False,False,False,False,False
645551,True,True,7,True,True,True,True,True,True,True,False,False,False,False,False,False
647858,True,True,7,True,True,True,True,True,True,True,False,False,False,False,False,False
650746,False,False,2,False,True,True,False,False,False,False,False,False,False,False,False,False
654350,True,True,7,True,True,True,True,True,True,True,False,False,False,False,False,False
654552,True,True,13,True,True,True,True,True,True,True,True,True,True,True,True,True
654754,True,True,7,True,True,True,True,True,True,True,False,False,False,False,False,False
656253,True,True,7,True,True,True,True,True,True,True,False,False,False,False,False,False
656657,True,True,7,True,True,True,True,True,True,True,False,False,False,False,False,False
657659,True,True,7,True,True,True,True,True,True,True,False,False,False,False,False,False
660951,True,True,7,True,True,True,True,True,True,True,False,False,False,False,False,False
662551,False,True,7,True,True,True,True,True,True,True,False,False,False,False,False,False
663755,True,True,7,True,True,True,True,True,True,True,False,False,False,False,False,False
664757,True,True,7,True,True,True,True,True,True,True,False,False,False,False,False,False
665254,True,True,7,True,True,True,True,True,True,True,False,False,False,False,False,False
667056,True,True,7,True,True,True,True,True,True,True,False,False,False,False,False,False
668361,True,True,7,True,True,True,True,True,True,True,False,False,False,False,False,False
671855,True,True,13,True,True,True,True,True,True,True,True,True,True,True,True,True
672756,True,True,7,True,True,True,True,True,True,True,False,False,False,False,False,False
673455,True,True,7,True,True,True,True,True,True,True,False,False,False,False,False,False
675661,True,True,7,True,True,True,True,True,True,True,False,False,False,False,False,False
677766,True,True,7,True,True,True,True,True,True,True,False,False,False,False,False,False
677968,True,True,7,True,True,True,True,True,True,True,False,False,False,False,False,False
679568,True,True,7,True,True,True,True,True,True,True,False,False,False,False,False,False
679770,True,True,7,True,True,True,True,True,True,True,False,False,False,False,False,False
680250,True,True,7,True,True,True,True,True,True,True,False,False,False,False,False,False
680452,True,True,7,True,True,True,True,True,True,True,False,False,False,False,False,False
680957,True,True,13,True,True,True,True,True,True,True,True,True,True,True,True,True
683256,True,True,7,True,True,True,True,True,True,True,False,False,False,False,False,False
685058,True,True,7,True,True,True,True,True,True,True,False,False,False,False,False,False
686969,True,True,7,True,True,True,True,True,True,True,False,False,False,False,False,False
687163,True,True,7,True,True,True,True,True,True,True,False,False,False,False,False,False
688569,True,True,7,True,True,True,True,True,True,True,False,False,False,False,False,False
689470,False,True,7,True,True,True,True,True,True,True,False,False,False,False,False,False
690152,True,True,13,True,True,True,True,True,True,True,True,True,True,True,True,True
692964,True,True,7,True,True,True,True,True,True,True,False,False,False,False,False,False
693461,True,True,3,True,True,True,False,False,False,False,False,False,False,False,False,False
693764,True,True,7,True,True,True,True,True,True,True,False,False,False,False,False,False
694362,True,True,7,True,True,True,True,True,True,True,False,False,False,False,False,False
695768,True,True,7,True,True,True,True,True,True,True,False,False,False,False,False,False
698168,True,True,7,True,True,True,True,True,True,True,False,False,False,False,False,False
700634,True,True,7,True,True,True,True,True,True,True,False,False,False,False,False,False
701535,True,True,7,True,True,True,True,True,True,True,False,False,False,False,False,False
702133,True,True,7,True,True,True,True,True,True,True,False,False,False,False,False,False
704238,True,True,7,True,True,True,True,True,True,True,False,False,False,False,False,False
705341,True,True,7,True,True,True,True,True,True,True,False,False,False,False,False,False
706040,True,True,9,True,True,True,False,False,False,False,True,True,True,True,True,True
707749,True,True,7,True,True,True,True,True,True,True,False,False,False,False,False,False
709551,True,True,7,True,True,True,True,True,True,True,False,False,False,False,False,False
713239,True,True,7,True,True,True,True,True,True,True,False,False,False,False,False,False
715041,True,True,7,True,True,True,True,True,True,True,False,False,False,False,False,False
715647,True,True,7,True,True,True,True,True,True,True,False,False,False,False,False,False
715950,True,True,7,True,True,True,True,True,True,True,False,False,False,False,False,False
720337,True,True,7,True,True,True,True,True,True,True,False,False,False,False,False,False
723141,True,True,7,True,True,True,True,True,True,True,False,False,False,False,False,False
724446,True,True,13,True,True,True,True,True,True,True,True,True,True,True,True,True
725751,True,True,13,True,True,True,True,True,True,True,True,True,True,True,True,True
727553,True,True,7,True,True,True,True,True,True,True,False,False,False,False,False,False
727654,True,True,7,True,True,True,True,True,True,True,False,False,False,False,False,False
728454,True,True,7,True,True,True,True,True,True,True,False,False,False,False,False,False
729254,True,True,7,True,True,True,True,True,True,True,False,False,False,False,False,False
729557,True,True,7,True,True,True,True,True,True,True,False,False,False,False,False,False
731140,True,True,7,True,True,True,True,True,True,True,False,False,False,False,False,False
732243,True,True,13,True,True,True,True,True,True,True,True,True,True,True,True,True
733548,False,False,0,False,False,False,False,False,False,False,False,False,False,False,False,False
734045,True,True,7,True,True,True,True,True,True,True,False,False,False,False,False,False
734247,False,True,3,True,True,True,False,False,False,False,False,False,False,False,False,False
735148,True,True,7,True,True,True,True,True,True,True,False,False,False,False,False,False
737960,True,True,7,True,True,True,True,True,True,True,False,False,False,False,False,False
742549,True,True,7,True,True,True,True,True,True,True,False,False,False,False,False,False
744553,True,True,7,True,True,True,True,True,True,True,False,False,False,False,False,False
745555,False,True,6,False,False,False,False,False,False,False,True,True,True,True,True,True
748258,True,True,7,True,True,True,True,True,True,True,False,False,False,False,False,False
748662,True,True,7,True,True,True,True,True,True,True,False,False,False,False,False,False
749058,True,True,7,True,True,True,True,True,True,True,False,False,False,False,False,False
749361,True,True,7,True,True,True,True,True,True,True,False,False,False,False,False,False
751348,True,True,7,True,True,True,True,True,True,True,False,False,False,False,False,False
751550,True,True,13,True,True,True,True,True,True,True,True,True,True,True,True,True
753150,True,True,7,True,True,True,True,True,True,True,False,False,False,False,False,False
753251,True,True,7,True,True,True,True,True,True,True,False,False,False,False,False,False
756055,True,True,7,True,True,True,True,True,True,True,False,False,False,False,False,False
757764,True,True,13,True,True,True,True,True,True,True,True,True,True,True,True,True
759869,True,True,7,True,True,True,True,True,True,True,False,False,False,False,False,False
760551,True,True,3,True,True,True,False,False,False,False,False,False,False,False,False,False
761957,True,True,7,True,True,True,True,True,True,True,False,False,False,False,False,False
763557,True,True,7,True,True,True,True,True,True,True,False,False,False,False,False,False
765056,True,True,7,True,True,True,True,True,True,True,False,False,False,False,False,False
765864,True,True,13,True,True,True,True,True,True,True,True,True,True,True,True,True
766563,True,True,3,True,True,True,False,False,False,False,False,False,False,False,False,False
767464,True,True,7,True,True,True,True,True,True,True,False,False,False,False,False,False
769064,True,True,7,True,True,True,True,True,True,True,False,False,False,False,False,False
770352,True,True,13,True,True,True,True,True,True,True,True,True,True,True,True,True
771354,True,True,13,True,True,True,True,True,True,True,True,True,True,True,True,True
773257,True,True,7,True,True,True,True,True,True,True,False,False,False,False,False,False
774663,True,True,7,True,True,True,True,True,True,True,False,False,False,False,False,False
779370,True,True,7,True,True,True,True,True,True,True,False,False,False,False,False,False
782157,False,False,0,False,False,False,False,False,False,False,False,False,False,False,False,False
782561,True,True,13,True,True,True,True,True,True,True,True,True,True,True,True,True
783462,True,True,13,True,True,True,True,True,True,True,True,True,True,True,True,True
784565,True,True,7,True,True,True,True,True,True,True,False,False,False,False,False,False
786569,True,True,7,True,True,True,True,True,True,True,False,False,False,False,False,False
788674,True,True,7,True,True,True,True,True,True,True,False,False,False,False,False,False
788876,True,True,7,True,True,True,True,True,True,True,False,False,False,False,False,False
789373,True,True,13,True,True,True,True,True,True,True,True,True,True,True,True,True
792564,True,True,7,True,True,True,True,True,True,True,False,False,False,False,False,False
792766,True,True,7,True,True,True,True,True,True,True,False,False,False,False,False,False
792867,True,True,7,True,True,True,True,True,True,True,False,False,False,False,False,False
793465,True,True,7,True,True,True,True,True,True,True,False,False,False,False,False,False
800941,True,True,7,True,True,True,True,True,True,True,False,False,False,False,False,False
802844,True,True,7,True,True,True,True,True,True,True,False,False,False,False,False,False
803240,True,True,7,True,True,True,True,True,True,True,False,False,False,False,False,False
804646,True,True,3,True,True,True,False,False,False,False,False,False,False,False,False,False
809252,True,True,7,True,True,True,True,True,True,True,False,False,False,False,False,False
810439,True,True,3,True,True,True,False,False,False,False,False,False,False,False,False,False
810843,True,True,7,True,True,True,True,True,True,True,False,False,False,False,False,False
812746,True,True,7,True,True,True,True,True,True,True,False,False,False,False,False,False
814548,True,True,7,True,True,True,True,True,True,True,False,False,False,False,False,False
814649,True,True,13,True,True,True,True,True,True,True,True,True,True,True,True,True
815247,True,True,7,True,True,True,True,True,True,True,False,False,False,False,False,False
816653,True,True,7,True,True,True,True,True,True,True,False,False,False,False,False,False
818455,True,True,7,True,True,True,True,True,True,True,False,False,False,False,False,False
818859,True,True,13,True,True,True,True,True,True,True,True,True,True,True,True,True
820745,True,True,7,True,True,True,True,True,True,True,False,False,False,False,False,False
822244,False,True,3,True,True,True,False,False,False,False,False,False,False,False,False,False
825048,True,True,13,True,True,True,True,True,True,True,True,True,True,True,True,True
825553,True,True,7,True,True,True,True,True,True,True,False,False,False,False,False,False
825654,True,True,7,True,True,True,True,True,True,True,False,False,False,False,False,False
826353,True,True,13,True,True,True,True,True,True,True,True,True,True,True,True,True
826454,True,True,7,True,True,True,True,True,True,True,False,False,False,False,False,False
827052,True,True,7,True,True,True,True,True,True,True,False,False,False,False,False,False
828862,True,True,7,True,True,True,True,True,True,True,False,False,False,False,False,False
832651,True,True,7,True,True,True,True,True,True,True,False,False,False,False,False,False
833148,True,True,7,True,True,True,True,True,True,True,False,False,False,False,False,False
833249,True,True,13,True,True,True,True,True,True,True,True,True,True,True,True,True
835657,True,True,7,True,True,True,True,True,True,True,False,False,False,False,False,False
837560,True,True,7,True,True,True,True,True,True,True,False,False,False,False,False,False
837964,True,True,7,True,True,True,True,True,True,True,False,False,False,False,False,False
841349,True,True,7,True,True,True,True,True,True,True,False,False,False,False,False,False
843151,True,True,7,True,True,True,True,True,True,True,False,False,False,False,False,False
844961,True,True,7,True,True,True,True,True,True,True,False,False,False,False,False,False
845458,True,True,7,True,True,True,True,True,True,True,False,False,False,False,False,False
849264,True,True,7,True,True,True,True,True,True,True,False,False,False,False,False,False
849971,True,True,7,True,True,True,True,True,True,True,False,False,False,False,False,False
852455,True,True,7,True,True,True,True,True,True,True,False,False,False,False,False,False
856463,True,True,7,True,True,True,True,True,True,True,False,False,False,False,False,False
856766,True,True,7,True,True,True,True,True,True,True,False,False,False,False,False,False
856968,True,True,7,True,True,True,True,True,True,True,False,False,False,False,False,False
857263,True,True,7,True,True,True,True,True,True,True,False,False,False,False,False,False
859671,True,True,13,True,True,True,True,True,True,True,True,True,True,True,True,True
861456,True,True,13,True,True,True,True,True,True,True,True,True,True,True,True,True
865363,True,True,7,True,True,True,True,True,True,True,False,False,False,False,False,False
867468,True,True,7,True,True,True,True,True,True,True,False,False,False,False,False,False
869472,True,True,7,True,True,True,True,True,True,True,False,False,False,False,False,False
870861,True,True,7,True,True,True,True,True,True,True,False,False,False,False,False,False
871762,True,True,13,True,True,True,True,True,True,True,True,True,True,True,True,True
871964,True,True,7,True,True,True,True,True,True,True,False,False,False,False,False,False
872158,True,True,7,True,True,True,True,True,True,True,False,False,False,False,False,False
872562,True,True,7,True,True,True,True,True,True,True,False,False,False,False,False,False
872764,True,True,13,True,True,True,True,True,True,True,True,True,True,True,True,True
873968,True,True,7,True,True,True,True,True,True,True,False,False,False,False,False,False
877168,True,True,6,True,True,True,False,True,True,True,False,False,False,False,False,False
877269,True,True,7,True,True,True,True,True,True,True,False,False,False,False,False,False
878776,True,True,13,True,True,True,True,True,True,True,True,True,True,True,True,True
878877,True,True,13,True,True,True,True,True,True,True,True,True,True,True,True,True
880157,True,True,7,True,True,True,True,True,True,True,False,False,False,False,False,False
882161,True,True,7,True,True,True,True,True,True,True,False,False,False,False,False,False
884064,True,True,7,True,True,True,True,True,True,True,False,False,False,False,False,False
885975,True,True,7,True,True,True,True,True,True,True,False,False,False,False,False,False
886674,True,True,7,True,True,True,True,True,True,True,False,False,False,False,False,False
887373,True,True,7,True,True,True,True,True,True,True,False,False,False,False,False,False
888678,True,True,7,True,True,True,True,True,True,True,False,False,False,False,False,False
889579,True,True,7,True,True,True,True,True,True,True,False,False,False,False,False,False
891667,True,True,7,True,True,True,True,True,True,True,False,False,False,False,False,False
894067,True,True,7,True,True,True,True,True,True,True,False,False,False,False,False,False
894673,True,True,7,True,True,True,True,True,True,True,False,False,False,False,False,False
894774,True,True,7,True,True,True,True,True,True,True,False,False,False,False,False,False
896778,True,True,7,True,True,True,True,True,True,True,False,False,False,False,False,False
896879,True,True,7,True,True,True,True,True,True,True,False,False,False,False,False,False
898176,True,True,13,True,True,True,True,True,True,True,True,True,True,True,True,True
899885,True,True,13,True,True,True,True,True,True,True,True,True,True,True,True,True
901038,True,True,7,True,True,True,True,True,True,True,False,False,False,False,False,False
901139,True,True,13,True,True,True,True,True,True,True,True,True,True,True,True,True
901442,True,True,13,True,True,True,True,True,True,True,True,True,True,True,True,True
902242,True,True,7,True,True,True,True,True,True,True,False,False,False,False,False,False
904044,True,True,7,True,True,True,True,True,True,True,False,False,False,False,False,False
905147,True,True,13,True,True,True,True,True,True,True,True,True,True,True,True,True
907656,True,True,7,True,True,True,True,True,True,True,False,False,False,False,False,False
908860,True,True,7,True,True,True,True,True,True,True,False,False,False,False,False,False
910241,True,True,13,True,True,True,True,True,True,True,True,True,True,True,True,True
910443,True,True,7,True,True,True,True,True,True,True,False,False,False,False,False,False
911849,True,True,7,True,True,True,True,True,True,True,False,False,False,False,False,False
912447,True,True,7,True,True,True,True,True,True,True,False,False,False,False,False,False
917255,True,True,7,True,True,True,True,True,True,True,False,False,False,False,False,False
917558,True,True,7,True,True,True,True,True,True,True,False,False,False,False,False,False
919966,True,True,7,True,True,True,True,True,True,True,False,False,False,False,False,False
922854,True,True,7,True,True,True,True,True,True,True,False,False,False,False,False,False
923755,True,True,7,True,True,True,True,True,True,True,False,False,False,False,False,False
926862,True,True,13,True,True,True,True,True,True,True,True,True,True,True,True,True
927359,True,True,13,True,True,True,True,True,True,True,True,True,True,True,True,True
929464,True,True,7,True,True,True,True,True,True,True,False,False,False,False,False,False
930449,True,True,7,True,True,True,True,True,True,True,False,False,False,False,False,False
932554,True,True,7,True,True,True,True,True,True,True,False,False,False,False,False,False
933253,True,True,7,True,True,True,True,True,True,True,False,False,False,False,False,False
937160,True,True,7,True,True,True,True,True,True,True,False,False,False,False,False,False
942658,True,True,13,True,True,True,True,True,True,True,True,True,True,True,True,True
943862,True,True,13,True,True,True,True,True,True,True,True,True,True,True,True,True
947668,True,True,7,True,True,True,True,True,True,True,False,False,False,False,False,False
951457,True,True,13,True,True,True,True,True,True,True,True,True,True,True,True,True
952863,True,True,7,True,True,True,True,True,True,True,False,False,False,False,False,False
953764,False,True,3,True,True,True,False,False,False,False,False,False,False,False,False,False
955465,True,True,7,True,True,True,True,True,True,True,False,False,False,False,False,False
957974,True,True,7,True,True,True,True,True,True,True,False,False,False,False,False,False
958976,True,True,13,True,True,True,True,True,True,True,True,True,True,True,True,True
959574,True,True,7,True,True,True,True,True,True,True,False,False,False,False,False,False
962058,True,True,7,True,True,True,True,True,True,True,False,False,False,False,False,False
965367,True,True,7,True,True,True,True,True,True,True,False,False,False,False,False,False
965771,True,True,7,True,True,True,True,True,True,True,False,False,False,False,False,False
966975,True,True,13,True,True,True,True,True,True,True,True,True,True,True,True,True
969476,True,True,7,True,True,True,True,True,True,True,False,False,False,False,False,False
970764,True,True,7,True,True,True,True,True,True,True,False,False,False,False,False,False
971160,True,True,13,True,True,True,True,True,True,True,True,True,True,True,True,True
972566,True,True,7,True,True,True,True,True,True,True,False,False,False,False,False,False
973770,True,True,13,True,True,True,True,True,True,True,True,True,True,True,True,True
978578,True,True,7,True,True,True,True,True,True,True,False,False,False,False,False,False
979984,True,True,7,True,True,True,True,True,True,True,False,False,False,False,False,False
983773,True,True,7,True,True,True,True,True,True,True,False,False,False,False,False,False
984472,True,True,7,True,True,True,True,True,True,True,False,False,False,False,False,False
987074,True,True,7,True,True,True,True,True,True,True,False,False,False,False,False,False
987983,True,True,7,True,True,True,True,True,True,True,False,False,False,False,False,False
989987,True,True,7,True,True,True,True,True,True,True,False,False,False,False,False,False
990366,True,True,7,True,True,True,True,True,True,True,False,False,False,False,False,False
991267,True,True,7,True,True,True,True,True,True,True,False,False,False,False,False,False
992673,True,True,7,True,True,True,True,True,True,True,False,False,False,False,False,False
992774,True,True,7,True,True,True,True,True,True,True,False,False,False,False,False,False
993675,True,True,7,True,True,True,True,True,True,True,False,False,False,False,False,False
994273,True,True,7,True,True,True,True,True,True,True,False,False,False,False,False,False
995174,True,True,13,True,True,True,True,True,True,True,True,True,True,True,True,True
996782,True,True,7,True,True,True,True,True,True,True,False,False,False,False,False,False
