subject_id,run,target_volume,pred_class,saliency__Vis,saliency__SomMot,saliency__DorsAttn,saliency__SalVentAttn,saliency__Limbic,saliency__Cont,saliency__Default,integrated_gradients__Vis,integrated_gradients__SomMot,integrated_gradients__DorsAttn,integrated_gradients__SalVentAttn,integrated_gradients__Limbic,integrated_gradients__Cont,integrated_gradients__Default,shapley__Vis,shapley__SomMot,shapley__DorsAttn,shapley__SalVentAttn,shapley__Limbic,shapley__Cont,shapley__Default,lime__Vis,lime__SomMot,lime__DorsAttn,lime__SalVentAttn,lime__Limbic,lime__Cont,lime__Default
101915,LR,31,2,0.15274745225906372,0.2838534712791443,0.1092362105846405,0.10021591931581497,0.06033780425786972,0.11460352689027786,0.1790056675672531,0.1271188110113144,0.350094735622406,0.100239597260952,0.0964893028140068,0.057668257504701614,0.10425170511007309,0.1641375571489334,0.007183943470055827,0.9570463233553126,0.021541647545948877,9.792243131404168e-05,0.004673522866279098,7.845835722325766e-05,0.00937818197386628,0.010988431540187695,0.9478815428533661,0.02508063477981397,0.00023102806048198876,0.0052153582002602995,0.00011048003909328301,0.010492524526796582
101915,LR,33,2,0.14528226852416992,0.29347777366638184,0.1054382175207138,0.1043274849653244,0.062228456139564514,0.10767301172018051,0.181572824716568,0.13198618590831757,0.34549322724342346,0.1028084009885788,0.09542090445756912,0.06186649575829506,0.0995849147439003,0.1628398448228836,0.03377110530727146,0.833606333698773,0.0782289578511722,0.010956696152849534,0.009097663377137005,0.007107588167783162,0.027231655445013606,0.04482763511660184,0.825844285140423,0.07067793925406168,0.0042672085620083944,0.012774968738354498,0.011736041613337907,0.029871921575212894
101915,LR,35,2,0.14375919103622437,0.2864839434623718,0.10244457423686981,0.10389015823602676,0.06867782026529312,0.10739171504974365,0.18735258281230927,0.12777920067310333,0.3536442220211029,0.10293500870466232,0.09649493545293808,0.059581417590379715,0.09984076768159866,0.15972448885440826,0.002195440834646927,0.9516877102465596,0.029926754904095087,0.007374640448076111,0.00631687106604211,0.0012221477323652533,0.0012764347682149182,0.0042822446183704175,0.9617563766137528,0.016971670104220377,0.007649348673242446,0.008178923071022378,0.0002124038491135415,0.000949033070278083
101915,LR,37,2,0.1422932744026184,0.2850415110588074,0.10668697953224182,0.10454175621271133,0.06680424511432648,0.10625144094228745,0.18838074803352356,0.13621291518211365,0.3355349898338318,0.10560553520917892,0.10086286067962646,0.05801691114902496,0.10016072541475296,0.16360610723495483,0.004266686469884161,0.9175759271741841,0.0448994113475957,0.02017184509796906,0.006647910024261099,0.0005234886260137492,0.005914731260092236,0.003140504066395102,0.9241788347430558,0.03417314173204621,0.02672221861822045,0.006326543791984194,0.001187809788818963,0.004270947259479233
101915,LR,39,2,0.1486218422651291,0.29318860173225403,0.10077069699764252,0.10054462403059006,0.06423886865377426,0.10813948512077332,0.18449591100215912,0.13151445984840393,0.34162721037864685,0.0995238721370697,0.09592711925506592,0.05973932147026062,0.09925380349159241,0.17241422832012177,0.0005882913339165525,0.9813984960602471,0.010903701704240047,0.004189952673631301,0.0008647740719492297,0.0012081067194050531,0.0008466774366106871,0.00223802051526769,0.9783902558507082,0.007695338942577596,0.006631335916216807,0.0011097760212391795,0.0018495645243638862,0.0020857082296266414
101915,LR,41,2,0.15780138969421387,0.28893938660621643,0.11078977584838867,0.09644947201013565,0.059532083570957184,0.10688858479261398,0.17959924042224884,0.13570722937583923,0.3337717354297638,0.1021423190832138,0.0956110879778862,0.06212432309985161,0.09675785154104233,0.17388547956943512,0.037748175418157816,0.8032270495718964,0.02167712800315642,0.04024852319260318,0.028123451458808263,0.04709921048795041,0.021876461867427543,0.027289261389769524,0.8781831438107041,0.007389019884874577,0.03867305423415764,0.02021003823010145,0.01042600985721337,0.017829472593179286
101915,LR,43,3,0.14570648968219757,0.3140547275543213,0.10759250074625015,0.09213490784168243,0.06350307911634445,0.10092242062091827,0.1760859191417694,0.13936635851860046,0.31888899207115173,0.09693673998117447,0.08878190815448761,0.05668820068240166,0.10608788579702377,0.1932498812675476,0.1110496020798574,0.5014348256909189,0.13489796423269285,0.13145907664938566,0.049436457391483356,0.02912044689377914,0.042601627061882676,0.10352547802599013,0.4588814117659348,0.14429767350200182,0.13877903020488705,0.06535779740333272,0.017645428567531922,0.07151318053032177
101915,LR,45,3,0.15302790701389313,0.3016558587551117,0.10463269799947739,0.09597362577915192,0.06129586324095726,0.10203517228364944,0.18137884140014648,0.13334298133850098,0.344853937625885,0.10998731851577759,0.09618533402681351,0.05010909587144852,0.09525488317012787,0.17026644945144653,0.02497016519072869,0.58226213330379,0.12206185437677987,0.19758361466369492,0.03673559322382387,0.008164351359228451,0.028222287881954293,0.05270952945790787,0.5046558388690754,0.14616302969180403,0.22111430473055643,0.0294584620548129,0.0078667778302714,0.03803205736557184
101915,LR,47,3,0.16750532388687134,0.2781844437122345,0.1062995120882988,0.09924420714378357,0.0603499673306942,0.1029684841632843,0.18544799089431763,0.12704984843730927,0.35610231757164,0.11305168271064758,0.09789732843637466,0.05158871039748192,0.09369045495986938,0.16061964631080627,0.01863400193761732,0.5599494606854638,0.12097412316845868,0.22151722178950187,0.039849356030010934,0.018087704687502943,0.020988131701444444,0.041902441555724715,0.50790596728267,0.1542939922629475,0.2327709001126299,0.03521970102477176,0.008924917506033254,0.018982080255222935
101915,LR,49,3,0.1628255695104599,0.27561327815055847,0.11215128004550934,0.09979015588760376,0.05632444843649864,0.10230184346437454,0.19099341332912445,0.1174740344285965,0.37439635396003723,0.11306222528219223,0.09584228694438934,0.046724844723939896,0.08528166264295578,0.16721859574317932,0.021776351581672435,0.6085460833943727,0.1404207510942442,0.15410000806109667,0.014244549272424151,0.02472936740845043,0.03618288918773942,0.042686225142338656,0.56086781464102,0.16612932830858862,0.17684519479260033,0.0014030253393400606,0.02178305741881299,0.030285354357299434
101915,LR,51,3,0.1715933233499527,0.2601461410522461,0.11402914673089981,0.10153499245643616,0.05699489638209343,0.10517249256372452,0.1905289888381958,0.13216961920261383,0.3618926405906677,0.11429183930158615,0.09046151489019394,0.04741932079195976,0.08980187028646469,0.1639631986618042,0.04407152419771526,0.5230756261519233,0.17034025849292908,0.0946247272510867,0.07114722618300504,0.014536218108779194,0.08220441961456142,0.048841278519459845,0.42268293525608813,0.19116083192949201,0.13268949256110357,0.08721161942456401,0.034818307069596086,0.08259553523969641
101915,LR,53,3,0.16148945689201355,0.27203822135925293,0.1066979318857193,0.09881443530321121,0.0607137456536293,0.11073064059019089,0.1895156353712082,0.1288711130619049,0.36813464760780334,0.09963537752628326,0.09227089583873749,0.047609515488147736,0.09304797649383545,0.17043046653270721,0.04184652856058886,0.49144553763091353,0.11356759031750024,0.20946893864765145,0.03608464634061392,0.03532612575376762,0.07226063274896448,0.06953076678488646,0.456622795394712,0.13927612829425956,0.2016335275638996,0.04177509728474114,0.026730105985731382,0.06443157869176994
101915,LR,55,3,0.16023293137550354,0.27687543630599976,0.10723131150007248,0.09785860776901245,0.06001453101634979,0.11186207830905914,0.18592514097690582,0.13498693704605103,0.36143940687179565,0.10212809592485428,0.08976593613624573,0.05279454216361046,0.09409657120704651,0.16478848457336426,0.02864219767630803,0.5571417867296918,0.169539995832422,0.14196281542692116,0.023202393448675727,0.008917679851409139,0.07059313103457214,0.05853745017473598,0.4905441312675183,0.1894252352481692,0.17370392280645883,0.025125175583054268,0.0013326564997022318,0.061331428420361
101915,LR,57,3,0.18734824657440186,0.23140661418437958,0.11605723947286606,0.10684379935264587,0.06065049767494202,0.11099965125322342,0.18669401109218597,0.14348164200782776,0.34388598799705505,0.10249646008014679,0.09962999075651169,0.050770122557878494,0.0877491906285286,0.17198656499385834,0.009222505889444338,0.6475411404961791,0.2016239978897062,0.08467160168541017,0.013288059344230349,0.011711503389226371,0.0319411913058035,0.018608717904475148,0.5821338839677525,0.22745129529710312,0.1204816298489176,0.004072635988520566,0.023090373272620677,0.02416146372061035
101915,LR,59,3,0.1826501041650772,0.2344490885734558,0.12062601745128632,0.10887282341718674,0.056902945041656494,0.11199923604726791,0.18449969589710236,0.14800763130187988,0.3193601071834564,0.10753099620342255,0.09817025810480118,0.06061602011322975,0.09613147377967834,0.17018350958824158,0.01919622422128094,0.5118489951065016,0.1357766492685021,0.21420800295165363,0.04651632370006665,0.04412959322184401,0.028324211530151033,0.04080482013578771,0.478154481257192,0.15997860269468706,0.21281395274036116,0.04466076130684988,0.041272559329346974,0.022314822535775037
101915,LR,61,3,0.17044202983379364,0.23978762328624725,0.12735195457935333,0.10893820971250534,0.05417557433247566,0.11380058526992798,0.18550406396389008,0.1448163092136383,0.31197163462638855,0.09965649247169495,0.09963127970695496,0.06296569854021072,0.09974753856658936,0.18121106922626495,0.13791375797671596,0.5566170671367912,0.09117175385156862,0.051761735254541315,0.06064503883424312,0.006361009714297229,0.09552963723184263,0.16940753351415877,0.46383039878632687,0.12026538079514833,0.05614590780414279,0.08081224283717821,0.011279708444268063,0.09825882781877697
101915,LR,63,3,0.15845918655395508,0.2573648691177368,0.11990886926651001,0.10030055046081543,0.056096401065588,0.11527679860591888,0.19259332120418549,0.14392001926898956,0.303754985332489,0.09958340227603912,0.10137078166007996,0.0579182431101799,0.10283830761909485,0.19061419367790222,0.05349126180257295,0.3943163710535838,0.02227539725147582,0.26856905291738664,7.068744941833207e-05,0.006344483626694141,0.25493274589886833,0.05038177091123634,0.3611758922027519,0.025118288204709044,0.27414359479295164,0.009485396573482345,0.015656287215868588,0.2640387700990002
101915,LR,65,3,0.16385796666145325,0.2630256414413452,0.11810759454965591,0.0970899909734726,0.05481017008423805,0.11518935859203339,0.18791930377483368,0.14347968995571136,0.29043132066726685,0.11034056544303894,0.10214506834745407,0.06014950945973396,0.10412441194057465,0.18932953476905823,0.005694863461707819,0.020325908215060605,0.047207122946348344,0.4042568696015434,0.031234678624523508,0.08054295869246986,0.41073759845834645,0.025295247772558767,0.0027109760051577353,0.06233306335690028,0.3769021000378251,0.0430524322794635,0.11009180432075094,0.3796143762273437
101915,LR,67,2,0.1480921357870102,0.3028934597969055,0.10938025265932083,0.09313805401325226,0.07016874104738235,0.0976298600435257,0.17869751155376434,0.13566745817661285,0.3300321400165558,0.11182408034801483,0.10239330679178238,0.07148902863264084,0.08609272539615631,0.1625012904405594,0.22669035597777892,0.3122164112471431,0.09545774651439347,0.1690293064399942,0.055481341138783155,0.07023027565869933,0.07089456302320782,0.23259103976634188,0.32549132331252323,0.08284627574765252,0.15683037986285092,0.05149579635966243,0.08627436002930845,0.06447082492166054
101915,LR,69,5,0.16322208940982819,0.2679022252559662,0.10542204976081848,0.10502111166715622,0.0655142292380333,0.10964139550924301,0.18327689170837402,0.14980046451091766,0.305728942155838,0.09696874022483826,0.11440438032150269,0.07132277637720108,0.09693098813295364,0.16484370827674866,0.2925832028761825,0.3806095797314953,0.011421648293086605,0.1314404578213371,0.04921600567508506,0.03436076280273265,0.1003683428000808,0.3001407546790094,0.43733761266063287,0.007768938963990557,0.10257211283832647,0.05100451087757039,0.047468590248424126,0.053707479732046405
101915,LR,71,5,0.1652260720729828,0.26383551955223083,0.1070895791053772,0.10800047218799591,0.06354328244924545,0.10928171873092651,0.18302342295646667,0.15751725435256958,0.2925979495048523,0.09814122319221497,0.11298932880163193,0.07133439928293228,0.09818363189697266,0.1692361980676651,0.18000377393082495,0.48121165327056714,0.01751825156885221,0.1426603054696999,0.05080049693225558,0.005437920304767136,0.12236759852303308,0.16398416459925397,0.5618714498801063,0.011853876769760413,0.11635240748002366,0.03626266814833299,0.01042100423020941,0.09925442889231345
101915,LR,73,5,0.16665495932102203,0.254812091588974,0.10703696310520172,0.10839629918336868,0.06526342779397964,0.10980594158172607,0.18803028762340546,0.1651681363582611,0.2840921878814697,0.09746331721544266,0.11247477680444717,0.0781453475356102,0.09574560821056366,0.16691070795059204,0.18418185495777747,0.456859868894843,0.009915232840690562,0.1079965681904269,0.10590779121797363,0.04154042925621849,0.09359825464206996,0.18947746944493918,0.5538880849903568,0.012998973922156591,0.06661797885428891,0.10145121315540391,0.021455660235651826,0.0541106193972028
101915,LR,75,5,0.1648670732975006,0.2575792968273163,0.10572009533643723,0.1094994992017746,0.06514574587345123,0.1098267138004303,0.18736149370670319,0.16102729737758636,0.29887303709983826,0.07983888685703278,0.11029642820358276,0.08649985492229462,0.08940121531486511,0.17406323552131653,0.03687220597495311,0.5112780788884443,0.02444613909719337,0.21540132196650363,0.07638683718888545,0.07438339814264855,0.061232018741371526,0.03666012002505983,0.5636913662584191,0.02072940208268348,0.19772106261765038,0.09880431557403961,0.03461192794892634,0.0477818054932213
101915,LR,77,5,0.1741275042295456,0.2496366649866104,0.10850105434656143,0.1084883064031601,0.06333508342504501,0.11082685738801956,0.1850845217704773,0.15729433298110962,0.3135998249053955,0.07735252380371094,0.10846547037363052,0.07775823771953583,0.09692912548780441,0.16860048472881317,0.13273678232463373,0.567403089281437,0.0200357467603978,0.1320283207803776,0.021204579418191493,0.0975997914460352,0.02899168998892711,0.09351865996573015,0.68342943421129,0.0038397115287140773,0.10750219893479435,0.008863069246697492,0.07548550816131147,0.0273614179514623
101915,LR,79,5,0.1644018292427063,0.275497168302536,0.1030333936214447,0.10521309077739716,0.06200731545686722,0.10801465064287186,0.1818324476480484,0.16167499125003815,0.29790249466896057,0.07468386739492416,0.1078900396823883,0.08212835341691971,0.09460335969924927,0.181116983294487,0.10653928771252401,0.48700917987836284,0.06998226826658346,0.09570409665881192,0.07668054616753678,0.12428699090457357,0.03979763041160739,0.20706251380432583,0.5430006248753266,0.06190892714001993,0.04446625061627838,0.06780653183169849,0.06385095601702469,0.011904195715326
101915,LR,81,5,0.15629462897777557,0.29887959361076355,0.1006004810333252,0.09946735203266144,0.06142079830169678,0.10444434732198715,0.1788928359746933,0.14851412177085876,0.2983006536960602,0.07531215995550156,0.10053740441799164,0.09284604340791702,0.10180135071277618,0.18268834054470062,0.14761856915056404,0.41465810746787496,0.002189257413394101,0.09154627593714469,0.15412625590222218,0.021702724833000852,0.16815880929579916,0.2105963329078864,0.4210105951776383,0.007850990473236565,0.06099722741793764,0.13539292141787274,0.07453736662269493,0.08961456598273354
101915,LR,83,5,0.15350577235221863,0.2950632870197296,0.10168107599020004,0.10074599832296371,0.06191891059279442,0.10812738537788391,0.17895753681659698,0.1476529836654663,0.2941891551017761,0.0751001164317131,0.10313811898231506,0.09173844009637833,0.10872316360473633,0.17945800721645355,0.16079265054719497,0.3402422449273231,0.0372117528108102,0.19767277384677862,0.05205200221049084,0.11404307396484788,0.09798550169255442,0.21102791477432697,0.3721797582462766,0.05489799289392363,0.15059059537926311,0.04355180770679101,0.10481597135032959,0.06293595964908899
101915,LR,85,5,0.1579304039478302,0.2858315408229828,0.09772595763206482,0.10453180223703384,0.06609423458576202,0.10328429937362671,0.18460175395011902,0.140995591878891,0.2976767122745514,0.07392429560422897,0.10021548718214035,0.08793310075998306,0.10732411593198776,0.19193071126937866,0.04524632316862764,0.205953118570987,0.11515499796673259,0.24509356653169054,0.11851806806957263,0.21965549498198808,0.05037843071040154,0.07799061905515067,0.2586501118802063,0.09175627571869101,0.19345390712262892,0.08991107735079795,0.20142202647455754,0.08681598239796749
101915,LR,87,4,0.1537652462720871,0.2924688458442688,0.10365649312734604,0.104130320250988,0.05807321146130562,0.10298694670200348,0.18491891026496887,0.14247621595859528,0.28991177678108215,0.09154953807592392,0.11191105097532272,0.0712340846657753,0.09990847855806351,0.19300886988639832,0.3029629553882288,0.2597022390754231,0.034377311663923237,0.22346749942795563,0.05313591546863569,0.09256116685650886,0.03379291211932468,0.3078389597800745,0.26682889501733054,0.026138303995432613,0.231448913188611,0.048938915995811065,0.10728328835747424,0.01152272366526614
101915,LR,89,4,0.16535255312919617,0.27042463421821594,0.11306198686361313,0.10478496551513672,0.057654350996017456,0.09886892884969711,0.18985262513160706,0.15349139273166656,0.278652161359787,0.08974380046129227,0.10775117576122284,0.06789607554674149,0.09510500729084015,0.20736032724380493,0.3740994684893726,0.4237765594855188,0.012556499530762133,0.06007166204453239,0.05356863894466719,0.05724029785912221,0.018686873646024664,0.335852238843728,0.4178751834732287,0.02024251170792955,0.08344736208465302,0.0597112858618383,0.06749782057433092,0.015373597454291421
101915,LR,91,4,0.1585337072610855,0.273394912481308,0.11499578505754471,0.10287364572286606,0.05827543884515762,0.10066916793584824,0.1912572830915451,0.15040574967861176,0.2903106212615967,0.09207084774971008,0.11387330293655396,0.06896298378705978,0.08979514241218567,0.19458144903182983,0.29087358907982497,0.417802142415946,0.006765167267817048,0.09324311676522355,0.07357880588597797,0.07001674980746696,0.04772042877774347,0.26539399779901873,0.4266025352310996,0.001150942442753757,0.10593317240795863,0.09129452512971233,0.08369897906642658,0.02592584792303041
101915,LR,93,4,0.17750662565231323,0.2518422305583954,0.11894196271896362,0.10427172482013702,0.052180223166942596,0.1038399487733841,0.19141733646392822,0.1679133176803589,0.29328665137290955,0.09408649057149887,0.10074090212583542,0.06367816776037216,0.08889482915401459,0.1913996785879135,0.2004931365893441,0.6551188296446334,1.5760435444691354e-05,0.03868326752410113,0.04964140008686146,0.007773397123749776,0.04827420859586544,0.17803264967351504,0.6691318482455206,0.005255922399893524,0.04604059301362002,0.059142504114119455,0.003755648415726115,0.03864083413760528
101915,LR,95,4,0.17163342237472534,0.2570832669734955,0.1191159263253212,0.1038445457816124,0.054445091634988785,0.10231096297502518,0.19156678020954132,0.1590535193681717,0.30006521940231323,0.09524833410978317,0.10042594373226166,0.06986872851848602,0.08966992795467377,0.18566827476024628,0.12879296574903742,0.6173278998085493,0.05428558416631436,0.02219151929211282,0.0376599297698001,0.016025395208282226,0.12371670600590379,0.15329065301653022,0.6261946744656304,0.044395590389764365,0.03258078168547367,0.04582691798157465,0.016268435853113595,0.08144294660791314
101915,LR,97,4,0.17419913411140442,0.2448679655790329,0.12159062176942825,0.10792402923107147,0.05223044008016586,0.1079966202378273,0.19119125604629517,0.15404488146305084,0.29546934366226196,0.09578931331634521,0.10325218737125397,0.06471407413482666,0.09557820856571198,0.19115200638771057,0.08668448262207223,0.7708706888313899,0.05177784838918563,0.03660105580964872,0.014371660838824794,0.005741247567558442,0.03395301594132033,0.11867222063993658,0.7510036226185771,0.05035615980221436,0.0400534216671014,0.011584662221200828,0.015170781315467953,0.013159131735501668
101915,LR,99,4,0.18266069889068604,0.23695287108421326,0.12116474658250809,0.10747982561588287,0.050576671957969666,0.1125304251909256,0.18863478302955627,0.16378717124462128,0.2992906868457794,0.10517812520265579,0.11333736032247543,0.054228685796260834,0.09263141453266144,0.17154651880264282,0.17191669529379094,0.6965061876786717,0.026324426133579326,0.009604968957952707,0.008518430033219887,0.04144426311750134,0.045685028785284104,0.19073175107671833,0.6779296313728231,0.025059879462786153,0.007557971369329747,0.00335379248551202,0.05091830630446145,0.044448667928369184
101915,LR,101,4,0.17550992965698242,0.26019734144210815,0.11680374294519424,0.10546297580003738,0.0563032440841198,0.10691730678081512,0.17880547046661377,0.1689355969429016,0.28844523429870605,0.09528522938489914,0.10936077684164047,0.05985569953918457,0.09470196068286896,0.18341559171676636,0.02325320245283537,0.83481163810429,0.03902144013352589,0.03526457987698878,0.02308653962440476,0.027740130858591137,0.016822468949363976,0.039251969729511026,0.8418659450222,0.04387113582057901,0.02947625244106848,0.003793892832033713,0.03234022023196264,0.00940058392264516
101915,LR,103,4,0.15682905912399292,0.2940467596054077,0.110500767827034,0.10276999324560165,0.05805089697241783,0.10186361521482468,0.1759389489889145,0.14705988764762878,0.3296428620815277,0.08576871454715729,0.10321158170700073,0.05269687995314598,0.1014602780342102,0.18015973269939423,0.1027852833528519,0.6153190070270255,0.034629801823103414,0.0020710245244231797,0.026619774651471344,0.020220129822589784,0.1983549787985349,0.1226972606584336,0.5817740125223589,0.051348038238012934,0.021239447493086847,0.02990697744826398,0.017949294180455565,0.17508496945938812
101915,LR,105,1,0.16836732625961304,0.2716048061847687,0.1117243617773056,0.09876544773578644,0.05258074775338173,0.11283327639102936,0.18412400782108307,0.15089057385921478,0.3144959807395935,0.07950590550899506,0.10355265438556671,0.06818266957998276,0.10611303895711899,0.177259162068367,0.016317773268558957,0.6276421161561824,0.002259329741854775,0.07121987497824425,0.06548091738181909,0.11078147013517843,0.10629851833816208,0.02604621870057965,0.569153776498759,0.010379268259351657,0.0756017025749972,0.0888787658466395,0.12566513383920638,0.10427513428046635
101915,LR,107,1,0.17124171555042267,0.2643682658672333,0.11081380397081375,0.1016252338886261,0.056826140731573105,0.1126992404460907,0.1824256032705307,0.15098591148853302,0.31919723749160767,0.08824149519205093,0.10121263563632965,0.0629391148686409,0.11173684149980545,0.16568675637245178,0.02577677947335548,0.581346725899808,0.13557098548963206,0.06751662432905732,0.14477055537739766,0.04371386482130779,0.0013044646094416963,0.0342071536257149,0.556087316506904,0.11874834638528405,0.08338405735292322,0.14183072125977156,0.05199888950335126,0.013743515366050998
101915,LR,109,1,0.1925995796918869,0.2371959537267685,0.10828894376754761,0.10262633115053177,0.058602169156074524,0.11429361253976822,0.1863933801651001,0.17113366723060608,0.30518433451652527,0.10322928428649902,0.10177609324455261,0.057875704020261765,0.10591442883014679,0.15488648414611816,0.07641681961660812,0.6133498180728999,0.09251832297357565,0.002076880013021605,0.06940815534845955,0.019564359955059358,0.1266656440203758,0.089415179787687,0.5767801855598571,0.10029459221921741,0.00793601643959267,0.07417864477303397,0.022280855386616234,0.1291145258339958
101915,LR,111,1,0.188031405210495,0.2455422729253769,0.1072356179356575,0.10211179405450821,0.061946574598550797,0.11034118384122849,0.18479113280773163,0.16571620106697083,0.3006857633590698,0.11692720651626587,0.10111237317323685,0.06117374822497368,0.0997622162103653,0.15462253987789154,0.105387687770158,0.7278625821379944,0.06745123335900646,0.019071414908839263,0.030879420606813802,0.022125530665981,0.027222130551207122,0.12067609094748605,0.6974889427503697,0.08061370090287877,0.02206415289882898,0.027592660960426833,0.011356425727280224,0.04020802581272931
101915,LR,113,1,0.19170011579990387,0.24554482102394104,0.10777053982019424,0.10228363424539566,0.05982600525021553,0.10989896208047867,0.1829758882522583,0.15536025166511536,0.3075730800628662,0.1197616308927536,0.09732896089553833,0.05792950466275215,0.10133842378854752,0.16070812940597534,0.03349665712870582,0.8197431772054724,0.044438837283487936,0.028704888111699214,0.023200397407162263,0.0291649794443448,0.021251063419127504,0.04485079715846969,0.7915873999958943,0.055330413329790114,0.03356550894286474,0.018829465887190918,0.02334588884193292,0.032490525843857386
101915,LR,115,1,0.18946659564971924,0.2516061067581177,0.10674391686916351,0.10000479966402054,0.06087936833500862,0.10905753821134567,0.18224164843559265,0.16711223125457764,0.3067839443683624,0.0987226590514183,0.09798845648765564,0.05635344982147217,0.10651553422212601,0.1665237545967102,0.02543007415152387,0.8651958685085771,0.022839107070094594,0.0161679141376947,0.026188063971721225,0.03906969077264684,0.00510928138774165,0.0369365330448015,0.8208968280405015,0.02822267834124611,0.027658407955359805,0.03423979367701211,0.03711383067809479,0.014931928262984224
101915,LR,117,1,0.18295028805732727,0.2624666392803192,0.10448747873306274,0.09789417684078217,0.060554347932338715,0.11088245362043381,0.18076463043689728,0.17128458619117737,0.3001810610294342,0.09669461846351624,0.09653149545192719,0.05656244233250618,0.10863905400037766,0.1701066941022873,0.0262292646021355,0.8004187840124274,0.07562966158685627,0.0059687045293641515,0.014463457279300729,0.05804617265959134,0.019243955330324664,0.033966616879344914,0.766075422783089,0.07146901255476874,0.008722011388887124,0.023248793448565706,0.06124035953274765,0.0352777834125968
101915,LR,119,1,0.18386055529117584,0.2540622055530548,0.10861369967460632,0.10065776109695435,0.06049013137817383,0.11099286377429962,0.18132275342941284,0.1808948963880539,0.2761088013648987,0.11180108785629272,0.10079631209373474,0.050446610897779465,0.11284735798835754,0.16710491478443146,0.01556362793018046,0.767405414469621,0.03319618831068596,0.04184022911037948,0.005610979511708363,0.10666272106663173,0.02972083960079309,0.022398226379088844,0.7225000954355482,0.03697728732965766,0.05187980451478873,0.012955337860002396,0.10012231686791037,0.05316693161300396
101915,LR,121,1,0.19047391414642334,0.23192819952964783,0.11032034456729889,0.10280662775039673,0.05722080543637276,0.11665003001689911,0.19060014188289642,0.17284327745437622,0.27461332082748413,0.11092834174633026,0.10175275802612305,0.05651498958468437,0.1060398519039154,0.17730741202831268,0.003141538094441584,0.7345821360238162,0.09097072553090298,0.012537643502471675,0.050999467546389426,0.0987675524322419,0.009000936869736256,0.015690115172847078,0.6799377845132861,0.09642530882171568,0.03149406199670989,0.06632177117940548,0.08718214603890195,0.022948812277133752
101915,LR,123,1,0.18360525369644165,0.25232288241386414,0.1071024239063263,0.10073909163475037,0.05799105390906334,0.11315497010946274,0.18508432805538177,0.1704627275466919,0.2592872977256775,0.11002210527658463,0.11236036568880081,0.058116424828767776,0.10586785525083542,0.1838831901550293,0.06939636918793204,0.662924615217868,0.0164374308098541,0.15025963237177314,0.043978868983561833,0.024188516270755984,0.0328145671582548,0.07542759372761819,0.606612010276685,0.024963098638474637,0.13017081521491564,0.06760152622325571,0.03633118002615632,0.05889377589289459
101915,LR,125,0,0.1996779441833496,0.21908417344093323,0.11694099754095078,0.09956589341163635,0.05839366838335991,0.11961201578378677,0.18672528862953186,0.18071427941322327,0.23769532144069672,0.11593994498252869,0.10582271218299866,0.05448776111006737,0.11029240489006042,0.19504760205745697,0.035799285129784565,0.0494685378046429,0.16894301282209048,0.15608264591177948,0.07199184834168959,0.16143532759978335,0.3562793423902296,0.04617322056196418,0.07004085550385541,0.1365649929380992,0.18989885498727904,0.07646933930032933,0.13666987063049918,0.3441828660779736
101915,LR,127,0,0.1717870831489563,0.24594539403915405,0.11552833765745163,0.10643664747476578,0.06396474689245224,0.10728457570075989,0.18905316293239594,0.18034493923187256,0.2546496093273163,0.12660640478134155,0.10466360300779343,0.05699218437075615,0.09222451597452164,0.18451866507530212,0.04889158742067213,0.21481668258496636,0.17891386707523793,0.08526826240733146,0.10369010571159343,0.1873708743118091,0.1810486204883896,0.005529952759851592,0.2504308976050944,0.1615702359553669,0.06321444583795818,0.12944548048847293,0.20768301372777176,0.18212597362548422
101915,LR,129,0,0.17146818339824677,0.2578454613685608,0.11291652172803879,0.10330429673194885,0.06353742629289627,0.1038934662938118,0.18703463673591614,0.16943149268627167,0.27332308888435364,0.12898117303848267,0.11332626640796661,0.05380598083138466,0.09093540906906128,0.17019665241241455,0.14291909659563604,0.1843624762679467,0.1516419994337843,0.15057004142668864,0.09264138207990237,0.11422416294983613,0.16364084124620584,0.10132589915255624,0.21855418145002287,0.1391080212556612,0.16071498348443092,0.09321762794393561,0.12331273906766227,0.16376654764573093
101915,LR,131,0,0.17281751334667206,0.2593718469142914,0.11090250313282013,0.10545690357685089,0.06009594351053238,0.10569898039102554,0.18565623462200165,0.1667373776435852,0.27096205949783325,0.12999501824378967,0.10984215140342712,0.05330990254878998,0.09593773633241653,0.1732158064842224,0.14303749592130555,0.23201445743906748,0.2138175984561338,0.2073298416266403,0.11932465838041467,0.03954561912674902,0.044930329049689174,0.09875062093020327,0.2765307211581847,0.23809598504064675,0.2307135815560543,0.11083587472300052,0.04018305738803312,0.0048901592038771815
101915,LR,133,0,0.17469365894794464,0.26406365633010864,0.1149458959698677,0.10949672758579254,0.05323713272809982,0.10498294979333878,0.17857998609542847,0.16428299248218536,0.2798977196216583,0.1242755874991417,0.11510824412107468,0.051921311765909195,0.09834166616201401,0.16617242991924286,0.17586798476835838,0.2078944947823163,0.18481375108945367,0.2020739963148868,0.10439970597551189,0.008994085116620608,0.11595598195285238,0.1702641354000308,0.23857515911970847,0.19796500086051566,0.23062244578739532,0.0992231737966748,0.0033540460784839267,0.059996038957190856
101915,LR,135,0,0.1646144539117813,0.2711731791496277,0.10915249586105347,0.10991276800632477,0.056267909705638885,0.11036301404237747,0.17851629853248596,0.1618015468120575,0.2808505892753601,0.12405379861593246,0.10544390976428986,0.05214225500822067,0.10152881592512131,0.1741790920495987,0.25534438027426415,0.2905187025309957,0.20448465441007221,0.13415372738566958,0.10931797540714391,0.003414897204847269,0.002765662787007162,0.24317763668182585,0.2913715990824707,0.20058948160248302,0.11614567156217308,0.0975015132368572,0.015606002337342882,0.03560809549684736
101915,LR,137,0,0.16861574351787567,0.2664761245250702,0.11338835954666138,0.10857242345809937,0.05378226190805435,0.1099114865064621,0.17925363779067993,0.1617046445608139,0.24739111959934235,0.1283828765153885,0.11489678174257278,0.060384176671504974,0.10735713690519333,0.1798831969499588,0.2672424785945506,0.2809247037044202,0.12206628305912243,0.20072959228270132,0.06728197088479483,0.010223043001394795,0.0515319284730158,0.26175767125642413,0.29716569842506996,0.1237440759582509,0.18798809725847593,0.05475493794811973,0.00037915994542081667,0.07421035920823855
101915,LR,139,0,0.17446814477443695,0.27233946323394775,0.11255211383104324,0.10647833347320557,0.05117371305823326,0.10509469360113144,0.17789356410503387,0.1623329073190689,0.2415141761302948,0.14540457725524902,0.10620258748531342,0.05591366067528725,0.11187009513378143,0.17676205933094025,0.2667453707888014,0.24411105847904313,0.12639847807374716,0.1947856795367068,0.049759135397504047,0.07379878683228763,0.04440149089190986,0.27472831913077006,0.25413384328606325,0.12224387893428595,0.16817865035474605,0.05194362593073183,0.06525941592599833,0.06351226643740444
101915,LR,141,0,0.17616413533687592,0.27098655700683594,0.11130184680223465,0.10691738873720169,0.052802085876464844,0.10377290844917297,0.1780550479888916,0.15485739707946777,0.2447151243686676,0.14845047891139984,0.1267756074666977,0.04746611788868904,0.10614343732595444,0.1715918779373169,0.307985910469779,0.09703532085462717,0.17331682112086627,0.2465805790478467,0.08413637791318868,0.05057505303408976,0.040369937559602456,0.3010792498468814,0.07965228862162754,0.17059598201267803,0.22137925970300276,0.08960329179378938,0.06500645030481671,0.07268347771720415
101915,LR,143,0,0.17269457876682281,0.2704611122608185,0.1095241904258728,0.10767791420221329,0.05455583333969116,0.10252171009778976,0.1825646162033081,0.17452232539653778,0.24593421816825867,0.13017508387565613,0.11312616616487503,0.052943285554647446,0.10119645297527313,0.18210239708423615,0.245260110077352,0.15964000177551188,0.15644894755751682,0.2134374630954257,0.019614628439583056,0.10949871945714248,0.09610012959746805,0.2553637624984687,0.19109160835169456,0.16468553788572515,0.22051844720525127,0.005943613672719085,0.07675588503628517,0.08564114534985615
101915,LR,145,0,0.1753256767988205,0.25564250349998474,0.11215763539075851,0.11280396580696106,0.052198249846696854,0.11170686781406403,0.18016499280929565,0.1821797490119934,0.235116109251976,0.11245523393154144,0.11159404367208481,0.06232266128063202,0.1090889722108841,0.18724322319030762,0.32666367608449326,0.1408401215438359,0.11162598296924105,0.20596431755076297,0.056586717710389395,0.025689996868418507,0.13262918727285894,0.3587059133221995,0.17507928791576927,0.11386706897123691,0.1935519456321504,0.02287693826928662,0.016153412789822023,0.11976543309953541
101915,LR,147,0,0.19110777974128723,0.23352809250354767,0.11590953916311264,0.10633960366249084,0.05462699756026268,0.11015959829092026,0.18832843005657196,0.22371239960193634,0.22238947451114655,0.1106874942779541,0.11538830399513245,0.05906560644507408,0.0979619026184082,0.17079474031925201,0.11429943830416099,0.25701018818989824,0.11304921642542291,0.11173670341599475,0.13319301948251577,0.05257082202257763,0.21814061215942973,0.08245087829867663,0.2839604006893998,0.10616249292411273,0.07665918011017368,0.142462481040163,0.07055006598089311,0.23775450095658093
101915,LR,149,2,0.16044925153255463,0.3005099892616272,0.11279234290122986,0.0933678150177002,0.06252717971801758,0.09872240573167801,0.17163100838661194,0.17191457748413086,0.30652400851249695,0.11217200756072998,0.0936957448720932,0.0666813924908638,0.0931209921836853,0.15589122474193573,0.017448327733015172,0.4083687524534839,0.1959826086292855,0.1097680405679995,0.20394539805142142,0.04456779101012557,0.019919081554668955,0.012129638509479254,0.4098816516202442,0.20908840784935537,0.1356571503446437,0.1831846886962958,0.002545348260277518,0.04751311471970399
101915,LR,151,5,0.15643957257270813,0.27991241216659546,0.106376513838768,0.10623672604560852,0.0658264234662056,0.10417961329221725,0.18102875351905823,0.14973284304141998,0.3140094578266144,0.10112188011407852,0.10460380464792252,0.07272358983755112,0.09827977418899536,0.15952864289283752,0.14199774454077843,0.2652455202163196,0.012299541685620507,0.07120300618177725,0.2884741243701342,0.048940390780080396,0.17183967222528965,0.06611232855253203,0.2705881344054656,0.04316759651942113,0.06358476406223154,0.3043216026740403,0.0792203404250091,0.17300523336130041
101915,LR,153,5,0.15509065985679626,0.27751868963241577,0.1070210337638855,0.10803655534982681,0.06464958190917969,0.10600856691598892,0.18167483806610107,0.12955419719219208,0.3293640911579132,0.10230641812086105,0.1051003709435463,0.07148530334234238,0.10590606182813644,0.15628360211849213,0.03260366999621379,0.5769206456696898,0.03487442250281091,0.02452730201066672,0.27015700609876525,0.005987233962326435,0.05492971975952712,0.04665816831222385,0.5509622096590763,0.029452397238529056,0.02450975001251034,0.2731033530202256,0.04795285620471837,0.02736126555271671
101915,LR,155,5,0.1548936665058136,0.2814887464046478,0.10687278211116791,0.1039324700832367,0.06508583575487137,0.10532824695110321,0.18239828944206238,0.13617630302906036,0.329608678817749,0.10090656578540802,0.10393739491701126,0.07362344861030579,0.1023617535829544,0.15338578820228577,0.10959134074804563,0.5218205346885452,0.03232340650206679,0.047773086477450495,0.14684282333637477,0.0749405179821685,0.06670829026534862,0.10909015456111022,0.5141488914749014,0.04763691811536119,0.06885005261799217,0.09932258606621769,0.12503278062820228,0.035918616536215184
101915,LR,157,5,0.15658403933048248,0.2768007814884186,0.10689309239387512,0.10243860632181168,0.0657021701335907,0.10480494052171707,0.18677636981010437,0.16046935319900513,0.3043963313102722,0.09699437022209167,0.10325444489717484,0.07770705223083496,0.10076767951250076,0.1564107984304428,0.2582102713939551,0.5154322934211293,0.042646251187111316,0.04195409012962957,0.0229334421551338,0.08852528035244353,0.030298371360597483,0.26798172679121174,0.5157352627202839,0.07233314693416949,0.03270775318734565,0.015708434468893535,0.08821861411266241,0.0073150617854332075
101915,LR,159,5,0.15887868404388428,0.28020673990249634,0.10465038567781448,0.10482189804315567,0.06820138543844223,0.10352245718240738,0.17971844971179962,0.1547461599111557,0.29754725098609924,0.0865640714764595,0.10731242597103119,0.08953288197517395,0.09892761707305908,0.1653696447610855,0.16514717735153236,0.5289251067563937,0.012243870767189078,0.059533290795357276,0.01933375410621674,0.09523498565703827,0.11958181456627257,0.16669075786279658,0.5640219557603301,0.005772849007835418,0.033094729011214796,0.025188816159693903,0.10245743857269693,0.10277345362543228
101915,LR,161,5,0.15973618626594543,0.2901574969291687,0.10242603719234467,0.10140996426343918,0.06568729877471924,0.10520803928375244,0.17537501454353333,0.1463433802127838,0.31925225257873535,0.0895414799451828,0.1118718683719635,0.07544393837451935,0.10030541568994522,0.157241553068161,0.08590170305004025,0.5477040003356327,0.08296390284373656,0.0393330214430799,0.02971248008702885,0.04695045127905129,0.16743444096143043,0.04701229754059717,0.6495478728158474,0.056486900780834806,0.03600036933139342,0.027376294727842677,0.028553976875416106,0.1550222879280685
101915,LR,163,5,0.15271300077438354,0.28254666924476624,0.0990619882941246,0.10549333691596985,0.06901655346155167,0.10596127808094025,0.18520717322826385,0.15438249707221985,0.30343887209892273,0.08627936989068985,0.11166874319314957,0.0775289386510849,0.100057452917099,0.1666441112756729,0.13682138134709165,0.36807004619894074,0.08300428351253833,0.06930640181286037,0.13096218650421107,0.01298767499030395,0.19884802563405388,0.11102930719090952,0.42040277836330064,0.07359209712540012,0.0796825282796417,0.08775101236054393,0.04942412911222273,0.17811814756798125
101915,LR,165,5,0.15199236571788788,0.2856529653072357,0.09939983487129211,0.10647166520357132,0.06778117269277573,0.10652651637792587,0.182175412774086,0.1524486243724823,0.2936628758907318,0.08985403180122375,0.10772936046123505,0.08165471255779266,0.09885387867689133,0.1757965236902237,0.076255498894241,0.5293373378194649,0.06905832372199101,0.1669188491728548,0.02925807130792615,0.024941238805333485,0.10423068027818862,0.010066125364894256,0.6971579971555872,0.036896794065301226,0.15736098534316795,0.0011196400271616138,0.02827450072599448,0.06912395731789335
101915,LR,167,5,0.15356656908988953,0.28138482570648193,0.09708639234304428,0.10666258633136749,0.06929919123649597,0.10712426900863647,0.1848761886358261,0.16624335944652557,0.2848341763019562,0.08578179031610489,0.1110905185341835,0.08109159022569656,0.09761463850736618,0.17334391176700592,0.054278471432814016,0.42037864608741227,0.1044612299386719,0.07687724615522797,0.11535382857941118,0.007261946488102175,0.22138863131836048,0.15040728390434482,0.457526754520089,0.037664703863441854,0.013872563536522388,0.11312036358908802,0.059793077454946074,0.16761525313156764
101915,LR,169,5,0.1628965586423874,0.2594773471355438,0.10414522886276245,0.10640150308609009,0.067890964448452,0.11064856499433517,0.18853984773159027,0.1689004749059677,0.27828288078308105,0.08990827947854996,0.1086161807179451,0.08113189041614532,0.1029042899608612,0.17025594413280487,0.16531416917070038,0.29086993050074106,0.06652670141737523,0.029636853707421338,0.16334148397676262,0.03737744515007734,0.246933416076922,0.24217043187300322,0.3690101746408336,0.00011087178780346632,0.02036989189528772,0.1507947097181148,0.0014138756686169587,0.21613004441634012
101915,LR,171,3,0.16986091434955597,0.25226449966430664,0.11250397562980652,0.10609745979309082,0.05645420029759407,0.11531578004360199,0.18750309944152832,0.16224952042102814,0.3056780993938446,0.10664361715316772,0.09498815983533859,0.06058978661894798,0.1030108630657196,0.16684000194072723,0.20699884248937211,0.5964105122606722,0.04974214627554295,0.03255126453035151,0.003424103121570087,0.027958646226678426,0.08291448509581266,0.170939446249478,0.5847496805800617,0.05877685960240899,0.0579172541962388,0.0023155867662928245,0.033672315919145705,0.09162885668637397
101915,LR,173,3,0.16384145617485046,0.2652876377105713,0.10942095518112183,0.1026463434100151,0.056925155222415924,0.113930843770504,0.18794754147529602,0.16697853803634644,0.30435115098953247,0.11963345110416412,0.09948183596134186,0.05389640852808952,0.10150262713432312,0.15415605902671814,0.1447322751681121,0.5683299949893832,0.03100147793193299,0.1403364330926579,0.006662393646251284,0.03508127550644599,0.07385614966521653,0.11174673098134777,0.5848234957861973,0.020681812766124727,0.16716350039282846,0.013489326942435802,0.03072027388757236,0.07137485924349346
101915,LR,175,3,0.1670764982700348,0.26158300042152405,0.11385002732276917,0.10174261778593063,0.0555841438472271,0.11207547038793564,0.18808825314044952,0.17505806684494019,0.29373452067375183,0.12902359664440155,0.09815456718206406,0.045596811920404434,0.10147106647491455,0.1569613814353943,0.12803472053368578,0.5450910055835986,0.05616818618008671,0.14151623665910096,0.01113446315954275,0.03712901172253369,0.08092637616145151,0.10133018999688355,0.5752275378200562,0.038071802532347196,0.16156839371396056,0.016555136031716332,0.02974657315388822,0.07750036675114794
101915,LR,177,3,0.16844408214092255,0.2579844892024994,0.1158098578453064,0.10337558388710022,0.05507270619273186,0.1095869243144989,0.1897263526916504,0.1741960197687149,0.28353843092918396,0.12961983680725098,0.09259095042943954,0.04495081678032875,0.11175172030925751,0.16335219144821167,0.09666623319845769,0.4887667991797015,0.0567820992248227,0.10968539395650037,0.007839716477447784,0.1560121705109893,0.08424758745208068,0.08031171230156146,0.5322905327853454,0.052405860177171526,0.14027535205627406,0.003955173833837961,0.09506783108390085,0.09569353776190861
101915,LR,179,3,0.17480958998203278,0.2437814623117447,0.12057090550661087,0.1063859611749649,0.0509319044649601,0.11381620168685913,0.18970395624637604,0.17278297245502472,0.2737506031990051,0.12722308933734894,0.09052876383066177,0.04831436276435852,0.1177607923746109,0.169639453291893,0.0046276221899028734,0.7560980533248448,0.020382494893038058,0.0364186416067517,0.0144766725576043,0.12962248300154938,0.038374032426308845,0.002384960433719662,0.8263558119204575,0.01795814879121349,0.04199708442586999,0.013871394886619006,0.04948306144019362,0.04794953810192674
101915,LR,181,3,0.16983118653297424,0.25345510244369507,0.12127059698104858,0.10764370113611221,0.05128921568393707,0.11007432639598846,0.18643590807914734,0.1645043045282364,0.2859809100627899,0.12023766338825226,0.09376043826341629,0.05109456554055214,0.11528671532869339,0.16913540661334991,0.0145194112763477,0.8193535438419653,0.00036960102243159017,0.030413307120864867,0.0072734680829556414,0.09976941230693166,0.028301256348503178,0.009404513101564307,0.879391217658653,0.0014684361355407044,0.034701627071758445,0.007648993077632042,0.035403019915021136,0.031982193039830346
101915,LR,183,3,0.15633323788642883,0.26935118436813354,0.120045006275177,0.10510115325450897,0.051671478897333145,0.11546067148447037,0.18203724920749664,0.15862755477428436,0.29535195231437683,0.11247187852859497,0.08974737673997879,0.05448412150144577,0.1148589625954628,0.17445814609527588,0.02179289995834996,0.7909234986548885,0.00917518982222958,0.037862531134215144,0.006328930238302324,0.11030164423331772,0.0236153059586968,0.023575163467215464,0.8395527635049045,0.007412173709278362,0.04859063113331647,0.00570828185008413,0.05184052805444285,0.02332045828075825
101915,LR,185,3,0.14946101605892181,0.27756497263908386,0.11572784185409546,0.1036626324057579,0.05026908591389656,0.11300593614578247,0.1903085708618164,0.1556684821844101,0.30081918835639954,0.10277679562568665,0.09170009940862656,0.05633973330259323,0.11551444977521896,0.1771811991930008,0.005406184952128787,0.8951031137330633,0.0031896200970019995,0.021911490237235966,0.00012295880279915126,0.057978248691420015,0.01628838348635075,0.00396424100301005,0.9214332316168637,0.0033606324597496404,0.026796496241934694,0.0005982797827379586,0.025946255062557995,0.017900863833145642
101915,LR,187,3,0.14637391269207,0.28162410855293274,0.11481809616088867,0.10173071920871735,0.05110984295606613,0.11287102848291397,0.19147229194641113,0.1462218314409256,0.30739471316337585,0.09632137417793274,0.09163753688335419,0.05257681757211685,0.12029524147510529,0.18555249273777008,0.005045522476149319,0.4820184262945929,0.05873929342599922,0.17033524769209507,0.03445278105970432,0.12434184102113646,0.12506688803032273,0.005278935618853275,0.45544237596698744,0.05496528258549234,0.18366453094660326,0.03151939348731151,0.13227885023242314,0.1368506311623292
101915,LR,189,2,0.14839820563793182,0.30619049072265625,0.10988806933164597,0.10077717900276184,0.05476756766438484,0.10340868681669235,0.17656978964805603,0.1550273448228836,0.31459060311317444,0.09215991199016571,0.09193067997694016,0.05598250404000282,0.10630287975072861,0.18400612473487854,0.1582836499131287,0.678444439093518,0.025352715728481377,0.01316807472403706,0.01165339064937569,0.046304868206184915,0.06679286168527425,0.20113912126942365,0.5983834017069306,0.009996279105738361,0.0021010035496089844,0.01659748733217634,0.06424091889026358,0.1075417881458585
101915,LR,191,2,0.16122134029865265,0.27487078309059143,0.11872898787260056,0.10367883741855621,0.05805142596364021,0.10097198933362961,0.1824767142534256,0.15020984411239624,0.3126400113105774,0.09354604780673981,0.09212629497051239,0.06116291880607605,0.09868913143873215,0.191625714302063,0.0061068126290784825,0.9758141353516414,0.0014703090871158204,0.0013679242683491569,0.0010705335828647025,0.004982028083753026,0.009188256997197405,0.009307652209415339,0.970149324090182,0.002951757411255596,0.003451187243709964,0.0009891822933022565,0.005376083028693544,0.007774813723441429
101915,LR,193,2,0.16586646437644958,0.2535800039768219,0.11848575621843338,0.10178039222955704,0.06292468309402466,0.11058312654495239,0.18677952885627747,0.144942969083786,0.3347972333431244,0.10584641247987747,0.09754621237516403,0.05839897692203522,0.09182002395391464,0.16664822399616241,0.044732916525359476,0.8799078801998179,0.04737524799559578,0.0067224042535442875,0.008136642458701621,0.006136799234718338,0.006988109332262601,0.05855716247013475,0.8526382272952194,0.05469127937593559,0.009878209288230157,0.004037340866442225,0.00942159287221277,0.010776187831825159
101915,LR,195,2,0.1484513133764267,0.2729402780532837,0.11315474659204483,0.09909307956695557,0.06641625612974167,0.11112038791179657,0.18882398307323456,0.1565203070640564,0.32580268383026123,0.10604137182235718,0.09349149465560913,0.0547797828912735,0.09886041283607483,0.16450385749340057,0.03399456960177244,0.8913158312585283,0.03589972331869791,0.0193493332318398,7.028234712482239e-05,0.005454831510219928,0.013915428731816748,0.04477103896947063,0.8516943235022321,0.04238896744145052,0.026010751272145815,0.006965964350992967,0.009888287999664446,0.01828066646404344
101915,LR,197,2,0.1488347202539444,0.273864209651947,0.11382811516523361,0.0990796685218811,0.06352295726537704,0.11455510556697845,0.1863151341676712,0.16154107451438904,0.31395119428634644,0.1024639680981636,0.08924830704927444,0.05410731956362724,0.10471897572278976,0.17396920919418335,0.01582204706200036,0.936575049813407,0.01671829432260202,0.015948482259657393,0.005984834182711336,0.005295514821197749,0.00365577753842413,0.022701917371656413,0.9076071692429026,0.021243416032919037,0.022324278421384323,0.011605180542162542,0.00878036875323669,0.005737669635738367
101915,LR,199,2,0.15591762959957123,0.2727918326854706,0.11125459522008896,0.10068695992231369,0.06309831887483597,0.1135203018784523,0.18273036181926727,0.15311144292354584,0.30943262577056885,0.10394558310508728,0.09482651203870773,0.05700811371207237,0.10463869571685791,0.17703701555728912,0.0020790078133654942,0.9826579473846103,0.0029938222137174436,0.0042750301179896285,0.005127815877700081,0.00245133422607334,0.0004150423665437015,0.005101861099304137,0.9763330182979753,0.0043337591515834875,0.006697551255740492,0.0032942318871841637,0.003176682452606876,0.0010628958556056808
101915,LR,201,2,0.16655674576759338,0.2411922812461853,0.11305924504995346,0.10713373124599457,0.061603933572769165,0.11652962863445282,0.1939244419336319,0.1583719551563263,0.28520113229751587,0.11500710248947144,0.0935281291604042,0.05262472480535507,0.11537915468215942,0.1798878163099289,0.0014053609413365504,0.993057120516511,0.0015744908680780754,0.001520009236688686,0.0009512562395175035,9.792332058357038e-05,0.0013938388772847057,0.0026371744852098896,0.9902551464651101,0.0014150171285449225,0.0029329417448702086,0.0001215186147216283,0.0006613853284377358,0.001976816233105568
101915,LR,203,2,0.16950277984142303,0.24170488119125366,0.1155729591846466,0.1101088896393776,0.0580391027033329,0.11323294043540955,0.19183847308158875,0.16790041327476501,0.2760299742221832,0.12231503427028656,0.09292391687631607,0.050239697098731995,0.11097228527069092,0.17961859703063965,0.0020344387336217683,0.9887360023557058,0.003974627362368057,0.002711927540601905,0.0014038809851492757,0.0003256857003600345,0.0008134373221931978,0.004025893805460932,0.9837678870847008,0.0039896784740488574,0.004806234267515295,0.001134429257989143,0.0003071349268488976,0.0019687421834361216
101915,LR,205,2,0.18200501799583435,0.23451368510723114,0.11478870362043381,0.10435822606086731,0.056978315114974976,0.1173771321773529,0.1899789422750473,0.1777116060256958,0.2639838755130768,0.12754808366298676,0.08840085566043854,0.05534445494413376,0.113548643887043,0.17346245050430298,0.00297240644883648,0.9863276431955271,0.006383467758049796,0.0021723245206205738,0.000313349768975455,0.0017540742685643307,7.673403942621608e-05,0.005696414063446489,0.9785191338790096,0.0073853470349438686,0.0041108807961316805,0.00015977261797286307,0.0028253004969190764,0.0013031511115764486
101915,LR,207,2,0.17455635964870453,0.2544291615486145,0.11631765961647034,0.09737982600927353,0.06126699224114418,0.10922973603010178,0.1868203729391098,0.16910772025585175,0.2760199308395386,0.11061115562915802,0.08841099590063095,0.055692002177238464,0.11869686096906662,0.18146121501922607,0.0115665756400791,0.950291394770472,0.014589349116789887,0.007431050401397386,0.005098814351198339,0.001757831006053947,0.009264984714009413,0.017223556661283022,0.9425523894954424,0.016555279365184042,0.00903989136461446,0.004566970389943858,0.00059989484153245,0.0094620178819996
101915,LR,209,2,0.18318915367126465,0.23920802772045135,0.11778315156698227,0.10089272260665894,0.05950206145644188,0.11527228355407715,0.18415257334709167,0.18233047425746918,0.2683577835559845,0.11160706728696823,0.0899592787027359,0.05137273669242859,0.11276818066835403,0.18360446393489838,0.03519600300314232,0.8851535360622529,0.020961086931073313,0.03246532640437528,0.00934181421840964,0.0036172160370540386,0.013265017343692552,0.04200341523701755,0.8676111730226901,0.024025691740658342,0.03484165915378177,0.012531847439048926,0.000320274319396246,0.01866593908740711
101915,LR,211,0,0.17476564645767212,0.23736530542373657,0.11731825023889542,0.10775312781333923,0.057978782802820206,0.11596079170703888,0.1888580024242401,0.217641219496727,0.2018136829137802,0.10807714611291885,0.10296142101287842,0.049239709973335266,0.12057400494813919,0.1996927708387375,0.1899931791910869,0.1502596536941701,0.07346818901654371,0.18642777170620392,0.051504828065098596,0.18521012406780135,0.16313625425909542,0.1793020333206444,0.15406635555022816,0.04150465014550654,0.2148808611256732,0.03301046830135872,0.21796679875537445,0.15926883280121454
101915,LR,213,0,0.1545262187719345,0.2729255259037018,0.1102805882692337,0.1026085913181305,0.05493135377764702,0.1174388900399208,0.18728888034820557,0.20322635769844055,0.19746191799640656,0.10452521592378616,0.10216177254915237,0.05477553606033325,0.1315080225467682,0.2063412070274353,0.16826246150591137,0.13847023600478447,0.16366189992531466,0.11263131049819007,0.08629225875076249,0.18181641947577046,0.1488654138392665,0.1460700082889443,0.0800516675185042,0.16288489133389267,0.18127545559073496,0.05061214514493501,0.24598896493478922,0.13311686718819954
101915,LR,215,0,0.15582002699375153,0.2704632580280304,0.11327800899744034,0.10205895453691483,0.059334732592105865,0.11315903812646866,0.18588599562644958,0.18886932730674744,0.20389825105667114,0.10699887573719025,0.10340262204408646,0.04983671009540558,0.14096514880657196,0.2060290426015854,0.17480620882082346,0.11648177196669185,0.19294745249737882,0.0448746467243806,0.102601035100493,0.1857676595998663,0.182521225290366,0.12305649046733869,0.033311454491955855,0.23903923106245017,0.08313187902659178,0.060512619910379255,0.275408119402849,0.18554020563843526
101915,LR,217,0,0.15088161826133728,0.2777705788612366,0.10938289016485214,0.09853710979223251,0.05860688164830208,0.12027598172426224,0.18454493582248688,0.16941514611244202,0.2124272584915161,0.10020139068365097,0.10423184931278229,0.05633920431137085,0.14011871814727783,0.21726642549037933,0.18161159808371105,0.2302319020130271,0.3052614243702205,0.03273502049836556,0.16065033066323553,0.08554619223508514,0.003963532136355074,0.08107324534401213,0.24751423506658332,0.32726709985193264,0.06801334020080321,0.1386638328755929,0.06026760136422353,0.07720064529685215
101915,LR,219,0,0.15462663769721985,0.2783187925815582,0.10496578365564346,0.09905073046684265,0.05939337983727455,0.11912041157484055,0.18452420830726624,0.164723739027977,0.2162170708179474,0.10136615484952927,0.0987701341509819,0.06250333786010742,0.1396067887544632,0.21681277453899384,0.1371172411477203,0.19580177361706128,0.29341460994203983,0.024359921908396982,0.1803527021660792,0.15867453007198204,0.010279221146720351,0.05612690294780032,0.21642270660033416,0.33489928794948065,0.0033458365350418854,0.17967990274085532,0.1917185048504112,0.017806858376076564
101915,LR,221,0,0.1597823202610016,0.28225135803222656,0.10796386003494263,0.09662208706140518,0.0564507432281971,0.11508350074291229,0.18184609711170197,0.1629265695810318,0.21820561587810516,0.09362102299928665,0.10248245298862457,0.057937655597925186,0.14226199686527252,0.2225646674633026,0.13220009706929367,0.1401638926436962,0.20036177622003817,0.09535864722881356,0.14093838990695776,0.24732140068609546,0.04365579624510518,0.0812449563205567,0.10273026165104703,0.2154604778146218,0.09554826861049733,0.11737473774544202,0.31077720285769694,0.07686409500013829
101915,LR,223,0,0.1624097228050232,0.2779861092567444,0.11072470247745514,0.09610665589570999,0.05515771731734276,0.11460616439580917,0.18300886452198029,0.16691584885120392,0.21240539848804474,0.10347434133291245,0.10220102220773697,0.05296950414776802,0.14004302024841309,0.2219909131526947,0.15800507680345632,0.017062127296003458,0.2049004847755544,0.09954250195222066,0.14086164265162382,0.24451045343650654,0.1351177130846348,0.10946084210193614,0.029402152655481927,0.20765659156207258,0.0642398451333381,0.11290117127025978,0.2979944953215286,0.17834490195538294
101915,LR,225,0,0.16543278098106384,0.2685593068599701,0.11030051112174988,0.10105857998132706,0.05622074007987976,0.11364956945180893,0.18477845191955566,0.1652139276266098,0.20747527480125427,0.10268613696098328,0.10228452831506729,0.05291711166501045,0.13702800869941711,0.2323949933052063,0.17008581433993267,0.10795150272977617,0.19351772819563892,0.012635595551758317,0.16121543111483577,0.2450158158579464,0.10957811221011171,0.1505090943705195,0.03667754426733895,0.18418557055675994,0.02425983824604943,0.1282665310586974,0.3032075671362447,0.1728938543643902
101915,LR,227,0,0.1898098587989807,0.2329084277153015,0.11014577746391296,0.10846973210573196,0.05940435454249382,0.11192011833190918,0.18734176456928253,0.17464332282543182,0.20997296273708344,0.10315320640802383,0.09565667808055878,0.054226815700531006,0.1355101317167282,0.2268369346857071,0.09010235704135881,0.13778131544851382,0.25482573186847507,0.05313644351503005,0.0009449176452086341,0.33627806081732053,0.12693117366409307,0.10211111036360665,0.12415316174114384,0.25441319912303983,0.042412207061639715,0.0007090013029639606,0.33858230293302344,0.1376190174745827
101915,LR,229,5,0.15931947529315948,0.27055609226226807,0.10091125220060349,0.10413814336061478,0.07020436227321625,0.1067347601056099,0.18813592195510864,0.18041852116584778,0.2199939787387848,0.08923808485269547,0.09545470029115677,0.06224946305155754,0.13192874193191528,0.2207164317369461,0.41235935996011713,0.2372378679987218,0.09212649111917344,0.09708515574226562,0.06487960003896395,0.05736995131795576,0.03894157382280232,0.466261549008509,0.22161721647750704,0.08780493230446552,0.07333967499170799,0.07508387585522712,0.02969976930215153,0.046192982060431875
101915,LR,231,1,0.1435890793800354,0.29160967469215393,0.09781229496002197,0.10072802007198334,0.06153465434908867,0.11464237421751022,0.19008387625217438,0.18231990933418274,0.23648187518119812,0.10124791413545609,0.0963578075170517,0.06214774027466774,0.129727303981781,0.1917174756526947,0.248942297522293,0.516528464459205,0.07819506166071602,0.07272734083640953,0.056728555714305844,0.025540902593088655,0.0013373772139820142,0.2391972182453082,0.5044100198686217,0.09413313130255979,0.07530103048175489,0.05539378540154753,0.02820665649715228,0.0033581582030554804
101915,LR,233,1,0.14218010008335114,0.3098837733268738,0.1006232351064682,0.09413070976734161,0.056861840188503265,0.11240611970424652,0.1839141547679901,0.1824430227279663,0.26346462965011597,0.09566928446292877,0.09066272526979446,0.058258190751075745,0.12485966086387634,0.1846424639225006,0.1378083715888733,0.6900941171205395,0.026419341554623454,0.030277687564634094,0.061129835610404665,0.014323207552645986,0.039947439008279045,0.12610121373570324,0.6818140857302809,0.02570067442185598,0.03722672738878292,0.057691624832015814,0.014241863581143988,0.057223810310217026
101915,LR,235,1,0.1514841467142105,0.2929919362068176,0.09896139055490494,0.10333418101072311,0.056045860052108765,0.11644269526004791,0.18073979020118713,0.16219663619995117,0.2913116216659546,0.1069515272974968,0.10112469643354416,0.05780058354139328,0.11763773113489151,0.16297714412212372,0.16316725949942337,0.6796105576799608,0.0556772601378795,0.012595186548763094,0.011381803010332658,0.023125537758265872,0.05444239536537471,0.1544979138576818,0.6456995071272201,0.06899561034375473,0.013083001223711125,0.026082462894002723,0.019262256762159976,0.07237924779146951
101915,LR,237,1,0.1481383740901947,0.2962816655635834,0.10376797616481781,0.1026914194226265,0.051198434084653854,0.11613202840089798,0.18179009854793549,0.1394307017326355,0.32483458518981934,0.10465709865093231,0.10298499464988708,0.05710962414741516,0.11408654600381851,0.1568964272737503,0.11098484471471289,0.7484280117948889,0.04899759401368684,0.019593053607558822,0.009105536961287021,0.015253618457562445,0.047637340450302997,0.10735315116618094,0.7156738722555255,0.05168734775417165,0.021195985084069488,0.024261713870245314,0.010755059224513796,0.06907287064529335
101915,LR,239,1,0.14804258942604065,0.3002678155899048,0.10531850904226303,0.10119076073169708,0.05063668265938759,0.11546038091182709,0.17908328771591187,0.12783639132976532,0.3353012800216675,0.107523113489151,0.09765549004077911,0.05468432977795601,0.1167585551738739,0.16024082899093628,0.10575782248160005,0.5526231004021949,0.15301896113368094,0.044959237775179586,0.02721391276119592,0.03921232058897827,0.07721464485717036,0.09396679109846395,0.526058997834369,0.13651619262067766,0.05255473259791921,0.03630546124846185,0.03552960538538363,0.11906821921472462
101915,LR,241,1,0.1538710594177246,0.2963005602359772,0.1074921265244484,0.10569649934768677,0.04612381383776665,0.11472222954034805,0.17579379677772522,0.13034237921237946,0.3333422541618347,0.0974208414554596,0.09442414343357086,0.05488145723938942,0.12711426615715027,0.1624745875597,0.12829857154514548,0.5884133258846735,0.059477929108957855,0.003392458725127296,0.008606418500577317,0.09057464055312982,0.12123665568238867,0.0981779195999437,0.5565143565504086,0.065205215163979,0.019454306362301593,0.01168047112033676,0.06622187579613187,0.18274585540689853
101915,LR,243,1,0.15167278051376343,0.29257023334503174,0.10857471823692322,0.10543359816074371,0.048496395349502563,0.11557991057634354,0.17767234146595,0.12212605029344559,0.3219984173774719,0.10199609398841858,0.09183134883642197,0.05113876610994339,0.1401492804288864,0.17076005041599274,0.03664084886182801,0.66383139493317,0.025086834565580366,0.007520319151527144,0.003805188829464571,0.1571947711024675,0.10592064255596241,0.034728930130163316,0.6762262361542976,0.02563858262199181,0.00858049518855561,0.002362316636389727,0.09352106802111913,0.15894237124748298
101915,LR,245,1,0.142099529504776,0.30376872420310974,0.10327937453985214,0.10131200402975082,0.05561405047774315,0.11713062226772308,0.17679570615291595,0.11670663952827454,0.2945336103439331,0.10607291758060455,0.09482264518737793,0.0559413842856884,0.1515703946352005,0.18035244941711426,0.026113228215089823,0.8345215085963612,0.00804418983672956,0.0019321403021125368,0.004449241953830156,0.06599645586213954,0.05894323523373717,0.03104526168632752,0.8232322795404269,0.00401627548033698,0.012133621808704751,0.009463042431209394,0.03792604496343334,0.08218347408956099
101915,LR,247,1,0.14701242744922638,0.30013686418533325,0.10463597625494003,0.10417093336582184,0.058809492737054825,0.1118822693824768,0.17335200309753418,0.12594400346279144,0.3093804121017456,0.09971281886100769,0.0950227677822113,0.06038544699549675,0.12585340440273285,0.18370117247104645,0.09081559061043859,0.7433055319305875,0.03186255308753781,0.01165678159642032,0.02758353560693996,0.0247573619587112,0.07001864520936463,0.07271103327381771,0.734120648154793,0.020112911308425123,0.025442004911033638,0.030233409710584525,0.01987372610008144,0.09750626654126449
101915,LR,249,1,0.14878399670124054,0.30044713616371155,0.10534609109163284,0.10318795591592789,0.05697143077850342,0.11413562297821045,0.17112776637077332,0.15275780856609344,0.28681257367134094,0.10510776937007904,0.10718002170324326,0.05878951773047447,0.11518074572086334,0.17417150735855103,0.11148224792976134,0.6723241141791967,0.08773815178895852,0.035666780698838864,0.012853565188551274,0.013323852690438386,0.06661128752425491,0.10472397883059256,0.6560913179815728,0.0700163302798401,0.04701366266851009,0.024357930483454863,0.012587755931629235,0.08520902382440039
101915,LR,251,4,0.15508951246738434,0.30060815811157227,0.1098628044128418,0.10039669275283813,0.05878028646111488,0.10628155618906021,0.1689809411764145,0.1619219183921814,0.28536027669906616,0.09985622018575668,0.10163937509059906,0.05585039034485817,0.10288861393928528,0.19248320162296295,0.6930004274948958,0.07643915074588856,0.05960186771637644,0.011679976306824984,0.090569497281195,0.01321976251003047,0.055489317944788764,0.6824933926906892,0.06614017865393666,0.06741786718736728,0.02180962332565005,0.06872521047641268,0.011150975360206894,0.08226275230573732
101915,LR,253,4,0.16707366704940796,0.2663438022136688,0.11174847930669785,0.09846459329128265,0.06139465421438217,0.11478842049837112,0.18018639087677002,0.17355352640151978,0.29852908849716187,0.11683463305234909,0.09793494641780853,0.04954914748668671,0.09348198771476746,0.17011672258377075,0.2767106211362135,0.47839054506053363,0.03626942435030067,0.14167035505492548,0.0284967823660219,0.014703975758590464,0.023758296273414366,0.2839696878189803,0.49987519115628504,0.03332233781429532,0.11450106943332887,0.013349830633152945,0.005129872639591278,0.04985201050436647
101915,LR,255,4,0.1595870554447174,0.25834232568740845,0.1170138269662857,0.10154338926076889,0.06407918781042099,0.11137253791093826,0.1880616843700409,0.17805661261081696,0.30449962615966797,0.1203705444931984,0.10252024978399277,0.04773173853754997,0.08409720659255981,0.16272404789924622,0.38567538683932057,0.5128696613423152,0.035220175215522204,0.03385151391126877,0.022669551488016366,0.003851560337707523,0.005862150865849389,0.38133133016574805,0.5074105729886654,0.036056818710204976,0.016428764114148193,0.022706866165431872,0.005186918444142401,0.030878729411659
101915,LR,257,4,0.15746815502643585,0.267147421836853,0.11483625322580338,0.10322602838277817,0.0626126080751419,0.10102052241563797,0.19368892908096313,0.16319173574447632,0.31716060638427734,0.11601629853248596,0.10543898493051529,0.045499883592128754,0.08501977473497391,0.16767269372940063,0.3233346367048322,0.5416770583974354,0.02638697100170308,0.02221938420393409,0.018114703702314827,0.023858140120898912,0.044409105868881416,0.3095587474818511,0.5342468485014851,0.035896780044622635,0.004606416853061427,0.02375716854018686,0.014513767618236011,0.07742027096055709
101915,LR,259,4,0.16156364977359772,0.2768910825252533,0.11294043809175491,0.09763471782207489,0.06233103573322296,0.10159841179847717,0.18704058229923248,0.15202943980693817,0.3216395676136017,0.10818319767713547,0.10209576040506363,0.05281927436590195,0.0880831703543663,0.17514964938163757,0.2963573031018549,0.5336680882402832,0.02150099208792371,0.03859775862883442,0.023432918948630203,0.023801437256750737,0.0626415017357228,0.26496330276994456,0.4988266326673998,0.025322227145867,0.04273909797579375,0.04334696906835613,0.03539256444327924,0.08940920592935936
101915,LR,261,4,0.17944367229938507,0.24035951495170593,0.11902191489934921,0.10329562425613403,0.057365477085113525,0.10777202248573303,0.19274182617664337,0.15928636491298676,0.30129408836364746,0.11052954196929932,0.09687995910644531,0.05285606533288956,0.09354562312364578,0.18560828268527985,0.4101730226448689,0.5323053881158645,0.009003791692176995,0.007296549779262954,0.002890990469549825,0.017872091710242885,0.020458165588034025,0.37468003899385555,0.5089128046537181,0.01673399737832336,0.010482524401645004,0.01296728697401564,0.03484192407203642,0.041381423526405836
101915,LR,263,4,0.16278818249702454,0.27394938468933105,0.11264915764331818,0.09769236296415329,0.06249532848596573,0.10282240062952042,0.18760308623313904,0.14204750955104828,0.3196703791618347,0.1129651814699173,0.10762269049882889,0.04895779490470886,0.09497123211622238,0.17376528680324554,0.35276866760246034,0.4958318247988438,0.01760433980980804,0.03364862831873534,0.010895828114202805,0.053052247218674194,0.036198464137275434,0.32043781654077375,0.48747038504983314,0.012578918019094667,0.02549955893305444,0.0016920801426490901,0.08358418509079481,0.06873705622380018
101915,LR,265,4,0.16099199652671814,0.27484989166259766,0.10879529267549515,0.09913375228643417,0.06365372985601425,0.10384144634008408,0.18873393535614014,0.15871897339820862,0.29808470606803894,0.10741311311721802,0.10649461299180984,0.05167325213551521,0.09759434312582016,0.1800210028886795,0.38018900977617415,0.5034581446927209,0.02517744760996509,0.01107554399593837,0.031256378663144554,0.0035293656797139024,0.045314109582343026,0.3626609510461052,0.5050190195940585,0.006971262154547299,0.002590505853534197,0.03157458125989688,0.0031152543770999715,0.08806842571475781
101915,LR,267,4,0.1661079227924347,0.26221519708633423,0.11442007124423981,0.10216683149337769,0.05946260690689087,0.10456878691911697,0.19105859100818634,0.1680324375629425,0.28501906991004944,0.11155194044113159,0.10467866063117981,0.050781819969415665,0.09788047522306442,0.18205563724040985,0.37468715832642774,0.43057934213854737,0.07868307537253709,0.018365641697805614,0.016339650100411777,0.026026043733815035,0.055319088630455385,0.3662073295742198,0.43563037161814605,0.050102105238418466,0.009887711471629883,0.008846636218097628,0.030073072204792557,0.09925277367469568
101915,LR,269,4,0.16671541333198547,0.26995226740837097,0.11135942488908768,0.09869060665369034,0.05756869912147522,0.10518071055412292,0.19053293764591217,0.17452211678028107,0.27256137132644653,0.10674834996461868,0.10520376265048981,0.05339674651622772,0.10424349457025528,0.18332409858703613,0.2980307555528943,0.37883575265576835,0.13536976268397244,0.04182596429941261,0.03549624387644461,0.08607037458366895,0.02437114634783866,0.2698972702607508,0.38034621582822836,0.11650610424495987,0.05553912582052666,0.03484360430927427,0.11487741099211005,0.027990268544149842
101915,LR,271,4,0.16097769141197205,0.27649667859077454,0.10891567915678024,0.10307713598012924,0.050909414887428284,0.11463260650634766,0.18499089777469635,0.15884655714035034,0.28431734442710876,0.09915579855442047,0.1024177148938179,0.05516601353883743,0.11743934452533722,0.18265724182128906,0.14826571298943977,0.6374775479344114,0.05871170121831545,0.043700634056249875,0.07926851351375641,0.0008268558668252792,0.031749034421001895,0.12657929557642766,0.652656839016963,0.08005483928083595,0.035828401354685124,0.09847946971552127,0.00429925441088162,0.002101900644685419
101915,LR,273,2,0.17083126306533813,0.26253679394721985,0.10745064914226532,0.10271243751049042,0.06412496417760849,0.11114031821489334,0.18120361864566803,0.17582641541957855,0.2757774293422699,0.10303512215614319,0.09856589138507843,0.06690358370542526,0.1061234101653099,0.17376808822155,0.037535931124164375,0.47232439655976366,0.15691830181720004,0.08263030404294867,0.07231623813384207,0.016409858547753394,0.1618649697743278,0.04129086470236509,0.4618987249029234,0.15690464784272115,0.08334047483922054,0.09464282330862259,0.015001556633897335,0.14692090777024996
101915,LR,275,0,0.18954183161258698,0.24025405943393707,0.11830265074968338,0.10140068084001541,0.059605129063129425,0.10667996108531952,0.1842156946659088,0.20342262089252472,0.22849783301353455,0.12228173762559891,0.1120409145951271,0.05626405403017998,0.09913639724254608,0.17835649847984314,0.2268283831723964,0.2178308262585959,0.10989808807875903,0.1971849537710675,0.0005467363913779331,0.10606056822513979,0.14165044410266345,0.21529299649390737,0.26578021780154576,0.10072809479580605,0.18600710476612084,0.012731068165603482,0.07282526981282014,0.14663524816419637
101915,LR,277,0,0.1884119063615799,0.24885137379169464,0.11934304982423782,0.09587100893259048,0.06148403137922287,0.104763463139534,0.18127518892288208,0.20198658108711243,0.23863419890403748,0.13120855391025543,0.1030384972691536,0.061246540397405624,0.09132755547761917,0.17255811393260956,0.31647256729193796,0.21773392511862305,0.11026871390137202,0.1668078108120038,0.012981052217164602,0.07703208825141664,0.09870384240748191,0.3035913126259022,0.27698683615863195,0.10514515746033092,0.14394767321713292,0.030948253712615746,0.03902096122747774,0.10035980559790851
101915,LR,279,0,0.1830577552318573,0.2606815695762634,0.11728686839342117,0.09369109570980072,0.06188300624489784,0.10291983187198639,0.18047986924648285,0.20283746719360352,0.22905273735523224,0.13516023755073547,0.10903651267290115,0.0590805821120739,0.09100940823554993,0.17382298409938812,0.3197225790468178,0.14643977866548993,0.14292616513887166,0.19776446690179858,0.006639322567724456,0.10375890024238006,0.08274878743691755,0.34567008513815384,0.17961077739920117,0.13438181857015546,0.1812492816771447,0.019529863999827646,0.054628309539143945,0.08492986367637329
101915,LR,281,0,0.17886102199554443,0.26281049847602844,0.1114305853843689,0.09516303986310959,0.06272042542695999,0.10855325311422348,0.18046104907989502,0.20345349609851837,0.22994031012058258,0.12083689868450165,0.11556101590394974,0.06024765223264694,0.09336914122104645,0.17659151554107666,0.2728909149540697,0.075206864728588,0.16382625216842997,0.22303321279200897,0.026468013033017414,0.1614993111406325,0.07707543118325343,0.3140473016804507,0.08937667482244309,0.15066850602485277,0.21184266760912,0.0027005461486708294,0.13124482380523889,0.10011947990922382
101915,LR,283,0,0.1898398995399475,0.25265657901763916,0.11663760244846344,0.0963166132569313,0.05885155126452446,0.10493047535419464,0.1807672381401062,0.19275477528572083,0.2283252626657486,0.11802133917808533,0.12072708457708359,0.057303350418806076,0.09768611192703247,0.1851821094751358,0.31310920961572963,0.13431082593821897,0.0895218441170515,0.29200378061782395,0.03443230100701707,0.024401832280551886,0.11222020642360697,0.3017837325867263,0.16095247773336926,0.10214495351247725,0.2763054550156662,0.018235869506282424,0.012427905001955416,0.12814960664352318
101915,RL,31,1,0.13749633729457855,0.29470813274383545,0.10053475201129913,0.09609422832727432,0.05901409685611725,0.11560942977666855,0.19654293358325958,0.1539154350757599,0.29721981287002563,0.12685415148735046,0.098467156291008,0.047829922288656235,0.12341319769620895,0.15230026841163635,0.09867241178238002,0.5732911864467224,0.22754962111290997,0.025593853695967485,0.011674555261534846,0.026856221458527525,0.03636215024195776,0.12279084255880873,0.5763219431722074,0.17092924188527156,0.01154716249571997,0.018501635766471156,0.0275813834798301,0.07232779064169098
101915,RL,33,1,0.13974079489707947,0.2924274802207947,0.09735261648893356,0.10279328376054764,0.06271518021821976,0.11220906674861908,0.19276151061058044,0.14741772413253784,0.3154836893081665,0.12124636024236679,0.10313699394464493,0.05221293494105339,0.11145810782909393,0.14904411137104034,0.10898868064756496,0.514456842245332,0.18354526588970255,0.05347923230061934,0.03688037692096174,0.040593968977586374,0.06205563301823313,0.11739078796725214,0.5180348753529365,0.13175827219690361,0.030964680951892677,0.0525118142615574,0.0439394888144473,0.1054000804550105
101915,RL,35,1,0.14075759053230286,0.2940160632133484,0.09511391073465347,0.10111816972494125,0.06382636725902557,0.11005842685699463,0.19510948657989502,0.14468075335025787,0.3150595724582672,0.12010930478572845,0.0993199422955513,0.05827827751636505,0.11111120134592056,0.15144091844558716,0.23707750207451658,0.4784085618808249,0.2033006919384061,0.006991280568353306,0.009823026573698206,0.03384603595982833,0.03055290100437253,0.24227383796008006,0.4826666903366153,0.12833893870999816,0.015432097000339678,0.015468063087384337,0.04045253761754981,0.07536783528803273
101915,RL,37,1,0.14735227823257446,0.2783714532852173,0.09937937557697296,0.10394642502069473,0.06278897821903229,0.1170164942741394,0.19114498794078827,0.1366148591041565,0.2996962368488312,0.1174069494009018,0.09992478787899017,0.062354378402233124,0.11639146506786346,0.16761134564876556,0.1658996594793184,0.6299185845156272,0.07428555141093164,0.017580022016223676,0.003606267364826453,0.046315399164969136,0.0623945160481035,0.17008156203690908,0.6294118642914036,0.030527554924960613,0.013764018313967482,0.0034947414412967457,0.04984872091721952,0.10287153807424294
101915,RL,39,1,0.14566929638385773,0.2768515646457672,0.1031835749745369,0.10313788056373596,0.06619039177894592,0.11643209308385849,0.1885351985692978,0.12775272130966187,0.30157870054244995,0.1155666932463646,0.09525121003389359,0.06647217273712158,0.11935815960168839,0.17402032017707825,0.05333903301850776,0.45836293200696,0.07400487813513687,0.10374184135654134,0.08117642586909038,0.12704014605861333,0.10233474355515036,0.06514038301394269,0.45107486917948875,0.03407460505307931,0.061123526867518874,0.08017278038704992,0.16566387619381703,0.14274995930510334
101915,RL,41,4,0.15586212277412415,0.2752614915370941,0.10695502907037735,0.10682152956724167,0.05791854113340378,0.10969460755586624,0.1874866634607315,0.14155763387680054,0.28552329540252686,0.12129196524620056,0.10278863459825516,0.05039228871464729,0.12238888442516327,0.1760573387145996,0.34073343215893886,0.2230273958715353,0.11798486142789669,0.052317918725037195,0.04439286245234566,0.16176767785500676,0.059775851509239517,0.34459452617219616,0.25166697359182116,0.11548788171249488,0.02788779330693883,0.05922204090713895,0.1453756019918498,0.055765182317560155
101915,RL,43,4,0.15713581442832947,0.27426934242248535,0.10570475459098816,0.10257260501384735,0.05982459336519241,0.11163414269685745,0.18885882198810577,0.14601628482341766,0.2929685115814209,0.12415369600057602,0.09774859249591827,0.04860363155603409,0.11774588376283646,0.1727634072303772,0.36221695946499843,0.42108840162942945,0.05474015585000126,0.05623816665760602,0.014558350768568113,0.031458611526701465,0.0596993541026953,0.3795092677694757,0.4520741417039604,0.04047959563039835,0.05665944382838534,0.004156821142041355,0.04267345124625491,0.024447278679483993
101915,RL,45,4,0.1457124650478363,0.2950712740421295,0.09860929846763611,0.10233458131551743,0.06386038661003113,0.10521412640810013,0.18919788300991058,0.1590632051229477,0.29264315962791443,0.11487001925706863,0.1014491617679596,0.048981476575136185,0.11179935187101364,0.17119362950325012,0.4388348177185173,0.48894722483413455,0.008783358683652293,0.053633092803792345,0.001627805047821003,0.0050990463330681385,0.0030746545790143734,0.41329679721104084,0.48049740336777336,0.009666930847148234,0.05174159603851432,0.0008605026617064241,0.00569801611249615,0.03823875376132062
101915,RL,47,4,0.1621360033750534,0.27652037143707275,0.10643255710601807,0.10192931443452835,0.060741279274225235,0.10681774467229843,0.18542267382144928,0.17843230068683624,0.2934032678604126,0.10901224613189697,0.09869126975536346,0.04823479801416397,0.10547313094139099,0.16675300896167755,0.40093958157056364,0.43384763707098417,0.014982748030233806,0.03702659954741725,0.05950969786504478,0.02512424934239047,0.028569486573365874,0.38777895404909707,0.4455158072521419,0.01990441311323903,0.05402862023112627,0.058331953752046785,0.025152942488243873,0.009287309114105064
101915,RL,49,4,0.17306233942508698,0.2627658545970917,0.10887925326824188,0.1031552106142044,0.05887323245406151,0.10685669630765915,0.1864074319601059,0.1911441832780838,0.29176780581474304,0.09932304173707962,0.10122540593147278,0.044289007782936096,0.10437770932912827,0.16787289083003998,0.39411201514926564,0.5185616403382314,0.015337901904415543,0.0036204530107708634,0.010906391002405647,0.041562129386637774,0.015899469208273183,0.37171120122933954,0.5373075308579927,0.02224241567509239,0.0017236631124765893,0.012667798863353036,0.05079253704958247,0.0035548532121633144
101915,RL,51,4,0.17799019813537598,0.2513449788093567,0.11299816519021988,0.10206732153892517,0.055074453353881836,0.10922416299581528,0.19130069017410278,0.19988660514354706,0.28790074586868286,0.10418852418661118,0.09839295595884323,0.043860580772161484,0.09795204550027847,0.16781868040561676,0.2862828920790587,0.4961889047127018,0.015939001786254934,0.04493683216607716,0.014409813812674642,0.03444726344446701,0.10779529199876578,0.21903364382970605,0.5358558370877078,0.030067946078891045,0.0797178779425951,0.004532455437329703,0.04191265111595378,0.08887958850781646
101915,RL,53,4,0.1765773594379425,0.24942734837532043,0.11619938910007477,0.10138936340808868,0.05480207875370979,0.11122004687786102,0.19038447737693787,0.1901552379131317,0.29554980993270874,0.10251505672931671,0.10683857649564743,0.042244065552949905,0.09588482975959778,0.166812464594841,0.3146743779402275,0.41157369986221976,0.003841582919676363,0.12023568988436309,0.03211074773608977,0.030878497091588623,0.08668540456583491,0.3074804510952115,0.46098753556759614,0.005655428424575361,0.12801710510506373,0.029139236159171585,0.039726245569925975,0.028993998078455794
101915,RL,55,4,0.1762479692697525,0.2556802034378052,0.11402969062328339,0.10443983227014542,0.05361660197377205,0.10726646333932877,0.1887192726135254,0.1844470500946045,0.3032400608062744,0.10611922293901443,0.09494736790657043,0.04576069489121437,0.09571024775505066,0.1697753369808197,0.2114669388160924,0.5449571368550393,0.017532533354419916,0.028510161101240952,0.04548207789675603,0.037498104178404656,0.11455304779804665,0.16363329026039977,0.611162151560259,0.012880795053178783,0.05111435071873453,0.04855529415560629,0.041169266425448756,0.07148485182637285
101915,RL,57,4,0.17897267639636993,0.24685439467430115,0.11301109194755554,0.10625720769166946,0.05306467041373253,0.11290714889764786,0.18893279135227203,0.1749693751335144,0.3022526204586029,0.10953712463378906,0.09579931944608688,0.051173776388168335,0.09848419576883316,0.16778364777565002,0.10864620540346673,0.6944626124547163,0.027889433573449137,0.00832418647549828,0.0036490008039815796,0.05660128033582469,0.10042728095306327,0.04448421250213916,0.7548400334148613,0.019765484852344726,0.0011022428565117487,0.014072816417661964,0.06712863692605356,0.09860657303042765
101915,RL,59,4,0.1708059459924698,0.25632375478744507,0.11180457472801208,0.10765602439641953,0.052901167422533035,0.11260003596544266,0.18790851533412933,0.16999539732933044,0.30491960048675537,0.10514837503433228,0.09318337589502335,0.053225915879011154,0.09814604371786118,0.1753813475370407,0.032594145665954165,0.7110394421401678,0.018620245631327522,0.11424807654515,0.046148309707093084,0.029825695948764216,0.047524084361543185,0.043284857890741775,0.6786149661885936,0.023654204905235603,0.11445187994814272,0.049347433497620156,0.03521247954060314,0.055434178029062926
101915,RL,61,0,0.16942667961120605,0.25281259417533875,0.113068126142025,0.1084417775273323,0.05399142950773239,0.11287488788366318,0.18938450515270233,0.18398496508598328,0.2643578350543976,0.11373736709356308,0.10511022061109543,0.05267353728413582,0.10026682913303375,0.17986926436424255,0.300161365843704,0.15886391623843066,0.054864898759080856,0.1207157820872526,0.031363861974186745,0.1854336976751389,0.14859647742220622,0.3047086468271862,0.19708679361903006,0.053298481585457205,0.1345447387102713,0.0023998380319819115,0.18235001921295274,0.12561148201312053
101915,RL,63,0,0.17105072736740112,0.25289779901504517,0.11807595193386078,0.10987285524606705,0.05629858002066612,0.10690817981958389,0.184895858168602,0.18676011264324188,0.2608720362186432,0.10589464753866196,0.10427497327327728,0.056900836527347565,0.0976802408695221,0.18761718273162842,0.3217747466147308,0.14866599518675447,0.08028263011394203,0.0665156381376703,0.04993609933310776,0.2664404665040767,0.06638442410971794,0.3278352475252273,0.18210164270276105,0.050945158260610746,0.041055673925891496,0.05479166632526238,0.27475703128656126,0.06851357997368565
101915,RL,65,0,0.1738196760416031,0.2508282959461212,0.11700720340013504,0.10806343704462051,0.05716994032263756,0.1055312529206276,0.1875801980495453,0.18675202131271362,0.2676563262939453,0.10144784301519394,0.10315239429473877,0.05821501463651657,0.09656251966953278,0.1862139254808426,0.3005784228257566,0.11193888531653506,0.027721232764914748,0.2429913281855328,0.05999824862880901,0.25052802618541864,0.006243856093033195,0.30540233867239763,0.09987671726309602,0.006672401831416674,0.23727118642933756,0.06553528951965922,0.28093688204015227,0.004305184243940488
101915,RL,67,0,0.17862403392791748,0.2524889409542084,0.11419952660799026,0.10368537157773972,0.062334802001714706,0.10178575664758682,0.18688157200813293,0.18551379442214966,0.26776912808418274,0.09588557481765747,0.11458823829889297,0.061679139733314514,0.09333637356758118,0.1812276691198349,0.30395864441835163,0.10635330371558596,0.018664511092777666,0.3023772974334833,0.05076887047118171,0.1327576249412263,0.08511974792739345,0.32138424851033537,0.08708637524695918,0.00386175183849338,0.32504900753706717,0.03595254523106288,0.16535564571645964,0.0613104259196224
101915,RL,69,0,0.1683679223060608,0.25060248374938965,0.11073504388332367,0.10288673639297485,0.06266576051712036,0.10845518857240677,0.19628684222698212,0.1896534562110901,0.26921549439430237,0.11369641125202179,0.1218964084982872,0.05528869852423668,0.09088140726089478,0.1593681126832962,0.1915789517509723,0.15325910412970611,0.18486876905689587,0.2059192658019205,0.05333144948724174,0.1199464700842235,0.09109598968903994,0.21333996010337516,0.16476937241478753,0.20649011368714543,0.2449909179685249,0.026196527620602796,0.11246457150229072,0.03174853670327343
101915,RL,71,0,0.16926752030849457,0.25234752893447876,0.11072705686092377,0.09934870153665543,0.06457585841417313,0.10910438746213913,0.19462895393371582,0.197758287191391,0.25400876998901367,0.1204518973827362,0.11043571680784225,0.06037440896034241,0.09098143130540848,0.165989488363266,0.1925805409970648,0.17703343958922566,0.19151040903084074,0.19992178640401473,0.05520243544739731,0.11207451237819935,0.07167687615325742,0.1966768852461768,0.18728349213740308,0.22258838637154776,0.2270867535030239,0.03407380956398981,0.1243483690079669,0.007942304169891555
101915,RL,73,0,0.1764371395111084,0.2553953230381012,0.11128561198711395,0.10006663203239441,0.0639849379658699,0.10497970879077911,0.1878506988286972,0.19341285526752472,0.2539619505405426,0.13029533624649048,0.1120329424738884,0.057914119213819504,0.09085438400506973,0.16152842342853546,0.17916021746606398,0.13256708452710741,0.17357840338964423,0.18386083355898497,0.09582639442707819,0.12886481013684578,0.10614225649427542,0.18799423948092897,0.10683938623853033,0.1964160555809376,0.20993936990315645,0.08393730690182137,0.1458684001860515,0.06900524170857376
101915,RL,75,0,0.17664217948913574,0.25644171237945557,0.11098756641149521,0.09894517064094543,0.061844464391469955,0.10581411421298981,0.1893247663974762,0.21069753170013428,0.23239260911941528,0.12540075182914734,0.1050386130809784,0.05884820222854614,0.09129752218723297,0.17632484436035156,0.17088304091653478,0.14748255740355967,0.16483385524170802,0.18027144488841873,0.11572361651449896,0.10184480616239372,0.11896067887288615,0.18009335999301074,0.1518230488287282,0.18659469463777376,0.2218161149227517,0.0977642727906234,0.10241122324015882,0.059497285586953275
101915,RL,77,0,0.18219530582427979,0.2573120594024658,0.11130648106336594,0.09831485152244568,0.058765918016433716,0.10708807408809662,0.1850174218416214,0.2034628838300705,0.23321892321109772,0.12346061319112778,0.10703476518392563,0.059833455830812454,0.0893654078245163,0.18362389504909515,0.24109033791366433,0.07995995736611043,0.24768762120087243,0.24198969898096234,0.17176422135824315,0.009430763565870928,0.00807739961427642,0.2516371138281848,0.04408307010369109,0.2558978453018164,0.23983856779178053,0.1137062823457136,0.045687053481738724,0.04915006714707492
101915,RL,79,0,0.19037514925003052,0.2431737631559372,0.11499667167663574,0.10081453621387482,0.06053589656949043,0.10679234564304352,0.18331162631511688,0.20020495355129242,0.2224193662405014,0.10914912074804306,0.1306338906288147,0.06079103425145149,0.09057451784610748,0.18622718751430511,0.08212081516364113,0.06277731523906627,0.1388522020710975,0.36800895987471616,0.13361423872269423,0.03201606413226702,0.18261040479651774,0.08294455989187807,0.04740977263265744,0.11800456551408393,0.4024633837677131,0.1115538000913714,0.01530899820586989,0.222314919896426
101915,RL,81,0,0.16978290677070618,0.2470380812883377,0.11201561987400055,0.10194497555494308,0.0682881623506546,0.11268049478530884,0.18824970722198486,0.18316879868507385,0.22847485542297363,0.1213233545422554,0.12149819731712341,0.06245702505111694,0.09830474853515625,0.1847730576992035,0.08292342787089796,0.21190176358172227,0.1997546840159346,0.21371123224540842,0.10307962192497083,0.06785307339094795,0.12077619697011795,0.0962405907155557,0.22429589848235074,0.2063934346802329,0.22365732156119886,0.0636223670015547,0.0479339639261702,0.13785642363293704
101915,RL,83,0,0.1904517263174057,0.22868221998214722,0.11500241607427597,0.10659376531839371,0.0617343932390213,0.10710926353931427,0.19042618572711945,0.17660389840602875,0.23194372653961182,0.11592075228691101,0.12256809324026108,0.06732554733753204,0.0966787338256836,0.18895919620990753,0.019087521403004015,0.19922405449330824,0.2062561379693657,0.31198435611950714,0.026302111872781267,0.09860811836806335,0.13853769977397026,0.005003593787867669,0.2159582404442552,0.20690883024455461,0.2965656674989589,0.02388878019871886,0.11472147023386818,0.13695341759177657
101915,RL,85,0,0.18623033165931702,0.23311935365200043,0.11320246756076813,0.10562562197446823,0.06021876260638237,0.1082904115319252,0.19331306219100952,0.18196694552898407,0.2412186712026596,0.11583676934242249,0.11387021839618683,0.06250987946987152,0.09923551976680756,0.18536199629306793,0.028268273992620267,0.2914557301237129,0.2039455073621911,0.23569424043976508,0.010362745221344033,0.05889563633175195,0.1713778665286147,0.02122076898536897,0.29042629482383947,0.18339526377125304,0.2241729310427631,0.02679077016135399,0.053953419322725876,0.20004055189269568
101915,RL,87,5,0.15788185596466064,0.27470412850379944,0.10261925309896469,0.10477183014154434,0.06919176876544952,0.10651197284460068,0.18431918323040009,0.14072489738464355,0.27816566824913025,0.1039944514632225,0.12753747403621674,0.07265612483024597,0.0952611044049263,0.18166029453277588,0.5511926619373774,0.13176176525988145,0.04841180381781697,0.1776173072930574,0.007084474057523338,0.0593941231823688,0.024537864451974655,0.5976183415424814,0.09261228222239666,0.17027903356118007,0.08798458057764767,0.010779237578402321,0.03969531307706592,0.0010312114408260412
101915,RL,89,5,0.1549602746963501,0.2781975567340851,0.09827424585819244,0.10856479406356812,0.07031406462192535,0.10788170993328094,0.18180729448795319,0.1378393918275833,0.28721097111701965,0.10290683805942535,0.12295392155647278,0.07401194423437119,0.09613841027021408,0.17893853783607483,0.0960285476295364,0.32262495284462617,0.11756678706918915,0.06670540858577038,0.18031684568254225,0.13255108617758368,0.08420637201075197,0.09086299169874856,0.4251706114092475,0.1508245758105035,0.01281487790964756,0.20565776844300782,0.004588589295532672,0.1100805854333125
101915,RL,91,5,0.1583394557237625,0.2854533791542053,0.09809887409210205,0.10365813225507736,0.0659075602889061,0.11253926903009415,0.1760033667087555,0.13473334908485413,0.2856948971748352,0.10481984168291092,0.12280731648206711,0.07771974056959152,0.10445404797792435,0.16977085173130035,0.07089094417857973,0.4129265717487085,0.08772304721278908,0.09178449956525021,0.3004294805447618,0.0023713158113556113,0.03387414093855501,0.04750568552789147,0.44164132464071437,0.04805126018974148,0.0017458512864932086,0.28734478378482603,0.1541578772997745,0.019553217270559066
101915,RL,93,5,0.15943928062915802,0.27569758892059326,0.10187722742557526,0.10591235011816025,0.06562677025794983,0.10512711852788925,0.18631960451602936,0.14725621044635773,0.27652111649513245,0.0999608263373375,0.11826274544000626,0.08302047848701477,0.10277462005615234,0.17220401763916016,0.12622526845306778,0.27591347456169385,0.05723428971245475,0.14283816678271558,0.20093541992334105,0.11443079281712594,0.08242258774960108,0.11223919357642681,0.29851366869849905,0.07259460098303759,0.1099055834731017,0.1742348042610956,0.13098721208493924,0.10152493692289993
101915,RL,95,5,0.16273413598537445,0.2803956866264343,0.10376308858394623,0.10234353691339493,0.06509021669626236,0.10873984545469284,0.1769334375858307,0.1310499757528305,0.2849183976650238,0.09826665371656418,0.11852121353149414,0.08603471517562866,0.10201045870780945,0.17919860780239105,0.029194893215113163,0.3442463664821672,0.0859930193606761,0.14889065961576198,0.17502939707051882,0.01251098890010032,0.20413467535566243,0.04647866137391282,0.39518167534604715,0.024036783332991425,0.116835938543775,0.18653514761117546,0.06307473614049804,0.16785705765160014
101915,RL,97,5,0.17624600231647491,0.2572454512119293,0.10756919533014297,0.1011383980512619,0.06550262868404388,0.11341875046491623,0.17887955904006958,0.12950165569782257,0.28387612104415894,0.094571553170681,0.11060982942581177,0.09304618090391159,0.10576765239238739,0.18262699246406555,0.08179771890509858,0.39780444953853505,0.07396579390685157,0.11535505212003712,0.13039917905398538,0.03668992446241058,0.16398788201308173,0.0452360991506209,0.49289335681477425,0.00471571920389598,0.1382018860379913,0.13119262035698803,0.021311921745674315,0.1664483966900553
101915,RL,99,5,0.16109420359134674,0.2726510167121887,0.0998745933175087,0.10564073175191879,0.06770431250333786,0.10774242877960205,0.18529267609119415,0.1488143652677536,0.2655114233493805,0.0982917919754982,0.1204925924539566,0.08292210847139359,0.0986218973994255,0.18534576892852783,0.02840909726030048,0.4104481586142061,0.08944441751170384,0.0017705127444629272,0.20060372320903183,0.10276910158005945,0.1665549890802354,0.032356489758982275,0.43397167503238115,0.08318537448445228,0.028913191141337842,0.1845052967674475,0.06923197335230041,0.16783599946309846
101915,RL,101,5,0.16281312704086304,0.269214004278183,0.10311049968004227,0.10333449393510818,0.06736312061548233,0.11064739525318146,0.1835174411535263,0.14171387255191803,0.29927435517311096,0.08967221528291702,0.11255594342947006,0.08013342320919037,0.09929370880126953,0.17735640704631805,0.07114475419347863,0.4008789287877209,0.1347889740026615,0.0629652516972461,0.09549214276717721,0.10798971102042772,0.1267402375312879,0.08255637342483921,0.518658181901994,0.08470977166557354,0.057743551983114344,0.07941473785353043,0.04996503661508262,0.12695234655586576
101915,RL,103,5,0.15209950506687164,0.28331810235977173,0.10485206544399261,0.10167309641838074,0.06998803466558456,0.10370855033397675,0.18436063826084137,0.14730137586593628,0.3067896366119385,0.08682113885879517,0.1097893938422203,0.08210717886686325,0.09234868735074997,0.17484255135059357,0.03974399256516525,0.5924474639032742,0.1244916219071684,0.03934879671040173,0.024790361612657703,0.13262911395357935,0.046548649347753386,0.05968686878647776,0.652842199643007,0.06762270302643422,0.026185792211894817,0.038403384915397035,0.0733409404585753,0.08191811095821397
101915,RL,105,3,0.15488912165164948,0.26623550057411194,0.1246408224105835,0.10448205471038818,0.05285266414284706,0.11113256216049194,0.18576733767986298,0.1368468999862671,0.30478158593177795,0.10625152289867401,0.09975475072860718,0.0642966628074646,0.10983902961015701,0.17822952568531036,0.08248990161220146,0.39433938960407716,0.28826754431677504,0.10466099137787906,0.01933295925271732,0.00605447273968269,0.10485474109666727,0.08522953322203614,0.3905755063312904,0.29695309421308935,0.10582377451634545,0.008983960574473742,0.005945113008783923,0.10648901813398091
101915,RL,107,3,0.16447137296199799,0.25162366032600403,0.12198890745639801,0.10969280451536179,0.0563223697245121,0.10808375477790833,0.18781712651252747,0.14430345594882965,0.30361682176589966,0.10952478647232056,0.10158880800008774,0.06308725476264954,0.1064361035823822,0.17144274711608887,0.058910606576328135,0.7916492614813323,0.06334508207340388,0.03581216760916414,0.006795042527090225,0.013485038094456885,0.030002801638224406,0.05837150053423247,0.76034382765811,0.06278076672349694,0.05450640432350847,0.00783589605981995,0.018640302438829946,0.03752130226200245
101915,RL,109,3,0.17255975306034088,0.2437998205423355,0.12066621333360672,0.11394994705915451,0.05624919757246971,0.10482284426689148,0.1879521906375885,0.1529836803674698,0.30419719219207764,0.11645159870386124,0.09635862708091736,0.052772484719753265,0.10808339715003967,0.16915304958820343,0.03347455518712495,0.8736872880513575,0.03141030056053765,0.031258590713323306,0.0005071139266791488,0.021701123153989508,0.007961028406987909,0.05040679126688101,0.8105702635059673,0.04416748493163643,0.04651919987554103,0.0005742176471260619,0.02976498076998926,0.017997062002859134
101915,RL,111,3,0.17911852896213531,0.23937582969665527,0.12019339948892593,0.11221201717853546,0.054863058030605316,0.10770329087972641,0.1865338534116745,0.1717781126499176,0.30127665400505066,0.11457796394824982,0.09633100032806396,0.049638114869594574,0.10517220199108124,0.1612260490655899,0.01595460940485279,0.8296746269858949,0.05223295236140488,0.042058287527210914,0.010564802065880764,0.048841325289622324,0.0006733963651334734,0.031546751718848555,0.7588472066455614,0.07287695648723727,0.059084853915872045,0.019014472159640115,0.05641123209886847,0.002218526973972111
101915,RL,113,3,0.1849023699760437,0.22708936035633087,0.12124290317296982,0.11123226583003998,0.05528255179524422,0.10770359635353088,0.19254691898822784,0.16259023547172546,0.31016087532043457,0.11463169753551483,0.09635888040065765,0.05548834800720215,0.10121526569128036,0.15955476462841034,0.009301495608457706,0.8097003086271255,0.06958232925335896,0.0040003460216814475,0.03209746598393624,0.02583453872357557,0.0494835157818646,0.012386420304827221,0.7427770129294824,0.08682989231405241,0.004113517019172099,0.03536181145266154,0.038413645733943375,0.08011770024586103
101915,RL,115,3,0.1635168492794037,0.25642746686935425,0.1154872253537178,0.11059381812810898,0.05624223127961159,0.10939736664295197,0.18833497166633606,0.14683593809604645,0.3219946324825287,0.10767562687397003,0.09997420758008957,0.06025285646319389,0.09955067932605743,0.16371600329875946,0.03033865938361282,0.8695909389082168,0.04890417983102283,0.00500325743475915,0.0032018271772450194,0.024794463172991558,0.018166674092151863,0.03554102767564593,0.8241975863218509,0.06332695143354826,0.00505707603670801,0.005140057657417314,0.03550011814296606,0.031237182731863534
101915,RL,117,3,0.1663908213376999,0.2574984133243561,0.12023656815290451,0.10237526893615723,0.057118382304906845,0.1069512888789177,0.18942931294441223,0.14502421021461487,0.31480464339256287,0.10778190940618515,0.09675104916095734,0.059920988976955414,0.10414000600576401,0.17157721519470215,0.00982852121926913,0.9497873083290472,0.013287778405663132,0.002448261347845101,0.005843273519593104,0.005889133910031555,0.012915723268550717,0.013700673255001405,0.931779446842356,0.015599505194040741,0.006031333354329014,0.005568131127918883,0.0067674032306346745,0.020553506995719426
101915,RL,119,3,0.16118724644184113,0.2618776261806488,0.1191243827342987,0.10476179420948029,0.05909935012459755,0.10487540811300278,0.18907418847084045,0.14944157004356384,0.3038612902164459,0.1033618375658989,0.09623072296380997,0.06124202907085419,0.11053208261728287,0.17533043026924133,0.0024512791429809433,0.9498368859574523,0.010005151065543524,0.011382957565671053,0.009901311504365195,0.010106714862063554,0.006315699901923404,0.004026334392251802,0.9371027923455466,0.011890643563743742,0.016992446783351847,0.009947034614121412,0.01172003673444463,0.008320711566539943
101915,RL,121,3,0.16902971267700195,0.24482376873493195,0.12110993266105652,0.10557175427675247,0.051843658089637756,0.11533047258853912,0.19229064881801605,0.16249026358127594,0.2762942314147949,0.09636563807725906,0.09955659508705139,0.061023399233818054,0.11910267174243927,0.18516720831394196,0.0064084246223221255,0.9668875717648056,0.0036700122070099815,0.003514019329203163,0.011575209368683378,0.0013603340815273024,0.006584428626448459,0.008081096577355455,0.9584606222620027,0.004624627773026063,0.007014820437652069,0.011132272805026319,0.0011678559919962668,0.009518704152941114
101915,RL,123,3,0.16310909390449524,0.2532530128955841,0.11943263560533524,0.0998656302690506,0.055010899901390076,0.11608576774597168,0.19324295222759247,0.15098652243614197,0.2839212715625763,0.09509996324777603,0.09274758398532867,0.057449303567409515,0.11741867661476135,0.20237664878368378,0.1499132325054842,0.5628537116224387,0.11601854266365008,0.06089446380934433,0.03298724768338357,0.06719182080631542,0.010140980909383767,0.18980074276210085,0.5498838342357663,0.10081180623580124,0.0477013611338383,0.03252808481151755,0.05961695760070292,0.01965721322027279
101915,RL,125,4,0.14630217850208282,0.29935121536254883,0.10505220293998718,0.10384109616279602,0.054125189781188965,0.10541735589504242,0.18591079115867615,0.1438848078250885,0.3041148781776428,0.08598147332668304,0.09699199348688126,0.06673604995012283,0.10909241437911987,0.1931983083486557,0.29310953761929875,0.24926942416218192,0.022146505016006596,0.08808833791603912,0.0470693513110278,0.0848115359824754,0.2155053079929704,0.27672987432680357,0.2536773821471978,0.030893772003980916,0.07197592376649398,0.07314566578133738,0.08774666726827285,0.2058307147059136
101915,RL,127,2,0.1593376100063324,0.2840596139431,0.10717517882585526,0.10456111282110214,0.06001051887869835,0.10337135940790176,0.1814846247434616,0.14864370226860046,0.3222552537918091,0.10724636167287827,0.09534473717212677,0.05810907855629921,0.10346978157758713,0.1649310439825058,0.005158672199502998,0.8313274501301368,0.027358152176176667,0.020357234804932997,0.01748721727611699,0.05025146661399149,0.04805980679914207,0.01819217669629127,0.7664098715599138,0.037457120702448436,0.03300087797625939,0.006202790979033454,0.07464824613998518,0.06408891594606847
101915,RL,129,2,0.15542791783809662,0.27905669808387756,0.11099201440811157,0.10191313177347183,0.06190454587340355,0.10680390149354935,0.18390178680419922,0.1422806978225708,0.3473082482814789,0.12057820707559586,0.09457095712423325,0.04959260672330856,0.09961069375276566,0.14605854451656342,0.017527669201352142,0.9556277730188002,0.01498040389287198,0.008264432185830301,0.0015923488841947362,5.241797215992118e-05,0.0019549548447907105,0.020745400941534282,0.9446916163893986,0.017322223855605917,0.011766480363027522,0.0007948510977772864,0.0017895728885529904,0.0028898544641034743
101915,RL,131,2,0.16410546004772186,0.2578244209289551,0.1070965901017189,0.10370089113712311,0.06388338655233383,0.11006733030080795,0.19332195818424225,0.14562952518463135,0.35606107115745544,0.11062067002058029,0.09601052105426788,0.05602533742785454,0.09577148407697678,0.139881432056427,0.044528147006280855,0.8229232643683752,0.07007549887043814,0.010919470258281244,0.021456395154866012,0.016497807151573844,0.013599417190184749,0.05403943192381905,0.7829153955045806,0.08222260038205724,0.018852411461375795,0.030537756726228805,0.026176490413951335,0.005255913587987391
101915,RL,133,2,0.16393999755382538,0.22618062794208527,0.1137491911649704,0.10672666132450104,0.06272214651107788,0.12266763299703598,0.20401374995708466,0.14186231791973114,0.35337018966674805,0.10750213265419006,0.09714723378419876,0.06109175086021423,0.09592416137456894,0.14310207962989807,0.004426494926178805,0.7892767465687169,0.11641875096734207,0.034395689311065715,0.01812673724142559,0.025775394891644484,0.011580186093626472,0.013470836757398583,0.7290152771888251,0.11747318719099882,0.05915462213203314,0.037078855951624023,0.03889285943785089,0.004914361341269701
101915,RL,135,2,0.15298348665237427,0.2353101521730423,0.11799658089876175,0.10710277408361435,0.06510356068611145,0.11777378618717194,0.20372961461544037,0.14465001225471497,0.34280526638031006,0.10594163089990616,0.09360121190547943,0.06048576906323433,0.09973111748695374,0.1527850478887558,0.045363868647950216,0.709123446256174,0.11693597755993768,0.03537660117013996,0.04545975199860606,0.00914721116056952,0.0385931432066226,0.051835163837317975,0.6616875753753352,0.12106977100288578,0.05336104885193594,0.07353052185857599,0.009347723786396183,0.029168195287553125
101915,RL,137,2,0.15983383357524872,0.22940361499786377,0.11648262292146683,0.1062650978565216,0.06271003186702728,0.1212565004825592,0.20404833555221558,0.15372240543365479,0.3331431448459625,0.10697727650403976,0.09592967480421066,0.05832701548933983,0.1013442799448967,0.15055622160434723,0.02647472968904451,0.7719113514015286,0.0936420798284715,0.038250097677050225,0.01538090568774975,0.010894851454970388,0.043445984261185094,0.029002514771839828,0.7179344412456775,0.10913086683463945,0.0588189341968571,0.02722658070035167,0.015029006310010093,0.04285765594062436
101915,RL,139,2,0.16281943023204803,0.2652096748352051,0.10618933290243149,0.10391410440206528,0.0674554780125618,0.10557727515697479,0.18883468210697174,0.15374676883220673,0.3361132740974426,0.09936042875051498,0.09076233953237534,0.06005973368883133,0.10285232961177826,0.1571052074432373,0.006343070389276109,0.9022701832268799,0.0523998999800189,0.013439317000929991,0.013174707224412363,0.009201159206838973,0.0031716629716437776,0.014852607797700779,0.8726636291336205,0.03952895413700451,0.01824964346685431,0.026731648016260393,0.016285819769661303,0.01168769767889797
101915,RL,141,2,0.17823973298072815,0.23828533291816711,0.1178816482424736,0.10143054276704788,0.06220619007945061,0.11556924134492874,0.1863873302936554,0.17361286282539368,0.3245392143726349,0.09812359511852264,0.08744876086711884,0.056973740458488464,0.09762129187583923,0.16168056428432465,0.005325683583598346,0.9400764146410039,0.038403781915539975,0.0004980855558853104,0.006863073241655405,0.0037572843560234165,0.005075676706293629,0.00833444134945938,0.9363631892002665,0.023294612960885346,0.0012713667351137003,0.013661745980543774,0.005403297806533008,0.011671345967198187
101915,RL,143,2,0.1864732950925827,0.23268994688987732,0.11721833050251007,0.1016763374209404,0.05804009363055229,0.1187453344464302,0.18515659868717194,0.18456393480300903,0.3189154863357544,0.09448101371526718,0.0868975818157196,0.05748455598950386,0.09607253968715668,0.16158480942249298,0.010744501022287118,0.9357816852917291,0.02648365116201584,0.00242392653217652,0.011034478581157818,0.0008407620318781552,0.012690995378755383,0.011816655287828713,0.9285662908515361,0.02722549432682262,0.0035192925479986077,0.01505717803045989,0.0011791423745294788,0.012635946580824698
101915,RL,145,2,0.18173271417617798,0.24021948873996735,0.11774566024541855,0.10356844961643219,0.057733651250600815,0.11538732796907425,0.18361274898052216,0.201266348361969,0.31401175260543823,0.09628841280937195,0.08937172591686249,0.05456884205341339,0.09311681985855103,0.15137605369091034,0.008482310624279158,0.9487725014608919,0.018557975667481477,0.015133157683878564,0.006674328910597181,0.0015874137433963067,0.0007923119094754169,0.01372473611349082,0.9336025155744716,0.023218010247352403,0.018645835240231598,0.008970252778120965,0.0001345988097460528,0.0017040512365861958
101915,RL,147,2,0.1755073517560959,0.24188490211963654,0.11659611761569977,0.10723066329956055,0.059788335114717484,0.11382289230823517,0.1851697713136673,0.19374053180217743,0.3127274513244629,0.09650851786136627,0.08840906620025635,0.05484212934970856,0.09896400570869446,0.15480832755565643,0.029947417633127818,0.9304859085285081,0.0015304914709939796,0.001597840226550686,0.027560009943233522,0.0006148477230912957,0.008263484474494643,0.03376092933159372,0.9192511158099125,0.002021774010365454,0.0030907638781243305,0.02716308901796087,0.0004931958551208144,0.014219132096922436
101915,RL,149,0,0.1751784384250641,0.24031557142734528,0.11723820865154266,0.10969273746013641,0.059116583317518234,0.11023928970098495,0.18821924924850464,0.21888382732868195,0.24049703776836395,0.10656634718179703,0.10536988079547882,0.053827911615371704,0.09766353666782379,0.17719139158725739,0.1638117450336688,0.16032869116191323,0.21373993802994365,0.10742621559836003,0.1551798178431633,0.06228919910782743,0.13722439322512356,0.16356733573846874,0.21297217566144686,0.20560662472611757,0.08459995659486653,0.19247943810199664,0.037635771635740445,0.10313869754136328
101915,RL,151,0,0.16050870716571808,0.25063055753707886,0.11543392390012741,0.11047183722257614,0.059860050678253174,0.11376167833805084,0.18933330476284027,0.20958630740642548,0.24546194076538086,0.11221824586391449,0.10565730929374695,0.05620657652616501,0.0991813987493515,0.1716882735490799,0.23067459140641688,0.1099028221789558,0.22457996222286236,0.19246598827139227,0.05825115692170523,0.16988149823361676,0.014243980765050682,0.22777039253293258,0.1377856264360528,0.2415039437561564,0.18319134631574555,0.04527328332248121,0.12909466798499636,0.03538073965163512
101915,RL,153,0,0.15294121205806732,0.27764517068862915,0.1079297587275505,0.09806296974420547,0.05669235810637474,0.11844714730978012,0.1882813423871994,0.1901901215314865,0.2585543990135193,0.10351622104644775,0.10881775617599487,0.05523763224482536,0.10699522495269775,0.17668862640857697,0.2120347246241968,0.12524106467458987,0.20058724089221516,0.1988317904302548,0.06380940563687042,0.16998512206434407,0.029510651677528858,0.21166825746308301,0.12540670431398984,0.19277784414492793,0.20524975957600486,0.06608552939555158,0.14986254094973248,0.04894936415671014
101915,RL,155,0,0.16047082841396332,0.25568529963493347,0.11110406368970871,0.10966762155294418,0.05645541846752167,0.11481709778308868,0.19179970026016235,0.19665855169296265,0.2440515011548996,0.11426784098148346,0.11036495119333267,0.05173974484205246,0.10836491733789444,0.17455247044563293,0.29330148261958233,0.00902089127438531,0.25967978802676467,0.17437634351912967,0.015533857269406107,0.23595307728082296,0.012134560009908934,0.30275900637461234,0.004526335862819715,0.23409567929359898,0.1742685422574911,0.05930280368236185,0.1970581833134875,0.027989449215628497
101915,RL,157,0,0.17167305946350098,0.23936901986598969,0.12078922986984253,0.11048389226198196,0.05631651729345322,0.11204157769680023,0.18932662904262543,0.20759235322475433,0.24723407626152039,0.10225891321897507,0.10428960621356964,0.055831488221883774,0.09591856598854065,0.18687503039836884,0.27080564447023797,0.15106070717654013,0.22580768085770278,0.041557209484614305,0.002345445786188033,0.20972521334575298,0.0986980988789638,0.2612518806254054,0.14426444503334065,0.21556903918911235,0.02988502698486954,0.028250558730675106,0.19552124926043857,0.12525780017615842
101915,RL,159,0,0.16905872523784637,0.25107836723327637,0.11681725829839706,0.10657338798046112,0.05736865848302841,0.11241879314184189,0.18668483197689056,0.18921925127506256,0.25584739446640015,0.09596537053585052,0.09584980458021164,0.06149986758828163,0.09814506024122238,0.20347332954406738,0.09515765873700106,0.22363453858184032,0.22644455027058774,0.04556082329799229,0.08606809633893485,0.20011335357292487,0.1230209792007189,0.08696899496388501,0.2441730757276211,0.24106239783569725,0.01811974510084249,0.061526157203257555,0.21504444757776695,0.13310518159092963
101915,RL,161,0,0.14998333156108856,0.2852516174316406,0.10651601850986481,0.09747574478387833,0.05526338890194893,0.11659462749958038,0.18891529738903046,0.18380136787891388,0.26718324422836304,0.09036571532487869,0.09357074648141861,0.05981840938329697,0.09250674396753311,0.2127537727355957,0.1728424063932954,0.19985362883393837,0.2413681164365849,0.02082955966347113,0.110507174360746,0.23314815380109644,0.021450960510867745,0.1224673513809813,0.19826055934574557,0.2637940082732293,0.030543148638304304,0.11909073627761957,0.26024795377959553,0.005596242304524368
101915,RL,163,0,0.1533796340227127,0.2749636471271515,0.11377819627523422,0.09482818841934204,0.06360270082950592,0.11576303094625473,0.1836846023797989,0.19388779997825623,0.2597692906856537,0.08696839213371277,0.09758798778057098,0.06025579199194908,0.09305340051651001,0.20847731828689575,0.1741669930722096,0.202104817472696,0.21879370881294427,0.1288037712764394,0.07033438319148749,0.2015287836017494,0.004267542572473849,0.1082766171481483,0.19392320464371607,0.2170020931297225,0.1456793536239995,0.10844692278566746,0.20076358905235608,0.025908219616390084
101915,RL,165,0,0.18315182626247406,0.23050522804260254,0.11548230797052383,0.11219367384910583,0.05730497092008591,0.11027690768241882,0.19108512997627258,0.21046723425388336,0.24219714105129242,0.08743923157453537,0.10235760360956192,0.05556781589984894,0.09140539914369583,0.21056555211544037,0.0014217171357110562,0.25913242347479704,0.22760184239877185,0.2269649143327899,0.024764048810200723,0.14224814565043642,0.11786690819729301,0.009722713937540532,0.27444297210637386,0.2279992268688513,0.22748270941473153,0.030533222686481863,0.08896336907616409,0.1408557859098566
101915,RL,167,1,0.17859166860580444,0.24889719486236572,0.1106712818145752,0.1052970290184021,0.05829398334026337,0.1116861030459404,0.1865626871585846,0.184294193983078,0.24782277643680573,0.08114076405763626,0.0995318740606308,0.0656593069434166,0.10319579392671585,0.21835528314113617,0.27408903503467164,0.22265357657238535,0.06254889735186381,0.08086427795802514,0.16626000722567497,0.10589463915842631,0.08768956669895275,0.2290401546282937,0.22996384892116375,0.08004123469651919,0.09665783972932541,0.15009854940502146,0.111887333528216,0.10231103909146068
101915,RL,169,1,0.1539849042892456,0.28537359833717346,0.09990173578262329,0.10130850225687027,0.06401927769184113,0.10879062861204147,0.18662135303020477,0.16959109902381897,0.2543010413646698,0.07935025542974472,0.10041116178035736,0.06436421722173691,0.11686919629573822,0.21511301398277283,0.10256612606872692,0.6235262887160582,0.0693383154544025,0.033243491049062254,0.040915058193563975,0.1146476426416476,0.015763077876538575,0.12064562238820017,0.6016482971321505,0.07313240844040127,0.05086784488883723,0.044974553647322536,0.10211700095235361,0.006614272550734717
101915,RL,171,1,0.14937452971935272,0.28478747606277466,0.10802426189184189,0.09856721758842468,0.053957484662532806,0.11647491157054901,0.1888141632080078,0.15273405611515045,0.299789160490036,0.08035900443792343,0.08799345046281815,0.05884360522031784,0.11179760843515396,0.20848307013511658,0.09475441224075586,0.49900332596637265,0.09001516039150516,0.037153173502131244,0.06913423264998154,0.11683656656047874,0.0931031286887748,0.11149330398960908,0.4970745644593447,0.07362812413093436,0.041431696577115214,0.0621008544551443,0.07188942888500297,0.1423820275028495
101915,RL,173,1,0.15559250116348267,0.277936190366745,0.10344114899635315,0.10595472902059555,0.061644114553928375,0.1072702556848526,0.1881610006093979,0.14110508561134338,0.3166847229003906,0.0916292667388916,0.0877019464969635,0.05735405534505844,0.11592725664377213,0.18959765136241913,0.09662644223839056,0.480533968583496,0.10546159496452735,0.008188555003934775,0.07627775031851619,0.10782511953210691,0.1250865693590282,0.11030051737582386,0.4653734632520402,0.08265035247275349,0.007384894163224115,0.05434799464833727,0.0801540393855436,0.19978873870227737
101915,RL,175,1,0.1547745019197464,0.27475395798683167,0.11239168047904968,0.10680029541254044,0.0535023957490921,0.11015179008245468,0.18762537837028503,0.14171549677848816,0.32068875432014465,0.09306886792182922,0.09070444852113724,0.05036918818950653,0.13043490052223206,0.17301836609840393,0.07322884875937864,0.4696453126748071,0.07607634626956336,0.015965884752693584,0.1250104182299822,0.14621258068131446,0.09386060863226066,0.06974103183883719,0.4360735667628699,0.07412524913340103,0.047214139824428,0.09560936339959786,0.13622548757493283,0.14101116146593312
101915,RL,177,1,0.14915910363197327,0.2889528274536133,0.10749068856239319,0.10202036798000336,0.058528490364551544,0.11296050995588303,0.18088801205158234,0.15004722774028778,0.2983098328113556,0.09518799930810928,0.08471634984016418,0.05889614671468735,0.1322363168001175,0.18060612678527832,0.09682552949880478,0.474546096204454,0.20965671028381394,0.02825736287763731,0.06179290231569553,0.031119258710525052,0.09780214010906939,0.07595320239327914,0.4493311094284701,0.17017696655321607,0.05739763717983254,0.03889012260019265,0.047332991175882126,0.16091797066912727
101915,RL,179,1,0.15773554146289825,0.27625030279159546,0.1141447052359581,0.10903613269329071,0.05252282693982124,0.10701338946819305,0.18329709768295288,0.14417165517807007,0.307439386844635,0.09374408423900604,0.09205135703086853,0.052964627742767334,0.13093259930610657,0.17869636416435242,0.09769735613786841,0.4346641421505644,0.23800001239062965,0.02217141495907739,0.08546679141425924,0.009770658499907672,0.11222962444769322,0.08519414700853516,0.4132615951163724,0.18182349184401592,0.0565003743014165,0.04733008172397115,0.02001768038591912,0.1958726296197696
101915,RL,181,1,0.15774865448474884,0.28494587540626526,0.11590132117271423,0.10316460579633713,0.051561467349529266,0.11199957132339478,0.17467845976352692,0.13988912105560303,0.3215406537055969,0.09440542012453079,0.08328172564506531,0.060241397470235825,0.1211133599281311,0.17952828109264374,0.0029234961626440742,0.548539549600829,0.23484480009745354,0.0064581127205838446,0.0806733520427186,0.014002896862042062,0.11255779251372898,0.022050215328009142,0.5290016447367093,0.18779244789077693,0.01017886992100441,0.05214298425270248,0.01157581474382244,0.18725802312697534
101915,RL,183,1,0.15005134046077728,0.28745102882385254,0.11286120116710663,0.1048540472984314,0.05405530706048012,0.10988987982273102,0.18083718419075012,0.13932058215141296,0.3228195607662201,0.09182123839855194,0.08694403618574142,0.06590578705072403,0.11158439517021179,0.18160445988178253,0.007719594845245474,0.4044840339000108,0.24791574040408831,0.023322627909278235,0.18992329301499003,0.01868153819380405,0.10795317173258305,0.008863011066399445,0.42208726980086547,0.2225280333833291,0.03911970407634363,0.11847549881213934,0.003435626584647888,0.18549085627627515
101915,RL,185,1,0.15046289563179016,0.29847368597984314,0.10369124263525009,0.09657495468854904,0.05966506898403168,0.1128944531083107,0.17823778092861176,0.15553714334964752,0.28982552886009216,0.08867138624191284,0.09665235131978989,0.07070701569318771,0.10783398151397705,0.1907726526260376,0.032309284768485456,0.4361034545696083,0.1865530794016043,0.010729018657072572,0.18437655799077335,0.042648524992063966,0.10728007962039207,0.024516894622958828,0.44114103077288974,0.16864704938114372,0.023380592654840625,0.12925093932547402,0.017054799780863043,0.1960086934618301
101915,RL,187,1,0.16658177971839905,0.2749404311180115,0.1071711927652359,0.09898970276117325,0.05992983281612396,0.11497776955366135,0.17740929126739502,0.1684645116329193,0.27875223755836487,0.08840257674455643,0.09700509160757065,0.0719304010272026,0.10869161784648895,0.1867535263299942,0.036123044769505216,0.35203743147057487,0.2586842417542024,0.0012182906339621062,0.22063025424469257,0.07833367797230073,0.05297305915476208,0.04458359934951727,0.32477504476017016,0.24027824030341471,0.004522093749692321,0.16636269233778594,0.08839995379957685,0.1310783756998428
101915,RL,189,1,0.17232666909694672,0.26154741644859314,0.11066190153360367,0.09580612927675247,0.06297324597835541,0.11802307516336441,0.1786615550518036,0.16193851828575134,0.2616918385028839,0.09608211368322372,0.09738168120384216,0.08091849088668823,0.12145300209522247,0.18053437769412994,0.09545874311910689,0.1556309294827384,0.23587837293471434,0.05216380499194703,0.3321148641486903,0.08016336274051383,0.04858992258228921,0.11954977208262976,0.1110965057446964,0.25885564986961296,0.072385424045592,0.33877278500288427,0.08603908918357021,0.013300774071014274
101915,RL,191,4,0.16421182453632355,0.27001142501831055,0.11561443656682968,0.10636448115110397,0.05509050190448761,0.10789615660905838,0.18081116676330566,0.15021492540836334,0.2840554416179657,0.10329160839319229,0.10319436341524124,0.06255136430263519,0.10539077967405319,0.19130147993564606,0.23761927112219183,0.5131254304908303,0.008943183429298143,0.011244603805585516,0.0999862689989892,0.08136603528004295,0.04771520687306208,0.18640997266389286,0.5196168434091619,0.0038999977630556864,0.0020849937311857047,0.12821540847228619,0.097369334778775,0.06240344918164251
101915,RL,193,4,0.16065478324890137,0.285968154668808,0.11485545337200165,0.09820635616779327,0.05429748818278313,0.10168115049600601,0.18433672189712524,0.14658473432064056,0.3025800585746765,0.10102729499340057,0.09493036568164825,0.062836192548275,0.10198402404785156,0.19005733728408813,0.37773355522531277,0.18048752494791787,0.0887563982443416,0.027471683182878386,0.05799089485470751,0.13696037656563503,0.13059956697920685,0.34173038620565377,0.15315271894968338,0.08577910998829057,0.05343958031684311,0.07557351094701603,0.15258510173842724,0.13773959185408594
101915,RL,195,5,0.18355514109134674,0.2405489832162857,0.10741965472698212,0.09904000908136368,0.06584715843200684,0.11378213763237,0.1898069679737091,0.1562608927488327,0.27148863673210144,0.08540139347314835,0.09524599462747574,0.07888076454401016,0.10868757218122482,0.20403476059436798,0.13741962952736067,0.38356796001305205,0.05810012700047031,0.1274130779011182,0.03483413334511228,0.11578845816092088,0.14287661405196558,0.110975683526239,0.44403743926656525,0.04677194976240057,0.11326901515822202,0.050260672717998285,0.1055252899767695,0.1291599495918053
101915,RL,197,5,0.18236961960792542,0.24919342994689941,0.10428552329540253,0.10054042935371399,0.0679522231221199,0.10991916805505753,0.18573959171772003,0.15596336126327515,0.27024444937705994,0.0914410799741745,0.09769019484519958,0.08223775774240494,0.10929714888334274,0.19312600791454315,0.11492227926797431,0.4478539264855429,0.027971569841916028,0.19071668625428637,0.08847832527326516,0.054716581265643785,0.07534063161137149,0.11481792169267047,0.47699706070849196,0.01534848492474355,0.17176115067954464,0.06515261536958869,0.06709235179388659,0.08883041483107401
101915,RL,199,5,0.18130575120449066,0.2526119351387024,0.10215149819850922,0.09970249980688095,0.06710274517536163,0.1123691275715828,0.18475636839866638,0.16393528878688812,0.28765246272087097,0.09113535284996033,0.10326631367206573,0.0684528723359108,0.10308574140071869,0.18247194588184357,0.11953549532453103,0.5175099839637131,0.10110590098536065,0.12673311686991917,0.014328500603002982,0.10753874290562887,0.01324825934784419,0.14207539963196913,0.5770374957265734,0.06967252100268397,0.07676808983330104,0.0010563236585247162,0.10871074140115108,0.0246794287457969
101915,RL,201,5,0.18215179443359375,0.2506226599216461,0.10855544358491898,0.10191322863101959,0.0651165172457695,0.11066553741693497,0.18097476661205292,0.15760819613933563,0.31487181782722473,0.08702702075242996,0.09570925682783127,0.07278524339199066,0.10077864676713943,0.1712198406457901,0.17818505178510016,0.3757138846326414,0.039784533091872486,0.1602776482394872,0.08614515874485718,0.06722384791717038,0.0926698755888712,0.24001331725140673,0.4407303434453005,0.0261856466563197,0.11774302851862643,0.061439797814698174,0.06601445390493653,0.04787341240871187
101915,RL,203,5,0.17351174354553223,0.2625066041946411,0.10719119757413864,0.10237979143857956,0.06777264922857285,0.10855673253536224,0.1780811995267868,0.1645975261926651,0.29113247990608215,0.10093287378549576,0.09642273932695389,0.07589361071586609,0.10024616867303848,0.17077459394931793,0.07836512585732058,0.5084222403239633,0.0955606343572279,0.09339088036969023,0.04558984404456473,0.10215820143184888,0.07651307361538437,0.11840429257621211,0.610088809616045,0.07001982220025924,0.053429120186997046,0.017745822440610362,0.09592537015057019,0.03438676282930606
101915,RL,205,5,0.15881825983524323,0.2771564722061157,0.1042177602648735,0.10318627208471298,0.06571958214044571,0.10655678063631058,0.1843448132276535,0.15171842277050018,0.30718424916267395,0.09700675308704376,0.09476488083600998,0.07390228658914566,0.10311572253704071,0.17230767011642456,0.23093107835411636,0.44358473254176656,0.0033124010321192994,0.019252448759540155,0.015565610473650677,0.0977043371961517,0.1896493916426553,0.25698434832015465,0.48841392737939715,0.017338864753817376,0.01937380919553491,0.009188554196448154,0.054539771643683906,0.15416072451096385
101915,RL,207,5,0.15320929884910583,0.2806456387042999,0.10187116265296936,0.10004918277263641,0.06558792293071747,0.11019134521484375,0.18844550848007202,0.15676462650299072,0.29884985089302063,0.0901036188006401,0.10137729346752167,0.07269944250583649,0.10200027376413345,0.17820477485656738,0.29709128773757654,0.34769024281566935,0.028874489522938748,0.04050758119623549,0.2089899688814003,0.00010874747425189757,0.07673768237192767,0.2962503020413263,0.38683514223827137,0.005830018529049082,0.012277008176181332,0.21425114219195482,0.0021592788111650624,0.08239710801205193
101915,RL,209,5,0.1476403921842575,0.285942405462265,0.10506267845630646,0.10525477677583694,0.06486831605434418,0.10612908005714417,0.18510231375694275,0.16181184351444244,0.29361429810523987,0.08506344258785248,0.10218159109354019,0.0784280076622963,0.09604176133871078,0.18285907804965973,0.09768988615002001,0.3737416095070939,0.014311526845529993,0.1331254456572865,0.25463707860810575,0.08415993526592602,0.04233451796603779,0.13872924904033218,0.392383698037758,0.041575112788493976,0.11512938166564449,0.24768012404583428,0.04824451320608023,0.016257921215856855
101915,RL,211,5,0.15765981376171112,0.27175232768058777,0.10419891774654388,0.10566963255405426,0.06408922374248505,0.10690324008464813,0.18972675502300262,0.16543416678905487,0.29794004559516907,0.08125566691160202,0.1065770611166954,0.0752941370010376,0.09486042708158493,0.17863839864730835,0.24175739957600978,0.28950862260842813,0.09540871727255801,0.11698682102439491,0.13746752308605703,0.06703171315110242,0.051839203281449704,0.2283793910531168,0.341096624887415,0.11741774882581517,0.09363636880131657,0.15116958814938433,0.022552444718583413,0.0457478335643688
101915,RL,213,4,0.14448079466819763,0.30434948205947876,0.10370843857526779,0.1003345474600792,0.058651793748140335,0.10187850147485733,0.18659645318984985,0.161928191781044,0.30475324392318726,0.09609811753034592,0.10447677969932556,0.0658092200756073,0.09364736825227737,0.1732870489358902,0.38500091989910445,0.16448212689663463,0.2382667657385786,0.10552182302170457,0.021681597812733464,0.026580395134961545,0.05846637149628268,0.42482807329794553,0.11491101587342284,0.2856586329490406,0.0945534884209975,0.016579703270307812,0.03673049990663827,0.02673858628164756
101915,RL,215,4,0.1423543244600296,0.30537909269332886,0.10246232151985168,0.0966070219874382,0.05852283909916878,0.10553213953971863,0.18914225697517395,0.151539608836174,0.32640379667282104,0.08906390517950058,0.09908688068389893,0.06738083809614182,0.09421683102846146,0.17230819165706635,0.40086170986301556,0.273319524749586,0.1182466301808248,0.06383400483605728,0.07602592200803085,0.029073966008023845,0.03863824235446171,0.41192883103658445,0.245999801715408,0.1545536478463401,0.07051260759003015,0.05814917669402403,0.05595202130057125,0.002903913817042056
101915,RL,217,4,0.1375078707933426,0.31182724237442017,0.10224086046218872,0.09518697112798691,0.061362847685813904,0.10580522567033768,0.18606893718242645,0.1506725251674652,0.3307940363883972,0.08474183082580566,0.10081855952739716,0.06607583910226822,0.09352625161409378,0.17337094247341156,0.25347793867402596,0.4704474661101979,0.07779658921491893,0.09109939458708875,0.012222175356569063,0.0611608458431316,0.03379559021406787,0.23109107067671072,0.43692468949037,0.09570678228507565,0.11316950782846674,0.00537626565035348,0.08224079188831018,0.035490892180713135
101915,RL,219,4,0.14259041845798492,0.311075359582901,0.0999782606959343,0.094151571393013,0.05969648435711861,0.10655756294727325,0.18595033884048462,0.15632347762584686,0.32109737396240234,0.08764690905809402,0.10180802643299103,0.06453102082014084,0.09567730873823166,0.17291590571403503,0.20987964752106786,0.4085166664724185,0.06643142677853388,0.03992808649320268,0.05620375397077646,0.07806126919842483,0.14097914956557575,0.19876091148482877,0.3949820515732301,0.0859636578826371,0.050807436207380825,0.05051565546116741,0.10259031121395815,0.11637997617679766
101915,RL,221,4,0.1433100700378418,0.3052401542663574,0.10686963051557541,0.09648764133453369,0.05760122835636139,0.1058211475610733,0.18467019498348236,0.15777438879013062,0.31938421726226807,0.08703041821718216,0.10491058230400085,0.06557094305753708,0.09543327987194061,0.1698961853981018,0.30787636660118795,0.28896922968114147,0.09249018328093037,0.02940027773964455,0.036911508687030595,0.10516634349374816,0.13918609051631692,0.28666428172782693,0.26664448882235187,0.12732839034274956,0.004196417328720709,0.05730715789949855,0.13014303675634648,0.12771622712250602
101915,RL,223,4,0.1451864242553711,0.3075088858604431,0.10439346730709076,0.09528783708810806,0.05805094540119171,0.10389381647109985,0.18567857146263123,0.1547708958387375,0.3192843198776245,0.09245932102203369,0.09848792105913162,0.06405210494995117,0.0971502810716629,0.17379514873027802,0.16014637699216874,0.31008431714163814,0.25654457163135846,0.03552054797176825,0.014667884194967198,0.19446802970266305,0.028568272365436156,0.15091890746338193,0.2979031845097479,0.29018262570174236,0.017909235029298236,0.039474772777244545,0.19633225500431808,0.00727901951426682
101915,RL,225,4,0.1454397588968277,0.30463483929634094,0.10606776177883148,0.09644686430692673,0.05956520140171051,0.1036004051566124,0.18424518406391144,0.16031835973262787,0.31104716658592224,0.08844610303640366,0.09982957690954208,0.0679309144616127,0.09356425702571869,0.17886362969875336,0.370221902969676,0.44016434214784,0.09053740928766103,0.006898994211331106,0.02219675759633258,0.046662031731808426,0.023318562055350878,0.35213750995522336,0.4104552175668234,0.1187801878694724,0.010362280254624217,0.002277155817795998,0.06486331096399829,0.04112433757206222
101915,RL,227,3,0.1446012407541275,0.30696260929107666,0.1049848422408104,0.09786036610603333,0.05532809719443321,0.10566446185112,0.18459846079349518,0.16850335896015167,0.2798835039138794,0.1020105704665184,0.10226396471261978,0.06043321639299393,0.09747496247291565,0.189430370926857,0.03998179143331679,0.39393546959293796,0.13746288643184107,0.21441220094395372,0.06166902201878011,0.09037406999519558,0.06216455958397477,0.033497524949000816,0.39471239515861056,0.12068355574933033,0.1938346119278112,0.057453971365716096,0.11331841113899323,0.08649952971053766
101915,RL,229,4,0.16223496198654175,0.2744235694408417,0.10886874794960022,0.09884002059698105,0.05856364220380783,0.10711907595396042,0.18994998931884766,0.17653250694274902,0.2902337312698364,0.09336984902620316,0.10704854130744934,0.05461685732007027,0.09738215804100037,0.18081629276275635,0.12109523852082092,0.7290624980024636,0.03871586410464446,0.010737582415539756,0.02684581582782994,0.0016349525949598495,0.07190804853374154,0.08525860683343016,0.7388425678046456,0.05247242570960739,0.001635583062463519,0.018263822815541196,0.017003489356433168,0.08652350441787894
101915,RL,231,4,0.15581904351711273,0.28585901856422424,0.10175761580467224,0.09901844710111618,0.05714794248342514,0.10688307881355286,0.193514883518219,0.17515483498573303,0.29909050464630127,0.09743880480527878,0.10486260056495667,0.05555082857608795,0.09542457014322281,0.17247778177261353,0.16892428748005534,0.662922833894461,0.016173769489307106,0.0315788878681871,0.027632143793103425,0.015772724359912338,0.07699535311497362,0.12624128159452,0.663918883327311,0.020920614127985855,0.05737381486276233,0.021273344071095674,0.015083148833000009,0.09518891318332509
101915,RL,233,2,0.1498735547065735,0.29300788044929504,0.10836218297481537,0.09806854277849197,0.06237392500042915,0.10655952244997025,0.18175442516803741,0.16910339891910553,0.32638731598854065,0.10157330334186554,0.09815055131912231,0.06576176732778549,0.09909950196743011,0.13992416858673096,0.06958266924679837,0.3557661992809719,0.3270224237492843,0.0965776686845164,0.11444111443707891,0.0034022998898875184,0.033207624711462554,0.06883140351620698,0.39757535388806164,0.3519936367921435,0.06221948148140735,0.11206322783887707,0.004246772343879842,0.0030701241394237083
101915,RL,235,2,0.1788059026002884,0.2583559453487396,0.10956447571516037,0.09940064698457718,0.056792691349983215,0.11599993705749512,0.1810804307460785,0.167586088180542,0.3493196368217468,0.0979732945561409,0.0945177674293518,0.059802621603012085,0.09479449689388275,0.13600613176822662,0.0022580612804369428,0.9814316095551672,0.005315579422405279,0.004693219833361015,0.002715625015743781,0.000252560540648282,0.0033333443522374755,0.0029300378666158532,0.97693835820278,0.006126610270169874,0.003540840651140926,0.004394060343363784,0.000518128557822118,0.005551964108107546
101915,RL,237,2,0.18349693715572357,0.25052377581596375,0.11650348454713821,0.09675882756710052,0.05738498270511627,0.10969849675893784,0.18563349545001984,0.1824568510055542,0.31937795877456665,0.10788129270076752,0.0957135334610939,0.057079289108514786,0.09276055544614792,0.14473050832748413,0.00754295147888195,0.965677151560827,0.011544072775449247,4.129878402395926e-06,0.001987591652835215,0.0014167629495449147,0.011827339704059301,0.007572000809297406,0.9540790292617394,0.011919285832730294,0.0006684493075002339,0.004069862437159644,0.004944824878532267,0.016746547473040847
101915,RL,239,2,0.19153928756713867,0.24017660319805145,0.12018948793411255,0.09850934892892838,0.055606961250305176,0.10892441868782043,0.18505394458770752,0.20986315608024597,0.29506924748420715,0.11119236797094345,0.0900464653968811,0.056335967034101486,0.08855627477169037,0.1489364057779312,0.0017651517308452413,0.9768171722862853,0.0043336166187444266,0.005529007185504798,0.0002228725246658728,0.008686962398642062,0.002645217255312324,0.00026098531774558167,0.9739012491101253,0.005054858157710462,0.006559556197639146,0.0007199012868659175,0.008947168781807083,0.004556281148106587
101915,RL,241,2,0.1814388483762741,0.24233555793762207,0.11861248314380646,0.0990290716290474,0.05521401762962341,0.11484569311141968,0.18852433562278748,0.2095974236726761,0.3066070079803467,0.10303489118814468,0.08358647674322128,0.058522894978523254,0.09103778004646301,0.147613525390625,0.005219758119883033,0.979153262538813,0.002211177085732652,0.004679411207337738,0.0011713947515058275,0.0043606695243935565,0.0032043267723342573,0.0061501105755925045,0.9764017875298951,0.0018239445862728433,0.002398044948035973,0.00026518859573908856,0.006959322557297095,0.006001601207167468
101915,RL,243,2,0.18358013033866882,0.2413228452205658,0.1206640750169754,0.09911729395389557,0.05611652508378029,0.11109086871147156,0.18810828030109406,0.19299167394638062,0.29915639758110046,0.10268088430166245,0.08310037851333618,0.05716284364461899,0.09601842612028122,0.1688893884420395,0.009954712789018858,0.93056386773689,0.00047103648752468537,0.03530939747649003,0.002781780395219248,0.018126950019096505,0.002792255095760582,0.021754933505943947,0.8906212147058792,0.006158754498836437,0.03816377692558166,0.003446828626824738,0.030665734986982406,0.009188756749951591
101915,RL,245,2,0.18169952929019928,0.24854817986488342,0.11921242624521255,0.09832701086997986,0.0565667450428009,0.1106647476553917,0.18498139083385468,0.18558470904827118,0.294525682926178,0.10092233121395111,0.08266671746969223,0.06159085035324097,0.09650739282369614,0.17820240557193756,0.00785293431621553,0.9322082108659431,0.012700101372776041,0.010882453436877987,0.021721498284163577,0.005774464968739358,0.008860336755284444,0.0028361791797540965,0.9213937162296246,0.016598036929198357,0.012712878209534624,0.023647329094641026,0.008881394306124347,0.013930466051122857
101915,RL,247,2,0.1716347187757492,0.25449585914611816,0.11527027189731598,0.10175531357526779,0.06017599627375603,0.11214382946491241,0.18452394008636475,0.1841248720884323,0.2966376841068268,0.10073713958263397,0.08730807900428772,0.0583687424659729,0.094327911734581,0.17849554121494293,0.01719748783075336,0.9551819162567244,0.0067871957717482575,0.001888142923690764,0.0005527882205131167,0.007294254658449806,0.011098214338120286,0.019406876837681778,0.9358173805188159,0.009369518477751942,0.0028288850802442923,0.0034108620598306432,0.011648502730782254,0.017517974294893084
101915,RL,249,2,0.16181889176368713,0.276234894990921,0.10594694316387177,0.09673052281141281,0.0643099769949913,0.10867484658956528,0.18628396093845367,0.16947296261787415,0.2988646924495697,0.09343357384204865,0.09111378341913223,0.060180965811014175,0.10336187481880188,0.1835721880197525,0.016369049306687027,0.9466554431308553,0.0011756533473646269,0.009628994228246708,0.00530507254809859,0.010694468388250352,0.010171319050497429,0.015362770771830734,0.935772608246589,0.0023419325375581192,0.015373210305649754,0.004446210045530478,0.013522604758331586,0.0131806633345104
101915,RL,251,2,0.15702535212039948,0.284239262342453,0.10604109615087509,0.09925410151481628,0.06250612437725067,0.10516046732664108,0.18577352166175842,0.1703679859638214,0.2991519570350647,0.09310135245323181,0.09547542035579681,0.061888907104730606,0.10692955553531647,0.17308486998081207,0.02430951398408852,0.8812745144810088,0.00043273007085124364,0.00831786837958315,0.02732049247268642,0.016738054929671772,0.04160682568211009,0.012864544159978359,0.9132158164768336,0.0007001070004899304,0.015525104930605056,0.015814679876090552,0.007326725744374444,0.034553021811628074
101915,RL,253,2,0.15751725435256958,0.28746938705444336,0.10800560563802719,0.09625915437936783,0.06337620317935944,0.10483969748020172,0.18253269791603088,0.18656130135059357,0.2917952835559845,0.0986965149641037,0.09174241125583649,0.06082510948181152,0.10109764337539673,0.16928169131278992,0.02058835501026729,0.6486252044338126,0.02842556925793993,0.12390336871311043,0.02256782490957529,0.1456782085131715,0.010211469162123038,0.04398158379910474,0.5754569833010819,0.02817730559449804,0.11899812040319359,0.026272921085830046,0.176076796012313,0.03103628980397868
101915,RL,255,3,0.15169338881969452,0.2921066880226135,0.10737311840057373,0.09878566861152649,0.05553483963012695,0.10809801518917084,0.18640832602977753,0.1583525389432907,0.31968480348587036,0.10622062534093857,0.08703075349330902,0.05140506476163864,0.10408339649438858,0.1732228398323059,0.003399887082807346,0.980134114236726,0.0035943619016484112,0.002891807435169701,0.0018478591598177006,0.0041704285667105755,0.003961541617120193,0.005912190752033785,0.9725848658077124,0.004617871336452325,0.005987050140984226,0.0024188927933645526,0.0048236508415589316,0.0036554783278937245
101915,RL,257,3,0.15252497792243958,0.2829352617263794,0.10682473331689835,0.09962761402130127,0.06260503828525543,0.1119268462061882,0.18355552852153778,0.14736944437026978,0.3341341018676758,0.11284008622169495,0.08650889247655869,0.047057345509529114,0.10175763815641403,0.17033255100250244,0.014496925658827861,0.9357860467937887,0.01841202312057149,0.012216365458790632,0.0037674594697624485,0.013522311555595587,0.001798867942663236,0.022473582682606436,0.8972369983916947,0.025297261619008332,0.020596591167835028,0.006136451254188372,0.020504080424164586,0.007755034460502379
101915,RL,259,3,0.17370487749576569,0.25217580795288086,0.11620394885540009,0.1001916378736496,0.060662221163511276,0.11133626103401184,0.18572527170181274,0.16040000319480896,0.31357213854789734,0.11263667047023773,0.08472999185323715,0.04747221618890762,0.09919020533561707,0.18199874460697174,0.18060885270605512,0.5806030962462972,0.0942602370483798,0.03400297371420592,0.009218761232524362,0.09984074020499498,0.0014653388475425575,0.2019325860986306,0.4832012695807161,0.10811714092503419,0.04359025371263815,0.025203465515089354,0.12732025944132458,0.010635024726567239
101915,RL,261,3,0.18554386496543884,0.22860121726989746,0.12617279589176178,0.107007697224617,0.05734488368034363,0.10705969482660294,0.18826985359191895,0.1547626256942749,0.31214940547943115,0.11232864111661911,0.08602257817983627,0.047626398503780365,0.0920274555683136,0.19508294761180878,0.10550575335290609,0.6838021242254451,0.06773520567329479,0.04059924296189853,0.02560004317531237,0.06752895819229092,0.009228672418852207,0.11921634712397175,0.6070634490387948,0.0800239612716434,0.0505103449801353,0.033514117964170906,0.08150436708178456,0.02816741253949939
101915,RL,263,3,0.17174643278121948,0.24765127897262573,0.12119090557098389,0.10315278172492981,0.06398319453001022,0.10543963313102722,0.18683567643165588,0.15758299827575684,0.3150706887245178,0.10920100659132004,0.08787692338228226,0.04953561723232269,0.08777116984128952,0.19296161830425262,0.027774322094698763,0.8444848073327303,0.05283199972277073,0.028440179202089386,0.010062283682014062,0.025652469052666407,0.010753938913030314,0.03690876825426073,0.7850255050777624,0.06892389443644108,0.039081501252354184,0.013297207910879119,0.03722353886215131,0.019539584206151123
101915,RL,265,3,0.16265279054641724,0.25441238284111023,0.12333904951810837,0.10471393913030624,0.06147487089037895,0.10657329112291336,0.1868337094783783,0.15495815873146057,0.319850355386734,0.10605639964342117,0.09007132053375244,0.04998461902141571,0.09164779633283615,0.18743126094341278,0.011507775926014189,0.9131700755405279,0.02575812783514794,0.021146355633539865,0.0040049766915432475,0.006297167237076766,0.018115521136150118,0.011751453718358198,0.8655321521266199,0.035608133979630446,0.030176795082558393,0.010814716649223287,0.0157809671317041,0.030335781311905678
101915,RL,267,3,0.17677971720695496,0.23893310129642487,0.12919339537620544,0.10701211541891098,0.05357109755277634,0.11149033159017563,0.18302024900913239,0.1521463692188263,0.30439648032188416,0.10636249929666519,0.08967290073633194,0.05378907918930054,0.10620372742414474,0.18742899596691132,0.03095946687739258,0.8964806306374428,0.02756151198353431,0.03310343206876313,0.0002972040034926627,0.003041853359137754,0.008555901070236826,0.043007623273712006,0.8628606820904795,0.036794282949163516,0.040310451079829904,0.001379792738242769,0.003476903260174689,0.012170264608397567
101915,RL,269,3,0.17159077525138855,0.25145530700683594,0.12264951318502426,0.1027299016714096,0.05674179270863533,0.11118504405021667,0.18364769220352173,0.14316508173942566,0.29804226756095886,0.1117011234164238,0.09347730875015259,0.05201514810323715,0.10756750404834747,0.19403156638145447,0.056559306885985844,0.6852061066579286,0.11969466994381309,0.10155409007991599,0.002556320539679345,0.024816572707098156,0.009612933185579042,0.05949810820407481,0.635249055208915,0.13401612929720433,0.12083595813378888,0.007400720958308677,0.031297721091430517,0.011702307106277673
101915,RL,271,3,0.1564846932888031,0.26842889189720154,0.11894397437572479,0.10115685313940048,0.05468808487057686,0.1149628609418869,0.18533466756343842,0.14840978384017944,0.2953038215637207,0.0992206484079361,0.09653383493423462,0.057897213846445084,0.10977748036384583,0.19285725057125092,0.036264627485107864,0.6602804325365969,0.08370480316344184,0.13454350905983067,0.027815945638517643,0.05435560892107264,0.0030350731954324446,0.047973253769860794,0.6028512452965129,0.10169067061871276,0.14079723560408675,0.028286776785865993,0.07763158894740785,0.0007692289775528888
101915,RL,273,0,0.18455837666988373,0.23640066385269165,0.11232233047485352,0.10568030178546906,0.062327414751052856,0.11098667234182358,0.1877242922782898,0.1888168901205063,0.240831658244133,0.10997080057859421,0.10330837219953537,0.06375079602003098,0.09932003170251846,0.1940014809370041,0.3518489228020631,0.25649478574687423,0.18865380105241533,0.03845070656010126,0.06199593362036544,0.03726420566768908,0.06529164455049158,0.34936734079107457,0.32242402789997326,0.15118293151403034,0.04039395572705081,0.06025770823176892,0.03602551091515538,0.04034852492094683
101915,RL,275,0,0.18101830780506134,0.24148336052894592,0.11352516710758209,0.10611119866371155,0.06129208207130432,0.10896280407905579,0.1876070499420166,0.2001350224018097,0.23820152878761292,0.11585129052400589,0.10431644320487976,0.061055250465869904,0.09174251556396484,0.18869800865650177,0.5429630142533243,0.13713364431855593,0.15689380122665897,0.06140763207414511,0.023750685609902445,0.07328613790289938,0.0045650846145138665,0.57398319087055,0.15768483231407718,0.12679754531287515,0.04489866118120938,0.031165100127827836,0.06026760027838465,0.005203069915075659
101915,RL,277,0,0.1824597269296646,0.2463919222354889,0.11486313492059708,0.10109642893075943,0.05849669128656387,0.11019334197044373,0.18649877607822418,0.19680435955524445,0.24226413667201996,0.11213181912899017,0.10149067640304565,0.0601508654654026,0.09891822934150696,0.1882399171590805,0.39743976919658847,0.08674139041973682,0.20779734914768,0.010861046197276271,0.00734738441312223,0.09749327016066536,0.19231979046493086,0.3658765631293323,0.181196361007305,0.13885274526673777,0.07157653363705728,0.01685535180572099,0.10200317814284474,0.12363926701100207
101915,RL,279,0,0.18307070434093475,0.2435586303472519,0.1163017749786377,0.10310715436935425,0.0581318736076355,0.10868775099515915,0.18714216351509094,0.18167579174041748,0.24808619916439056,0.10834069550037384,0.10374565422534943,0.05918316915631294,0.09501314908266068,0.20395536720752716,0.4049873674984232,0.014470499919305692,0.3204310610183435,0.13598500792591953,0.04734686659358373,0.050821085090770636,0.0259581119536537,0.4379505043250541,0.005117160600714131,0.3419225608042907,0.10290311613411224,0.028218942934589215,0.07158703441503952,0.012300680786200035
101915,RL,281,0,0.18437282741069794,0.24862846732139587,0.12017867714166641,0.0975951999425888,0.06018402799963951,0.10353782773017883,0.18550294637680054,0.1799485981464386,0.24332517385482788,0.129771888256073,0.10206189006567001,0.05714992806315422,0.08861993998289108,0.1991225779056549,0.2654103420788674,0.03134542749665924,0.18835536531087968,0.23038033791848136,0.11064752709566038,0.08146361363233398,0.09239738646711794,0.31163646816019847,0.03599405938431786,0.22455800263144135,0.26359422591431503,0.05690402178331532,0.025432189550194596,0.08188103257621744
101915,RL,283,0,0.17963357269763947,0.25356465578079224,0.11691413074731827,0.1005261242389679,0.059699539095163345,0.10438478738069534,0.18527726829051971,0.16583268344402313,0.2525218725204468,0.12472893297672272,0.10689877718687057,0.058842506259679794,0.08391983062028885,0.20725540816783905,0.26497050025871083,0.052410241725366534,0.23555352550953396,0.2615172755073066,0.021416397093977746,0.09546002447046985,0.06867203543463447,0.3114940693414599,0.0158853683906214,0.27543301837476847,0.300708418024787,0.028546726151128826,0.027629453707279622,0.04030294600995471
100206,LR,31,2,0.15929044783115387,0.26956942677497864,0.11013304442167282,0.10440833121538162,0.05920492857694626,0.11615490913391113,0.18123887479305267,0.15322397649288177,0.32605499029159546,0.1011248454451561,0.09787203371524811,0.06816358864307404,0.10044663399457932,0.1531139463186264,0.07658089295282733,0.7275271248595377,0.09716753869938456,0.017275937203260837,0.00853005619724583,0.0665864555722783,0.006331994515465442,0.10079730429259323,0.6459237149032528,0.11641045063680862,0.0204575786678385,0.013644424436730715,0.08030813726514988,0.022458389797626297
100206,LR,33,2,0.13319280743598938,0.31096920371055603,0.09882251173257828,0.10126439481973648,0.06143471226096153,0.11309169977903366,0.18122465908527374,0.14763374626636505,0.3244327902793884,0.09969072788953781,0.10353735834360123,0.06234334036707878,0.10442600399255753,0.1579359769821167,0.01804384288213152,0.9200601996429059,0.032931669839631576,0.0050309848379214255,0.0006993162766723704,0.014011270083734168,0.009222716437003049,0.0273415771597547,0.8915306376798029,0.04375082122894845,0.007821204204676859,0.0015577780922081785,0.01983150383661255,0.008166477797996528
100206,LR,35,2,0.15191318094730377,0.28167179226875305,0.11074777692556381,0.10161873698234558,0.06369005143642426,0.11319727450609207,0.17716126143932343,0.15482351183891296,0.30485454201698303,0.11118892580270767,0.10435023158788681,0.05688393861055374,0.11189771443605423,0.1560012549161911,0.0352740812502669,0.9172736910422646,0.016997988476455853,0.015095402620722308,0.001956592018334927,0.010668762081130705,0.002733482510824682,0.04165905352749084,0.8936431658141205,0.025459625269986425,0.02264062249837962,0.0004181539276117931,0.01509345378790181,0.001085925174508877
100206,LR,37,2,0.16304709017276764,0.2732545733451843,0.11383984982967377,0.09924938529729843,0.06289419531822205,0.11174599826335907,0.17596891522407532,0.17319875955581665,0.2980513572692871,0.11061442643404007,0.09273438155651093,0.059123773127794266,0.1071285754442215,0.1591486632823944,0.012196639124774315,0.9691649578837095,0.006590154725372637,0.00447942342599055,0.0055001834177505204,0.00014887151549787178,0.0019197699069046245,0.014441961190459247,0.9633950829623666,0.008310125122804343,0.002711281056921744,0.007495815046780482,0.0007780720425097948,0.002867662578157634
100206,LR,39,2,0.154612734913826,0.28069043159484863,0.11090479791164398,0.09828151017427444,0.06401221454143524,0.11234836280345917,0.17915001511573792,0.1815306842327118,0.27202826738357544,0.1006861999630928,0.09492294490337372,0.05806107446551323,0.11010073870420456,0.18267014622688293,0.019302286900761443,0.9493536501926557,0.016629455796534576,0.004599462917759905,0.00038971608004169915,0.008348950404737161,0.0013764777075095467,0.025074633972544665,0.9241045273362041,0.021576249100610453,0.007416001842579926,0.0013225611560031976,0.01371088781104605,0.0067951387810117345
100206,LR,41,2,0.17308683693408966,0.26949813961982727,0.11748284101486206,0.09568282216787338,0.06186783313751221,0.10575176030397415,0.17662978172302246,0.18439644575119019,0.2755468189716339,0.10634215176105499,0.08871296048164368,0.05856909602880478,0.10213945806026459,0.18429309129714966,0.18469153368218869,0.6732351767970131,0.0207042746599894,0.0321262193733992,0.02002635061310382,0.04700598932474971,0.022210455549556096,0.16922623041228543,0.5797944661596078,0.04400464116147474,0.04680575272412182,0.01350341847312406,0.09058277570560601,0.05608271536378004
100206,LR,43,3,0.15310043096542358,0.2885150909423828,0.10972588509321213,0.09890656173229218,0.05751897022128105,0.11120738089084625,0.1810256689786911,0.1608436405658722,0.27812275290489197,0.10274142026901245,0.08350782096385956,0.05451047420501709,0.11034896969795227,0.20992496609687805,0.10044754411848773,0.41277728510002143,0.12310569112957932,0.08579493423550255,0.015744254385944595,0.09141230303409163,0.17071798799637272,0.12496429436753254,0.3425062464941727,0.14292607346911054,0.09318701961192692,0.0068501876512013305,0.11263795158575501,0.17692822682030088
100206,LR,45,3,0.148484006524086,0.30252805352211,0.10425025969743729,0.09699934720993042,0.06140829995274544,0.10716855525970459,0.17916150391101837,0.14821740984916687,0.3105255961418152,0.10073693841695786,0.0887008011341095,0.05419286713004112,0.10435378551483154,0.19327257573604584,0.023340745949093866,0.5940037963856697,0.08419726350803954,0.10969014826617737,0.012745416088742162,0.060891126488952466,0.11513150331332485,0.021086751029847084,0.5184262568773922,0.10236378033948014,0.11488206535741305,0.019147818475962062,0.08930315278495385,0.13479017513495173
100206,LR,47,3,0.1485968679189682,0.2994277775287628,0.10323654115200043,0.09762202203273773,0.06216619163751602,0.10947511345148087,0.17947553098201752,0.13648730516433716,0.3323685824871063,0.10134873539209366,0.08635871857404709,0.054530080407857895,0.10468750447034836,0.18421906232833862,0.058834278973657894,0.5644712481921976,0.093270201518163,0.06456040245356129,0.014809855659770698,0.020381309349124653,0.18367270385352483,0.09514871041376755,0.5007930402936444,0.08860178633371263,0.06648744528922089,0.028581821021025456,0.028488695115969104,0.19189850153265994
100206,LR,49,3,0.15536950528621674,0.27873075008392334,0.10745697468519211,0.0982416570186615,0.06179145723581314,0.11373031884431839,0.18467935919761658,0.1475563496351242,0.3226189911365509,0.10858365148305893,0.0898091197013855,0.04831591621041298,0.1096266657114029,0.17348933219909668,0.025067751604173506,0.6819254409858734,0.13191289926898683,0.015942460535377026,0.0006832172697881856,0.008061668860893328,0.13640656147490776,0.023973664808158907,0.61813813707816,0.1606327005079608,0.02449976198915028,0.004486325081703059,0.013670348240446101,0.1545990622944206
100206,LR,51,3,0.16580301523208618,0.2667809724807739,0.11158829182386398,0.10068777948617935,0.05888211727142334,0.1142561286687851,0.1820017397403717,0.15972411632537842,0.3029775321483612,0.11492697149515152,0.0896567851305008,0.0501784048974514,0.10976172238588333,0.17277440428733826,0.025072472067384558,0.7112935879961536,0.08075728362827571,0.0332097204783803,0.0009413656014113903,0.019477932915774317,0.12924763731262015,0.030149487024629947,0.6451671418810678,0.10006412404564845,0.04291420037301266,0.01234528551470035,0.02499278958078959,0.14436697158015135
100206,LR,53,3,0.1514507234096527,0.28567394614219666,0.10765532404184341,0.10430306196212769,0.06018536910414696,0.10917403548955917,0.1815575212240219,0.1575927585363388,0.29806339740753174,0.11961784958839417,0.09857198596000671,0.04866836592555046,0.11358335614204407,0.16390225291252136,0.03292396886872858,0.6125560537117121,0.06424500034774375,0.0593899019101705,0.010410254414977132,0.025641291367909977,0.194833529378758,0.046627518429824266,0.5764559537371091,0.07171473022474562,0.08918833235745365,0.002133148950114623,0.027621621198877205,0.18625869510187565
100206,LR,55,3,0.14832447469234467,0.2965523600578308,0.11137723922729492,0.0999537780880928,0.057505011558532715,0.10811008512973785,0.17817702889442444,0.16095757484436035,0.2855954170227051,0.1161835640668869,0.09907180070877075,0.04729397967457771,0.12122701108455658,0.16967067122459412,0.04124707161665355,0.6412758641664152,0.032930452316959756,0.06543468726124503,0.016196186940512555,0.011219771138509436,0.19169596655970447,0.06059943946773417,0.6229727181521459,0.028150186584561903,0.10396754707432118,0.020008566512439558,0.011212437406900134,0.153089104801897
100206,LR,57,3,0.14551110565662384,0.2957611680030823,0.1064101904630661,0.10106013715267181,0.06478118151426315,0.10648271441459656,0.1799934357404709,0.17355549335479736,0.28188806772232056,0.1224685087800026,0.09099885821342468,0.047359563410282135,0.1199718490242958,0.16375765204429626,0.034798972434024,0.5814243248068215,0.020760581156795497,0.08472148790131469,0.008549299660357222,0.02248411408572557,0.2472612199549616,0.05666460350402116,0.5505021413327286,0.003361065138643919,0.14557385739026898,0.002413409451671352,0.02310512823196761,0.21837979495069829
100206,LR,59,3,0.14721471071243286,0.2877207100391388,0.10240345448255539,0.10198358446359634,0.06202007085084915,0.11570315808057785,0.18295437097549438,0.16929669678211212,0.26445823907852173,0.12093154340982437,0.09249839931726456,0.05244578793644905,0.12335874885320663,0.17701056599617004,0.02342235331984055,0.5068126833031424,0.03400300118880586,0.03739538117428654,0.006452994231001221,0.030464730234201355,0.36144885654872205,0.05278303437465381,0.4627284762052037,0.011760933274231033,0.07388075404341528,0.03318401802572312,0.03482595468676697,0.3308368293900061
100206,LR,61,3,0.1773342788219452,0.24755777418613434,0.12179648876190186,0.10643507540225983,0.050416380167007446,0.11189340054988861,0.18456655740737915,0.16531509160995483,0.2603085935115814,0.12292540818452835,0.09093429893255234,0.055143531411886215,0.12010838091373444,0.18526478111743927,0.0318615185131669,0.6417327110139788,0.0737890280074884,0.014152358742264403,0.003819813850448114,0.06266123117329185,0.17198333869936155,0.046204799971242175,0.5670684525207913,0.07678737386054153,0.026234829009531654,0.018848592584603873,0.07695008812206554,0.18790586393122397
100206,LR,63,3,0.15639054775238037,0.27469852566719055,0.12201350182294846,0.0974566638469696,0.05663333833217621,0.10729853808879852,0.1855088174343109,0.15787756443023682,0.25844284892082214,0.11802179366350174,0.10061968863010406,0.05539759621024132,0.12301769107580185,0.18662282824516296,0.06134766795374472,0.40225550018356604,0.12261010649735118,0.0742639134641043,0.10254195486011194,0.0859106625919414,0.15107019444918043,0.05365457103103672,0.3669857910458983,0.12838024132710896,0.06933938405310153,0.12607471325680988,0.08806622814018635,0.1674990711458583
100206,LR,65,5,0.1705022007226944,0.24995048344135284,0.10928446054458618,0.10494352877140045,0.0637287050485611,0.11395218968391418,0.18763838708400726,0.18067635595798492,0.2351371794939041,0.1088097095489502,0.11014245450496674,0.06753099709749222,0.11900657415390015,0.17869676649570465,0.2637848584400917,0.4093082824443482,0.04347226168287489,0.03001252042732489,0.17653511756824927,0.03855077364398539,0.03833618579312567,0.3316165194542119,0.39006756738192105,0.09669163109226996,0.0026475734985490877,0.16191913398550895,0.008844942542337546,0.008212632045201593
100206,LR,67,5,0.1680280566215515,0.2557830512523651,0.11335572600364685,0.10363931208848953,0.060047607868909836,0.11327825486660004,0.18586798012256622,0.16241830587387085,0.2816118896007538,0.10597460716962814,0.10814554989337921,0.06844674050807953,0.11458832770586014,0.1588146686553955,0.17745100413211698,0.3744365218486756,0.10045774254845984,0.0962725605025223,0.1759301471367405,0.029270227497486197,0.04618179633399859,0.19321515218766092,0.3677933009472273,0.08152809890059885,0.10153005327599575,0.1790735363820015,0.011721297035035994,0.06513856127147973
100206,LR,69,5,0.14998652040958405,0.2762809693813324,0.10017440468072891,0.10334214568138123,0.0636950358748436,0.116207554936409,0.19031335413455963,0.16234911978244781,0.29254093766212463,0.10511364787817001,0.10779975354671478,0.07150310277938843,0.1051606833934784,0.15553277730941772,0.1477237589470178,0.347869352926376,0.11897560784022072,0.006611980773122006,0.21467543771309602,0.03525001996929445,0.12889384183087296,0.15962869753008957,0.3417364185050564,0.12113637861232808,0.016083269944026892,0.2096271977711778,0.04364314562181941,0.10814489201550181
100206,LR,71,5,0.16590172052383423,0.2799687385559082,0.09978791326284409,0.102605901658535,0.06422248482704163,0.10705016553401947,0.18046312034130096,0.16328051686286926,0.31368690729141235,0.11007506400346756,0.10273275524377823,0.06183047965168953,0.09857362508773804,0.14982058107852936,0.053440174499765486,0.3530252241989698,0.021965754876178856,0.13057054651461392,0.18422138822924164,0.06653731685558649,0.19023959482564382,0.03144796787980318,0.4156538055575198,0.06728693944140086,0.14283406249613861,0.16040209468288638,0.007657564643405882,0.17471756529884527
100206,LR,73,5,0.1707109957933426,0.2671155333518982,0.10786552727222443,0.10070972144603729,0.06469225138425827,0.10517486929893494,0.18373112380504608,0.1927775740623474,0.2860237956047058,0.10595628619194031,0.0980161800980568,0.06419185549020767,0.09582594782114029,0.1572083681821823,0.07626488729391329,0.3624188811016817,0.08680889660043498,0.09619690226913533,0.2019590509117637,0.035329183780459385,0.14102219804261168,0.007065310185500414,0.48040021130709265,0.03660624808899156,0.10413192483352249,0.2375834262101835,0.032258528512102716,0.10195435086260658
100206,LR,75,5,0.16778108477592468,0.27468183636665344,0.10163188725709915,0.10153412818908691,0.07138829678297043,0.10394197702407837,0.1790408045053482,0.18652918934822083,0.28786352276802063,0.09503981471061707,0.09817273914813995,0.07148314267396927,0.09400305151939392,0.16690851747989655,0.1547726071845645,0.3898067579111608,0.06012879445967797,0.029244344054355435,0.17561679333887278,0.015548861502970981,0.1748818415483975,0.07899580137903052,0.41895381896365746,0.08256700309425444,0.0664612300408127,0.14476272665143883,0.051512842018706255,0.15674657785209978
100206,LR,77,5,0.15720440447330475,0.27459877729415894,0.10382577776908875,0.10325655341148376,0.06642279773950577,0.10775072127580643,0.18694092333316803,0.1995696872472763,0.2692060172557831,0.09427539259195328,0.10089895874261856,0.06666428595781326,0.10064207762479782,0.1687435805797577,0.1226279320130154,0.3294763126226569,0.006775507100149009,0.020238524215781505,0.15652882916992775,0.15644728699333754,0.2079056078851319,0.025122911130588448,0.37472074687792434,0.04922178500090443,0.06737786479122694,0.14277770682462,0.1595329748917465,0.1812460104829894
100206,LR,79,5,0.1426287591457367,0.2845172584056854,0.10344252735376358,0.10415654629468918,0.06448592990636826,0.11274387687444687,0.1880250871181488,0.18646353483200073,0.2817787528038025,0.08740060776472092,0.09609179943799973,0.06871236860752106,0.09948591142892838,0.18006698787212372,0.12062458845820724,0.25985745666705706,0.0497469188814485,0.11328683246177727,0.1424034778416878,0.11451508745762795,0.19956563823219417,0.004680765868883056,0.33879310052731787,0.07794810209942264,0.14110370691638982,0.14300616024454052,0.12184124568414105,0.17262691865930507
100206,LR,81,5,0.15544691681861877,0.27437302470207214,0.09770908206701279,0.10839541256427765,0.06971485167741776,0.10572531074285507,0.18863539397716522,0.16758063435554504,0.2814313769340515,0.08413620293140411,0.09674850106239319,0.0818398967385292,0.10140705108642578,0.18685631453990936,0.1068808351331377,0.3866411801375062,0.059315076560696886,0.07844890370626649,0.021222348218310476,0.13123793851399246,0.21625371773008978,0.006529933468457968,0.4497113027398494,0.06753939837770948,0.1059959922255266,0.0351628515541114,0.12148611411291851,0.2135744075214265
100206,LR,83,5,0.15708908438682556,0.27345749735832214,0.11154666543006897,0.10679852962493896,0.05954967811703682,0.10746393352746964,0.18409457802772522,0.16315019130706787,0.28883516788482666,0.08757981657981873,0.09820137172937393,0.0754447877407074,0.09941451251506805,0.18737410008907318,0.012370244180156928,0.2752445446403084,0.15586094108451848,0.15403199364044107,0.1298387889509506,0.04355234496851529,0.22910114253510921,0.06274318451581716,0.3239847438080056,0.16503203575228742,0.14944568016267104,0.08997321007804003,0.00938025973851521,0.19944088594466342
100206,LR,85,5,0.1607958972454071,0.28188514709472656,0.10870952159166336,0.1029074564576149,0.059497058391571045,0.10454600304365158,0.18165890872478485,0.15194790065288544,0.32328352332115173,0.09242843836545944,0.09813089668750763,0.06730944663286209,0.09705154597759247,0.16984832286834717,0.028460595329702958,0.4723351116379654,0.14657574446267746,0.11516546647246315,0.012611875722014623,0.06464966686061308,0.1602015395145634,0.02815639036167665,0.4579782633798568,0.15856973371436975,0.11920371754760643,0.010462670647377067,0.08498871858706128,0.14064050576205206
100206,LR,87,4,0.1525958627462387,0.2962372899055481,0.1038513332605362,0.09655984491109848,0.05773567408323288,0.10753054171800613,0.1854894757270813,0.16779491305351257,0.34078770875930786,0.08899625390768051,0.10131525993347168,0.05529213324189186,0.08891547471284866,0.15689827501773834,0.3943242435024988,0.2569099099518164,0.03633233042590969,0.10112723723897588,0.03620393914765876,0.08355060920280424,0.09155173053033623,0.3610506548918221,0.25442503213929873,0.06332868028724474,0.1177676781779287,0.02827198371665965,0.07611475077902023,0.09904122000802593
100206,LR,89,4,0.1625606119632721,0.2793329954147339,0.11074937880039215,0.10222942382097244,0.055685386061668396,0.10404955595731735,0.1853925734758377,0.17237521708011627,0.3148624002933502,0.09601078927516937,0.09248978644609451,0.05320947989821434,0.09543365240097046,0.17561869323253632,0.35066683942562615,0.3602279719264738,0.07327821457728707,0.0628348146670769,0.004274988130644045,0.026273919828064696,0.12244325144482732,0.33978208516378383,0.3708955158768027,0.06068941013793433,0.08097033668106639,0.009790516248537391,0.042872122683166015,0.09500001320870922
100206,LR,91,4,0.16352088749408722,0.27574482560157776,0.11061910539865494,0.09936722368001938,0.0564449168741703,0.10677921026945114,0.18752387166023254,0.18308407068252563,0.29739877581596375,0.10549643635749817,0.08808168768882751,0.04842276871204376,0.09789154678583145,0.17962469160556793,0.14978386364474014,0.3942063023849267,0.1317012257228031,0.06163195738679185,0.019325235282023054,0.04333874636377597,0.20001266921493918,0.18120355234422664,0.38884671006785715,0.09487178340259206,0.09247922940200808,0.015381478095508432,0.0650876111780252,0.16212963550978254
100206,LR,93,4,0.15547214448451996,0.2875341475009918,0.10697386413812637,0.09528966248035431,0.057272594422101974,0.10963461548089981,0.18782305717468262,0.19568248093128204,0.2917802035808563,0.10365595668554306,0.08381741493940353,0.047608811408281326,0.09471531957387924,0.18273983895778656,0.032017488075440165,0.39566822485014375,0.2286747259675843,0.03036053843710811,0.019633075262738053,0.0310127204625616,0.262633226944424,0.02241585023363588,0.39070235938002706,0.20615646849074512,0.030466789780934835,0.028493728723101134,0.06909307155131819,0.2526717318402378
100206,LR,95,4,0.15204451978206635,0.29741689562797546,0.10820681601762772,0.09739875793457031,0.05979032814502716,0.10477375239133835,0.18036891520023346,0.19096919894218445,0.31207478046417236,0.09924943745136261,0.08608538657426834,0.046925317496061325,0.08839059621095657,0.17630530893802643,0.02039982258721768,0.45420783088957933,0.23761224353386504,0.0029370113317542038,0.008816980287961575,0.01754760502016274,0.2584785063494594,0.022945642894843826,0.46001719038753175,0.180738533205167,0.01206232166642071,0.00395744001402708,0.02894478453767243,0.29133408729433724
100206,LR,97,4,0.1469368189573288,0.2984221279621124,0.10609458386898041,0.09462235122919083,0.05830442160367966,0.10908356308937073,0.18653614819049835,0.19889682531356812,0.3005557656288147,0.09182129055261612,0.08342660963535309,0.05203865468502045,0.08877898752689362,0.18448184430599213,0.09006598839206326,0.4350314633983812,0.27484683812974436,0.02362469967288635,0.02532603823663647,0.0295465586800901,0.12155841349019819,0.11710031637041388,0.4048282876155628,0.23619741358916072,0.03697662994976333,0.035898174730610445,0.018993309355521383,0.1500058683889676
100206,LR,99,4,0.15497726202011108,0.2742900550365448,0.10635627061128616,0.10550103336572647,0.056920796632766724,0.1054437905550003,0.19651085138320923,0.19240383803844452,0.27996817231178284,0.0944085493683815,0.0958695113658905,0.04869920760393143,0.09438201785087585,0.19426870346069336,0.013530453740920203,0.5340604973408827,0.1724268963153546,0.047286201691743225,0.053700716624501904,0.07784741705671969,0.10114781722987769,0.009986522462620745,0.456620172359175,0.17409799768646392,0.07996621525964873,0.054661324790764194,0.09916554918976639,0.12550221825156085
100206,LR,101,4,0.16972170770168304,0.2518700361251831,0.113196462392807,0.1074080839753151,0.05261138081550598,0.10912284255027771,0.19606953859329224,0.19003982841968536,0.2659916579723358,0.09490635991096497,0.0949712023139,0.05096358433365822,0.10370461642742157,0.19942273199558258,0.029977487490326093,0.5264690021182735,0.14899532419780287,0.08510719264166662,0.036221744489868146,0.17226991846886214,0.0009593305932005842,0.02389979080227956,0.4745421888922655,0.17046056383540212,0.12098166071203055,0.026237310875457796,0.17285629643152206,0.011022188451042489
100206,LR,103,4,0.1626272350549698,0.2707340121269226,0.11020328104496002,0.10682646930217743,0.05403072386980057,0.10573889315128326,0.1898394376039505,0.17649903893470764,0.27327215671539307,0.09752069413661957,0.0928770899772644,0.048565320670604706,0.10752570629119873,0.20374004542827606,0.03113615145724889,0.5229406304865369,0.08851153698190253,0.046627780516335295,0.0855163780559629,0.18888484957418536,0.036382672927828034,0.026477572141567592,0.5046629905235491,0.12584129499970692,0.06623959212744321,0.0802085919676083,0.17949142153853992,0.017078536701584997
100206,LR,105,4,0.1617136001586914,0.27599433064460754,0.10815020650625229,0.1003410816192627,0.05466384440660477,0.1124539002776146,0.18668314814567566,0.17234216630458832,0.2813599109649658,0.09844586253166199,0.08301045745611191,0.04920436069369316,0.11856179684400558,0.1970754712820053,0.0032511833417976483,0.12375958502327622,0.033288706616636535,0.026115819294943856,0.28664242650560506,0.39758130846353607,0.12936097075420458,0.02427424670392134,0.21547742023319974,0.022677884177610744,0.015260203847879508,0.19127388564574424,0.3782855971057271,0.15275076228591733
100206,LR,107,1,0.15069399774074554,0.30613061785697937,0.10707572847604752,0.09857089817523956,0.06367417424917221,0.10089534521102905,0.17295928299427032,0.17788615822792053,0.26162099838256836,0.11168254911899567,0.09745299071073532,0.06518551707267761,0.11805550754070282,0.16811621189117432,0.024627755879518994,0.8103852209774274,0.028927154785152093,0.027957397712835768,0.030488851174142673,0.03851131980035406,0.039102299670568996,0.023180974827907885,0.8600122330905202,0.016937458457737635,0.026899281449812414,0.0318905786032699,0.030798385801802615,0.0102810877689491
100206,LR,109,1,0.15912024676799774,0.28558817505836487,0.1056423932313919,0.09899017959833145,0.06190202757716179,0.10594497621059418,0.18281200528144836,0.17538653314113617,0.26951634883880615,0.11594973504543304,0.09927462041378021,0.0580003559589386,0.12032391130924225,0.16154853999614716,0.03541870451781447,0.9521879910156498,0.0015321407131059454,0.008381885967615958,0.0008658975896277068,2.5442045758967868e-05,0.0015879381504272344,0.03742162986817741,0.9451385426928011,0.004523937019509014,0.008257360051150056,0.0017538183825224084,0.0018125975437376241,0.0010921144421024691
100206,LR,111,1,0.17413517832756042,0.26024240255355835,0.10798590630292892,0.10522225499153137,0.05984186381101608,0.11097471415996552,0.18159766495227814,0.1911398470401764,0.2634434998035431,0.10979566723108292,0.1015147939324379,0.05803854763507843,0.10950597375631332,0.16656175255775452,0.03696568809067863,0.9216691772103154,0.007784276290573167,0.010399139220929046,0.0070878459358100655,0.0004153093472731193,0.015678563904420573,0.03858715680727019,0.9208238672448453,0.0050840757452579105,0.009815902122507011,0.0025143279212611605,0.0017238096681649827,0.021450860490693495
100206,LR,113,1,0.16363000869750977,0.28409498929977417,0.10374470055103302,0.10156204551458359,0.060161251574754715,0.10527193546295166,0.18153506517410278,0.18286442756652832,0.28081056475639343,0.10634654015302658,0.09777739644050598,0.053797975182533264,0.10897991061210632,0.1694231927394867,0.09689619812464427,0.8275286198714003,0.00855652982897431,0.028653606484684017,0.030908042951978302,0.0014913729595112718,0.005965629778807567,0.12607195052409653,0.770429951983923,0.007882870387109964,0.0374779911433687,0.025469611912962205,0.0037325848185889997,0.028935039229950592
100206,LR,115,1,0.14833123981952667,0.302995890378952,0.10700757056474686,0.0999729260802269,0.06587030738592148,0.09677651524543762,0.17904560267925262,0.16327407956123352,0.2743070721626282,0.11391209810972214,0.0936548039317131,0.06442762911319733,0.11374841630458832,0.1766759157180786,0.07233628680070253,0.8622939225876584,0.029072506714657703,0.029198772851831784,0.002095257134856819,0.003634063535404225,0.0013691903748885752,0.08564247426039656,0.8075564583297569,0.036392212079086876,0.04342835682070117,0.008017340976409939,0.003795789070688157,0.01516736846296048
100206,LR,117,1,0.15308019518852234,0.3013925552368164,0.10100984573364258,0.10155768692493439,0.06123201176524162,0.1008007749915123,0.1809268444776535,0.1680012047290802,0.26736247539520264,0.11485721170902252,0.10258910059928894,0.059513188898563385,0.11098919063806534,0.1766875982284546,0.044115309917610375,0.8954557851598428,0.02197578234607285,0.006734203631501093,0.00638684474525974,0.011394912416758449,0.013937161782954713,0.05373061485582268,0.8791726379590635,0.02941099644234469,0.01061295316641899,0.007788706034917878,0.011665525289103203,0.007618566252328995
100206,LR,119,1,0.16307899355888367,0.2824536859989166,0.10410134494304657,0.10507511347532272,0.06353220343589783,0.10299725085496902,0.17876136302947998,0.1643967181444168,0.2656296193599701,0.1259647160768509,0.12049948424100876,0.051023930311203,0.11570791155099869,0.15677763521671295,0.10135836692280878,0.762137753714421,0.05831324810967883,0.03156175559858842,0.00412846950529532,0.0038778053530828136,0.03862260079612477,0.09499197636124802,0.724827234491025,0.0777294713693763,0.043331158913669565,0.0014516077779534362,0.01887172427857076,0.03879682680815693
100206,LR,121,1,0.1485758125782013,0.30483201146125793,0.10729031264781952,0.09911483526229858,0.06693562120199203,0.09545523673295975,0.17779619991779327,0.17299684882164001,0.28071701526641846,0.11899502575397491,0.11148293316364288,0.053174324333667755,0.10859372466802597,0.1540401577949524,0.038045629661232615,0.906886335784765,0.032670938149255244,0.003166798768350113,0.0023245699817150043,0.011740658060235418,0.005165069594446674,0.04895996045082483,0.871833712702741,0.04587968299379934,0.006155467107771061,0.002973204614515543,0.02208237536011478,0.0021155967702333007
100206,LR,123,1,0.1853315532207489,0.2526271939277649,0.10874231159687042,0.10756334662437439,0.05790986865758896,0.10831420123577118,0.17951153218746185,0.17428509891033173,0.29078465700149536,0.12399668246507645,0.1108447015285492,0.05707341805100441,0.09593529999256134,0.14708010852336884,0.09221225037962566,0.728579356865013,0.06650698585821811,0.042356502132279684,0.023271353842352252,0.002920076237437704,0.04415347468507362,0.07361010878897364,0.6996278950709383,0.08078231585224338,0.0608079760642847,0.015340009877175471,0.01874000036413735,0.051091693982246965
100206,LR,125,0,0.19396941363811493,0.220916286110878,0.11302649229764938,0.1100316047668457,0.05759811773896217,0.10964123904705048,0.19481685757637024,0.2057466208934784,0.25384292006492615,0.12853820621967316,0.11463035643100739,0.047305844724178314,0.09678033739328384,0.15315566956996918,0.0454132130007294,0.17318454309476786,0.21836398561132397,0.27327678112230386,0.060217345704729044,0.04860527202351968,0.1809388594426262,0.023793514403920583,0.18560995194695393,0.21279663091944304,0.28536821909596705,0.04640538212450878,0.04582881656353294,0.20019748494567363
100206,LR,127,0,0.1998085081577301,0.21539801359176636,0.11683175712823868,0.10452684015035629,0.057452112436294556,0.11653901636600494,0.18944382667541504,0.19911421835422516,0.2478906661272049,0.12898269295692444,0.1139109656214714,0.05249343812465668,0.09537070244550705,0.16223731637001038,0.2385829348349714,0.10552768603211227,0.11804292293902237,0.25816824388663884,0.04110098545173602,0.12194715664222659,0.1166300702132925,0.24874234900976822,0.1031430236165818,0.13703267018775492,0.25494614170069246,0.019913614317999373,0.13712652434156827,0.09909567682563497
100206,LR,129,0,0.18210269510746002,0.2364463061094284,0.12031972408294678,0.10254572331905365,0.05651470273733139,0.1158195436000824,0.18625137209892273,0.1865966022014618,0.25111648440361023,0.13415920734405518,0.10306718945503235,0.05196642875671387,0.10086987912654877,0.17222420871257782,0.26890756725667714,0.24289667954555696,0.17357630816350944,0.16569422636221598,0.015372238767993245,0.07240185336419837,0.06115112653984882,0.27865404578520614,0.25609674592604414,0.15205822886297907,0.16079569025158394,0.023471008369309307,0.06128272558193458,0.06764155522294259
100206,LR,131,0,0.19473378360271454,0.2335592657327652,0.11625678837299347,0.1039104238152504,0.05413543060421944,0.11245595663785934,0.18494835495948792,0.19869989156723022,0.2489277720451355,0.13859276473522186,0.09697755426168442,0.04956226050853729,0.10506078600883484,0.16217908263206482,0.27745464761366395,0.2067330838750023,0.21762900943513086,0.14471762483019002,0.02787349095171491,0.07458944630892178,0.05100269698537619,0.28667591116756663,0.1894257581675248,0.21795087400291993,0.14336206546381772,0.024054412559739703,0.07971813706521381,0.05881284157321732
100206,LR,133,0,0.19009339809417725,0.23379431664943695,0.12002409249544144,0.10663213580846786,0.055821165442466736,0.11249786615371704,0.1811370551586151,0.19500114023685455,0.2381172478199005,0.13801763951778412,0.10258276015520096,0.05292839929461479,0.10388100147247314,0.1694718897342682,0.17915066794366025,0.09570786830045128,0.2336984899853839,0.24447779255064012,0.026439880165794735,0.13059673233313768,0.08992856872093208,0.15711218484163803,0.024316897840476515,0.2776569678878753,0.26807167642160745,0.02067835403781199,0.18788598649738295,0.06427793247320795
100206,LR,135,0,0.18583840131759644,0.23575475811958313,0.11605095118284225,0.11128213256597519,0.058727361261844635,0.1088561862707138,0.18349020183086395,0.18253396451473236,0.25285035371780396,0.12412934005260468,0.11927347630262375,0.05753493681550026,0.10246542096138,0.1612125188112259,0.11489967397961592,0.19259066180773274,0.20615481408202554,0.23692199883831946,0.020237070120694832,0.11689500486223507,0.11230077630937642,0.1252706271586447,0.16795420113729637,0.22227240880616214,0.2553563954562202,0.014383980870795988,0.14093098237269988,0.07383140419818064
100206,LR,137,0,0.20571067929267883,0.2302933931350708,0.11939999461174011,0.10148534923791885,0.05797046050429344,0.10481685400009155,0.18032333254814148,0.19101624190807343,0.230945885181427,0.1302139014005661,0.10530247539281845,0.058190904557704926,0.11303608864545822,0.17129449546337128,0.032007156897340905,0.2097908957875524,0.11050062516241488,0.3293181045760704,0.015383888245590114,0.06090597319851904,0.24209335613251223,0.0734464596980117,0.17526450600974067,0.09068640266449197,0.2977460325634439,0.05643761304433887,0.11957209995020088,0.1868468860697721
100206,LR,139,0,0.19515757262706757,0.2379934936761856,0.12058018893003464,0.100944884121418,0.05930276960134506,0.10251474380493164,0.1835063397884369,0.1873166561126709,0.22967852652072906,0.13645173609256744,0.11300257593393326,0.0602874793112278,0.10417428612709045,0.16908866167068481,0.08366917305507456,0.06293799666719228,0.013843066271917009,0.44238501974334526,0.050637107278753285,0.12708765438325068,0.21943998260046693,0.15263178594440188,0.017024644721282955,0.0544781111233667,0.39567993023398795,0.013958030012393742,0.1863158757771661,0.1799116221874005
100206,LR,141,5,0.15924115478992462,0.28285884857177734,0.09355970472097397,0.10740616917610168,0.06600932776927948,0.11076830327510834,0.18015651404857635,0.15430393815040588,0.2863049805164337,0.10913404822349548,0.11041641235351562,0.06819035857915878,0.10941006243228912,0.16224020719528198,0.1388084069930873,0.3453799348301918,0.15023122728441465,0.1213886152167469,0.04113775222830838,0.08144825322445277,0.12160581022279818,0.1398985605766079,0.3773165049907432,0.160719884849015,0.13211530492190818,0.015065893599844483,0.054252203010894576,0.1206316480509866
100206,LR,143,0,0.20020002126693726,0.22886325418949127,0.12034443765878677,0.10156315565109253,0.05780835449695587,0.10718456655740738,0.18403621017932892,0.20531438291072845,0.24487392604351044,0.11944618821144104,0.10415550321340561,0.059456247836351395,0.10109959542751312,0.16565409302711487,0.05054757597475466,0.05313189024509588,0.24793479610717215,0.12103871927244175,0.03372456729789615,0.04642503069944321,0.4471974204031962,0.06333162806800585,0.04319099974700886,0.2443429047120326,0.11840105355179482,0.052717311610991476,0.023746514233827093,0.4542695880763394
100206,LR,145,5,0.16060177981853485,0.28267809748649597,0.09059809893369675,0.10559409111738205,0.07063627243041992,0.11002843081951141,0.17986325919628143,0.17749041318893433,0.3014383912086487,0.0926402136683464,0.10814061015844345,0.07248836010694504,0.09390553086996078,0.15389640629291534,0.29082014013791607,0.24185470731713712,0.07096419284396348,0.034607826196886605,0.13599710913051505,0.17766930692564442,0.04808671744793721,0.3207399246545635,0.23491863084865341,0.09418283608886652,0.04295514083365856,0.14019318347708704,0.1558295997330586,0.011180684364112478
100206,LR,147,5,0.16277526319026947,0.2777579724788666,0.09480611979961395,0.10293860733509064,0.0702696144580841,0.11407410353422165,0.17737840116024017,0.17198510468006134,0.3046247363090515,0.08875308185815811,0.11216966062784195,0.0755462795495987,0.09255882352590561,0.15436230599880219,0.11453915248813458,0.411617787704468,0.00971343145319296,0.11577567030339009,0.21766047250871326,0.1076075641254857,0.023085921416615418,0.16278957127347485,0.4294027930668971,0.04014322084950491,0.009572294605228389,0.2148133850109274,0.03288237209398613,0.11039636309998119
100206,LR,149,5,0.16771511733531952,0.2681232690811157,0.1045391634106636,0.10009738057851791,0.06910862028598785,0.10807907581329346,0.18233738839626312,0.14936955273151398,0.3398600220680237,0.08761095255613327,0.11265541613101959,0.07860568165779114,0.08462515473365784,0.14727312326431274,0.14856393930151673,0.4680047952296699,0.014745142739254369,0.14204946704182805,0.18444017970024965,0.01588333495952166,0.02631314102795962,0.13418726179492982,0.47778953577904487,0.01607100285984196,0.11705033853030257,0.19866882187517199,0.016839816283914094,0.03939322287679471
100206,LR,151,5,0.16915875673294067,0.2623891830444336,0.11428342014551163,0.10275313258171082,0.05919547379016876,0.10436578094959259,0.18785429000854492,0.13412554562091827,0.35418638586997986,0.08997964859008789,0.10958197712898254,0.0768437311053276,0.08682306110858917,0.14845962822437286,0.0870470323459178,0.43139523595528406,0.007748507692901838,0.1628812670262737,0.18792117110005632,0.04351385408397623,0.07949293179559005,0.05963488588156937,0.504922968405941,0.019977349984471895,0.12342785849690568,0.2398302227561713,0.03869760335690586,0.013509111118034938
100206,LR,153,5,0.15939074754714966,0.2801312506198883,0.10720834136009216,0.10077584534883499,0.06854145973920822,0.10167697072029114,0.18227532505989075,0.1389223337173462,0.3271692991256714,0.09081727266311646,0.10392794013023376,0.08930745720863342,0.09217574447393417,0.15767990052700043,0.06714486804072464,0.4208259657673351,0.09116934725449395,0.00932766878671439,0.24629217941448256,0.0012190973827449227,0.1640208733535044,0.042244556525591004,0.4722802379556144,0.07800069920630119,0.012128508588977967,0.31303988018430334,0.002424834776595927,0.07988128276261632
100206,LR,155,5,0.16675424575805664,0.26293155550956726,0.10750437527894974,0.10400725156068802,0.06925668567419052,0.10756467282772064,0.18198122084140778,0.14663156867027283,0.32035189867019653,0.08894944190979004,0.09811937063932419,0.09707403928041458,0.0936860516667366,0.15518757700920105,0.09105498978280328,0.42998752240745114,0.05125230154595374,0.002538131103172768,0.21370285551527476,0.07209795243333453,0.1393662472120098,0.06688199502357958,0.46593332856003705,0.05968603189262773,0.01955613284213558,0.26234170358584236,0.04833414154101559,0.07726666655476207
100206,LR,157,5,0.1611107587814331,0.27668648958206177,0.11242108792066574,0.10284382849931717,0.06725434213876724,0.10275300592184067,0.17693042755126953,0.14634987711906433,0.3307265043258667,0.08393657952547073,0.09568256139755249,0.1032199040055275,0.09055420756340027,0.1495303511619568,0.08822920073005112,0.4617536014487306,0.07423834523753067,0.034378080432168515,0.16017877926320284,0.0975300543149032,0.08369193857341298,0.06158658633270609,0.54217266583732,0.07639349063141467,0.0348650322371003,0.1655664733796924,0.07955698114097207,0.03985877044079436
100206,LR,159,5,0.1595429629087448,0.26993870735168457,0.11930695921182632,0.099919892847538,0.06134907901287079,0.10647715628147125,0.18346525728702545,0.14868570864200592,0.32900214195251465,0.08453375846147537,0.09041423350572586,0.09616146981716156,0.09246483445167542,0.15873782336711884,0.09295365729327876,0.4401331156331008,0.08522416219796404,0.028493641842483527,0.19660018019612577,0.08523431935603949,0.07136092348100759,0.06914371067023105,0.5104630654612503,0.09301934269465413,0.039930428496656706,0.2432539388855019,0.04342949450784023,0.0007600192838656976
100206,LR,161,5,0.16039101779460907,0.27553480863571167,0.11823541671037674,0.10093086957931519,0.05881201848387718,0.10399710386991501,0.18209870159626007,0.13517871499061584,0.34703752398490906,0.08697623759508133,0.09778514504432678,0.09199249744415283,0.08533728867769241,0.15569259226322174,0.10297690294983583,0.47568753620787513,0.10785031716692753,0.03361262625246962,0.15880641186964609,0.029380193349306766,0.09168601220393907,0.06580144643568914,0.518979657262706,0.11801476545485116,0.07950143093158459,0.17682551951738404,0.018785497013655582,0.02209168338412946
100206,LR,163,5,0.15268097817897797,0.2820897400379181,0.1169782355427742,0.10159842669963837,0.060569506138563156,0.10266204923391342,0.1834210902452469,0.13971886038780212,0.30116531252861023,0.1001799926161766,0.10279400646686554,0.09244485944509506,0.09452635794878006,0.16917067766189575,0.046497954922503665,0.47955509976343225,0.09454112070724963,0.0655596414615154,0.1639163791694189,0.021893255093660618,0.12803654888221955,0.0069749385272245695,0.5342320461048542,0.09177369821946645,0.06144774122721459,0.16794987647292903,0.04009076496352539,0.0975309344847858
100206,LR,165,5,0.1618538647890091,0.2655598819255829,0.11687640845775604,0.10370010882616043,0.06174137443304062,0.1029931977391243,0.18727517127990723,0.14379918575286865,0.29955679178237915,0.08794967830181122,0.1088302806019783,0.09189896285533905,0.09703660756349564,0.17092853784561157,0.08743673613305555,0.5484016438977463,0.016965666427890873,0.02771294645777387,0.08534315665165064,0.010881650532665453,0.22325819989921733,0.02584959476121266,0.6237310103022905,0.010909014082221493,0.04715793295682224,0.03112095805363229,0.02477339867645711,0.2364580911673637
100206,LR,167,5,0.16556300222873688,0.2571553885936737,0.11562620848417282,0.1071498692035675,0.05851335823535919,0.10671351104974747,0.1892785280942917,0.15827824175357819,0.3087247610092163,0.08843041956424713,0.10505897551774979,0.07695239782333374,0.09521923959255219,0.16733604669570923,0.11742970659125787,0.5580556869791272,0.025297956549765098,0.017895470266400645,0.050958301455796,0.035843812429871474,0.19451906572778171,0.07098413114193493,0.6301187537247497,0.05526774280371175,0.04466049495784974,0.0035973101751348175,0.010084739922160954,0.1852868272744582
100206,LR,169,3,0.15944106876850128,0.27692824602127075,0.1115870401263237,0.10052407532930374,0.05647743493318558,0.11154055595397949,0.18350163102149963,0.15121214091777802,0.33419761061668396,0.1000373587012291,0.09348525106906891,0.06253138184547424,0.09792967140674591,0.16060666739940643,0.004855384234491899,0.8212264046726436,0.016106442138360422,0.07385908709906638,0.03242880584793078,0.02374384803150476,0.02778002797600212,0.003345941473331799,0.8196042758676396,0.01988152817670591,0.05821509678954504,0.03205091898438074,0.03210065032126579,0.034801588387130954
100206,LR,171,3,0.15030428767204285,0.289097398519516,0.11117244511842728,0.10168695449829102,0.060031674802303314,0.10693584382534027,0.18077141046524048,0.14888423681259155,0.3416437804698944,0.0932338610291481,0.08773059397935867,0.06470407545566559,0.09290114790201187,0.17090237140655518,0.015884156847282893,0.9286292199382957,0.004704751755917212,0.005240006929309242,0.019870262303917623,0.005515594956165125,0.02015600726911213,0.024195116319264156,0.9105765282657443,0.004984203280778253,0.00318479452424256,0.020660586206267324,0.008383931679211731,0.028014839724491654
100206,LR,173,3,0.1444336324930191,0.30772659182548523,0.10421926528215408,0.1038697138428688,0.05628139525651932,0.10531766712665558,0.17815174162387848,0.14348986744880676,0.36281347274780273,0.09571995586156845,0.08419287204742432,0.060977354645729065,0.08766418695449829,0.16514228284358978,0.04622483631342041,0.8335325068254108,0.01241560478557549,0.017679253310417135,0.03908028220026095,0.014543931275382992,0.036523585289532264,0.06606662646629949,0.7812104355811879,0.01353923829690622,0.013787042157422626,0.04625473814152696,0.023771114373932752,0.05537080498272393
100206,LR,175,3,0.15121354162693024,0.29109153151512146,0.10564156621694565,0.10017840564250946,0.06110990047454834,0.10786689817905426,0.18289814889431,0.14587034285068512,0.3647790551185608,0.08673537522554398,0.08464104682207108,0.06296518445014954,0.0891425609588623,0.1658664345741272,0.04168327412209499,0.9185519242970746,0.00209092827397146,0.007586795101307326,0.0010219042563725527,0.0054572470262320965,0.023607926922946984,0.0361817267821704,0.9075125505532973,0.006284852644820251,0.005574608158586707,0.003193724548807959,0.006066595906169917,0.03518594140614747
100206,LR,177,3,0.15522147715091705,0.28264757990837097,0.10603372007608414,0.10235820710659027,0.05694654956459999,0.1083739623427391,0.18841856718063354,0.14150331914424896,0.3465307354927063,0.09014999866485596,0.08895162492990494,0.06326171010732651,0.09183841198682785,0.17776422202587128,0.0048416044463785845,0.8547185061877807,0.020239322117586108,0.06658610847235844,0.0015978406192982523,0.024727580447191727,0.02728903770940618,0.004650228394018929,0.8474151693630133,0.019502558909374454,0.04059343856963014,0.009765055217826042,0.03570148268517753,0.04237206686095966
100206,LR,179,3,0.1599566787481308,0.2858087420463562,0.10741516202688217,0.1012132540345192,0.06303489953279495,0.10228860378265381,0.1802826076745987,0.14549022912979126,0.3472840487957001,0.08634831011295319,0.0903129130601883,0.06709720939397812,0.09110502153635025,0.1723622828722,0.002888467252081166,0.8545517734686437,0.03225358244825678,0.05946428947958225,0.00423679924989095,0.021980820714397394,0.024624267387147684,0.007865118704410349,0.8190721781393165,0.0317903702775707,0.04625854469682138,0.022046152039601905,0.03033460441249309,0.042633031729785976
100206,LR,181,3,0.15473127365112305,0.2854492664337158,0.10728155821561813,0.10331285744905472,0.06838677823543549,0.0995183065533638,0.1813199669122696,0.13220900297164917,0.3437826335430145,0.08807072043418884,0.0937500074505806,0.07069558650255203,0.094540536403656,0.17695146799087524,0.009874680226577151,0.7811285222196747,0.05105539875703638,0.08236109249578585,0.012824844134813572,0.03963629012964249,0.023119172036469907,0.015635444381449193,0.7434078815409783,0.0638735622247472,0.08432432712770187,0.001781435459912752,0.05341005350681959,0.03756729575839107
100206,LR,183,3,0.15292757749557495,0.3065771460533142,0.10570120811462402,0.09638530015945435,0.05585809797048569,0.10590457916259766,0.1766461879014969,0.1337205469608307,0.347455233335495,0.08021392673254013,0.09336170554161072,0.06803205609321594,0.09533762186765671,0.18187886476516724,0.006432076150645435,0.9471562668555742,0.008859836746583987,0.023188581143724775,0.00138567562638391,0.011786833458855273,0.0011907300182324018,0.008270062212977517,0.933020016990709,0.009844405589341739,0.02150390052047845,0.004528670794558848,0.0188639403484699,0.003969003543464392
100206,LR,185,3,0.15021459758281708,0.30066215991973877,0.10855790972709656,0.09707606583833694,0.055977899581193924,0.10647209733724594,0.18103930354118347,0.1343540996313095,0.3291285037994385,0.08705713599920273,0.10015793889760971,0.05987387150526047,0.10386352986097336,0.18556487560272217,0.01605398892328948,0.826460662643233,0.012297859500138628,0.08349539700055689,0.011171804195711326,0.03700432234661512,0.013515965390455477,0.021937840887873487,0.8085216301354762,0.01926610648332601,0.057796103115319734,0.017630242103234047,0.0517578889816637,0.02309018829310696
100206,LR,187,3,0.15327796339988708,0.28682106733322144,0.11214902251958847,0.09677150845527649,0.05463969334959984,0.11069141328334808,0.1856493055820465,0.12807609140872955,0.30112704634666443,0.09974785894155502,0.10590770095586777,0.0562317855656147,0.1148756816983223,0.1940338909626007,0.03513343470017569,0.49065009813144217,0.04843487564280243,0.27414514051773864,0.015503192455832883,0.12324801252441402,0.012885246027594173,0.029164018220674486,0.4443573409136121,0.07354431340684155,0.23787792292540108,0.00774747712345524,0.20177095429581604,0.00553797311419931
100206,LR,189,2,0.16048367321491241,0.27589988708496094,0.11223959177732468,0.09523012489080429,0.06083551421761513,0.10843174159526825,0.18687939643859863,0.14157910645008087,0.31098294258117676,0.09838540852069855,0.09850166738033295,0.061603594571352005,0.10992860794067383,0.17901873588562012,0.09672603570728988,0.6371747130168921,0.09771855504130977,0.07467847280828607,0.038987533257788136,0.002124113118753151,0.052590577049680884,0.10055221901903832,0.568609860199744,0.11573534253872378,0.07098484170637948,0.05679428321721587,0.026178880704939497,0.061144572613959
100206,LR,191,2,0.16691063344478607,0.25097835063934326,0.11060373485088348,0.09925270825624466,0.05868406221270561,0.11562378704547882,0.19794663786888123,0.16253681480884552,0.3189840316772461,0.09800243377685547,0.08102750778198242,0.06268902868032455,0.10038197040557861,0.1763782799243927,0.09457783407915385,0.7818026587704241,0.051841340965567244,0.031062460871542557,0.002974297506152442,0.01480904688215005,0.022932360925009804,0.1083180381349011,0.7711197323473331,0.06832738790601386,0.029506067511230968,0.002725620011277625,0.005617956682595514,0.01438519740664779
100206,LR,193,2,0.167360320687294,0.2614711821079254,0.10973523557186127,0.10016202181577682,0.06219373270869255,0.1098984032869339,0.18917903304100037,0.15655413269996643,0.33486315608024597,0.08775769919157028,0.08038081973791122,0.0625072792172432,0.09404131770133972,0.18389558792114258,0.05014433982324654,0.8849172890102477,0.024289609884975492,0.013522707452997088,0.0022424856348816045,0.0016024565952021562,0.02328111159844948,0.06188002532250665,0.8452464000318647,0.035057419541954994,0.020721522883585006,0.0028994685140852814,0.005309920471082006,0.028885243234921684
100206,LR,195,2,0.18069185316562653,0.24246643483638763,0.11581217497587204,0.10453704744577408,0.06123074144124985,0.10945414006710052,0.18580755591392517,0.14712394773960114,0.34135276079177856,0.08911659568548203,0.08595723658800125,0.055828869342803955,0.08953437954187393,0.19108621776103973,0.04270483223421407,0.9136300418463514,0.012342052988101333,0.004892525823423052,0.000902477537544231,0.008792330896522083,0.016735738673843835,0.055965381810372805,0.882987233737705,0.02021606490522436,0.0034693174702649003,0.0022742158205528297,0.015888095751062904,0.019199690504817183
100206,LR,197,2,0.17988881468772888,0.24330614507198334,0.11345171183347702,0.10266949236392975,0.06344208121299744,0.1101800873875618,0.187061607837677,0.1296234130859375,0.33175840973854065,0.10719481110572815,0.09811868518590927,0.05927219241857529,0.08581887185573578,0.18821363151073456,0.06382915405394708,0.8504025058811523,0.0265720017521728,0.004712126954546114,0.003341306227783015,0.029682541050422395,0.021460364079976292,0.0811184131067161,0.8101122086007256,0.0371742133966008,0.003054241741853263,0.0007938248035461695,0.0425826820932168,0.025164416257341265
100206,LR,199,2,0.1683301329612732,0.24753248691558838,0.11610890924930573,0.10492344200611115,0.06160036101937294,0.1130250096321106,0.18847967684268951,0.12519676983356476,0.3184793293476105,0.10706984251737595,0.10295721143484116,0.06001211330294609,0.09529177099466324,0.19099298119544983,0.049464187126584486,0.8493904861424684,0.04184774601263635,0.002462121827251442,0.0026730191332141424,0.017814895093096004,0.03634754466474924,0.06963962460410515,0.7972487118311394,0.055691358241314805,0.001154901001557257,0.002887433510067333,0.02862740495038321,0.04475056586143279
100206,LR,201,2,0.17913825809955597,0.23202715814113617,0.12019693851470947,0.10089516639709473,0.06158051639795303,0.11365360766649246,0.19250833988189697,0.13951469957828522,0.3096814453601837,0.10023213922977448,0.09777365624904633,0.061004891991615295,0.10036668181419373,0.19142656028270721,0.057458279048286764,0.743669858849487,0.09342522448861859,0.008664070955046529,0.0130495832539654,0.007673009453173028,0.07605997395142264,0.0774897110232877,0.6921798326492519,0.10479457466453454,0.009108675823174152,0.017068368299076455,0.018818544321408004,0.0805402932192673
100206,LR,203,2,0.18427066504955292,0.22493994235992432,0.12510506808757782,0.10443443059921265,0.056318264454603195,0.1137772798538208,0.191154345870018,0.14018437266349792,0.3161861300468445,0.09082487225532532,0.09403109550476074,0.06149175018072128,0.09797251969575882,0.19930922985076904,0.05876355069296178,0.6396624784879709,0.13571590473837775,0.04076426622475169,0.005755427262955427,0.02157491971160443,0.09776345288137804,0.06418230949939452,0.569547501304314,0.1486869846242022,0.05744204382725057,0.017288548717949385,0.030675174337358578,0.1121774376895306
100206,LR,205,2,0.1851588636636734,0.22849611937999725,0.1181679219007492,0.10496743768453598,0.0611761212348938,0.11429881304502487,0.18773476779460907,0.14540398120880127,0.3104396164417267,0.08932158350944519,0.08828476071357727,0.07032236456871033,0.09956792742013931,0.19665983319282532,0.024997164789499128,0.7785268553092975,0.0840827122260818,0.05356342104230729,0.008927701597235185,0.015788680213487356,0.03411346482209165,0.02656680958934709,0.7235307679536868,0.09997742087855299,0.07317095058450904,0.006808682863479108,0.02297194022031186,0.04697342791011327
100206,LR,207,2,0.1799042820930481,0.24252286553382874,0.11480832099914551,0.10026168078184128,0.05901402235031128,0.11574951559305191,0.1877393275499344,0.1467086374759674,0.29589590430259705,0.09403186291456223,0.08917008340358734,0.067936472594738,0.10237850993871689,0.20387856662273407,0.03502920635953182,0.8897861710677726,0.03654483070909103,0.0062785903409094835,0.003116597403217808,0.02556410300278211,0.003680501116695136,0.0343608629395465,0.8859319644043169,0.03417125605024101,0.012350691161009859,4.479700409324608e-05,0.03174168859369921,0.0013987398470934216
100206,LR,209,2,0.17777331173419952,0.2485438883304596,0.11367513239383698,0.1000334843993187,0.061895981431007385,0.11293867230415344,0.1851394921541214,0.15232907235622406,0.27307814359664917,0.10202322155237198,0.08602679520845413,0.0662926509976387,0.11308169364929199,0.20716843008995056,0.0916877246451829,0.6860934723261516,0.01702970192095371,0.009412440404206007,0.025885891707467697,0.0717266516141265,0.09816411738191165,0.08183710309184275,0.6925596261727686,0.014052813637412438,0.0036343267437982003,0.02508298015970933,0.08346510883150854,0.09936804136296022
100206,LR,211,0,0.1716456264257431,0.2468140721321106,0.11261333525180817,0.10313325375318527,0.06248531863093376,0.11461877077817917,0.18868966400623322,0.17689432203769684,0.21607686579227448,0.12735401093959808,0.10542843490839005,0.05623692646622658,0.10325944423675537,0.2147500216960907,0.0831607034894471,0.09135903118829612,0.26415176508120386,0.13425809089722354,0.04164519868029755,0.11988668104595424,0.26553852961757757,0.02122964298237629,0.13667665405929658,0.2500249026397117,0.19943813200231986,0.027319145538200536,0.07893826402379299,0.286373258754302
100206,LR,213,0,0.15550051629543304,0.2587231695652008,0.11769655346870422,0.1040881797671318,0.060679443180561066,0.11557728052139282,0.18773485720157623,0.17283979058265686,0.21224156022071838,0.13549502193927765,0.10736570507287979,0.0578697994351387,0.10902438312768936,0.20516377687454224,0.21952907184784284,0.11869421902089722,0.2261342159790437,0.1752431642787991,0.11609206561894028,0.028185932418610553,0.11612133083586632,0.24139169167878805,0.05250353632971749,0.26303375040375127,0.2295667571966482,0.06660490078042024,0.08218276401736724,0.06471659959330767
100206,LR,215,0,0.1654985249042511,0.25495120882987976,0.11829439550638199,0.10412095487117767,0.05786576122045517,0.11385386437177658,0.1854153275489807,0.17132604122161865,0.24443592131137848,0.12305749952793121,0.10305777937173843,0.05807293578982353,0.10507339984178543,0.19497644901275635,0.3346735362072902,0.0436660371220357,0.23703356360443142,0.17666892733031322,0.04419951897310768,0.07374959725755487,0.09000881950526692,0.28935474159673935,0.21007072825172943,0.19285341050705682,0.17008195205491042,0.019677911505885288,0.10640222718619828,0.011559028897480506
100206,LR,217,3,0.15719391405582428,0.27147209644317627,0.11541913449764252,0.10333722084760666,0.051232609897851944,0.11951106041669846,0.18183402717113495,0.14242610335350037,0.2878848910331726,0.11554516106843948,0.0951346904039383,0.05421288684010506,0.10156311839818954,0.20323310792446136,0.01737931521445306,0.6296078863562592,0.16589620817857653,0.11440960857501999,0.024649012631627824,0.04398749000453374,0.004070479039529665,0.03777277283491037,0.6144282142683887,0.17023624042622418,0.1162040587239258,0.025468331411380832,0.018855414788064344,0.017034967547105796
100206,LR,219,0,0.17487485706806183,0.24329885840415955,0.11698465794324875,0.10769739001989365,0.0562717467546463,0.1143321618437767,0.18654035031795502,0.18769098818302155,0.2306365817785263,0.11160043627023697,0.10555610060691833,0.05655723810195923,0.10147546231746674,0.20648311078548431,0.2885640497645352,0.34798967070179354,0.007625010752946479,0.14011288548533118,0.11125829288365564,0.011382978575844869,0.09306711183589308,0.16210757569812176,0.469348088165837,0.10556736758155448,0.1154572054761389,0.07226029288485163,0.06334697913762671,0.011912491055869603
100206,LR,221,0,0.16894979774951935,0.25183841586112976,0.11915729194879532,0.10126544535160065,0.05810219421982765,0.1139647588133812,0.1867220401763916,0.18186968564987183,0.22554011642932892,0.11387354880571365,0.10629111528396606,0.0651303082704544,0.10138089954853058,0.20591439306735992,0.19212540215300275,0.06915986266302789,0.166084827116458,0.1684925177953114,0.24253017597286725,0.020554513687550267,0.14105270061178243,0.14554921031679152,0.0849695631244793,0.12590292851142224,0.17917652388617075,0.23724578744735625,0.08396207312338179,0.1431939135903982
100206,LR,223,0,0.1631547063589096,0.25954100489616394,0.11847586929798126,0.10049201548099518,0.05820119380950928,0.11287317425012589,0.1872621476650238,0.1733299344778061,0.23738494515419006,0.11700327694416046,0.12532483041286469,0.0618545301258564,0.09570471942424774,0.18939781188964844,0.0567315380156635,0.04456666860487107,0.19989108174178835,0.26164550197077296,0.10681941896971464,0.12357955102893269,0.2067662396682568,0.06683626362824523,0.014773933266728675,0.17361341966848481,0.32908636950334014,0.045206395334308376,0.13599917490640437,0.2344844436924884
100206,LR,225,0,0.16718105971813202,0.2471560686826706,0.12052195519208908,0.10385102778673172,0.05600203573703766,0.11546630412340164,0.18982155621051788,0.16645777225494385,0.23087245225906372,0.12724712491035461,0.13465428352355957,0.05839088186621666,0.10015721619129181,0.18222029507160187,0.10154890186613566,0.021505457433413155,0.26559490552527987,0.3071811957771888,0.00086725542185511,0.05130739320653032,0.2519948907695971,0.09974150754610538,0.022387050535788298,0.24514687582447603,0.30744835860226694,0.01708328411592221,0.04310273395266203,0.26509018942277923
100206,LR,227,0,0.1796872317790985,0.232425719499588,0.11623353511095047,0.10790221393108368,0.05328068882226944,0.11915203183889389,0.1913185566663742,0.18092435598373413,0.22567342221736908,0.11974672228097916,0.1280124932527542,0.05762967839837074,0.10114136338233948,0.1868719607591629,0.15878385132437856,0.21373399143348004,0.15276116707966372,0.16803181080766047,0.017831018843997938,0.07191321752644837,0.2169449429843709,0.204244567669269,0.2776558669045488,0.12738926213222937,0.10378423892263122,0.0039014341132967,0.033222710093423945,0.24980192016460098
100206,LR,229,0,0.20077726244926453,0.2254435271024704,0.12082964926958084,0.10617627203464508,0.05540911480784416,0.1056738793849945,0.18569034337997437,0.20829050242900848,0.2053355574607849,0.12411307543516159,0.1166672557592392,0.053400419652462006,0.10153017938137054,0.19066303968429565,0.2608619658787998,0.1617848611090344,0.05238245312533669,0.06247864404433469,0.067341233134951,0.07673152298117561,0.31841931972636783,0.343444092696983,0.16697025717873146,0.05012279241532101,0.00793423717193672,0.046156204043280954,0.07175843382869972,0.31361398266504703
100206,LR,231,1,0.14800074696540833,0.29947489500045776,0.0969465970993042,0.10386090725660324,0.06690799444913864,0.10753463953733444,0.1772741973400116,0.18823722004890442,0.25159788131713867,0.11373160779476166,0.09807877987623215,0.06588105857372284,0.11483166366815567,0.16764172911643982,0.1644527760470848,0.7151655755535773,0.023439777625910194,0.023110733800514805,0.0126999392239518,0.007894742460484107,0.05323645528847706,0.17738484062271806,0.6707350469428817,0.029050182379785006,0.026440918267888403,0.011902365393370681,0.013704226235501455,0.07078242015785476
100206,LR,233,1,0.14361169934272766,0.29967692494392395,0.10336025059223175,0.10083775222301483,0.07045736163854599,0.10044203698635101,0.1816139817237854,0.18293271958827972,0.2746509611606598,0.12233584374189377,0.08601538836956024,0.07063489407300949,0.09530234336853027,0.1681278645992279,0.1720098785654505,0.6129832836395614,0.006394507086209198,0.015362315344473656,0.08946786855758658,0.05121136039993217,0.05257078640678649,0.18569478623155547,0.5700932178778225,0.0022580072053243515,0.017588025882942244,0.08354690207232102,0.05634343896657286,0.08447562176346153
100206,LR,235,1,0.14713864028453827,0.29248276352882385,0.09971892833709717,0.10252974182367325,0.07212929427623749,0.10503669828176498,0.180963933467865,0.1597967892885208,0.2992514371871948,0.12158481031656265,0.09177034348249435,0.07120674848556519,0.09328334033489227,0.16310644149780273,0.11358165206844094,0.7430216811731714,0.027251267869058456,0.014682265960148606,0.0217166726289463,0.036000115317421234,0.0437463449828131,0.11631925303079957,0.6965938120592009,0.030025093525882673,0.02443541990865481,0.024489301406277378,0.04284354673878988,0.06529357333039484
100206,LR,237,1,0.14476773142814636,0.28632432222366333,0.09436415880918503,0.1010918915271759,0.0641317218542099,0.11559173464775085,0.19372838735580444,0.16358467936515808,0.30369946360588074,0.11379843950271606,0.10027836263179779,0.059558119624853134,0.09713544696569443,0.16194544732570648,0.01474059152909959,0.918460593879084,0.005416999459918833,0.012579137234292237,0.003953038934757896,0.030795677743194413,0.014053961219653114,0.020227084600381418,0.9188134281599151,0.003026600507317841,0.01146225961835149,0.0051592981884714,0.022215450677124757,0.01909587824843802
100206,LR,239,1,0.15497936308383942,0.2683926820755005,0.09914490580558777,0.10404811054468155,0.06898356974124908,0.11261190474033356,0.19183945655822754,0.18972520530223846,0.27622556686401367,0.11408834904432297,0.09481994807720184,0.05914035066962242,0.10122962296009064,0.1647709310054779,0.014400976875631879,0.9433914401358676,0.010258162448069591,0.01237033022701036,0.007834691103010303,0.0027213761177054545,0.00902302309270474,0.012285449887742782,0.9506602983344067,0.0081934052707442,0.010619747478342293,0.006515499639271942,0.0033088219956743385,0.008416777393817916
100206,LR,241,1,0.14293710887432098,0.2872076630592346,0.10331594198942184,0.10661885142326355,0.06957361102104187,0.10870079696178436,0.18164603412151337,0.17740954458713531,0.2977791130542755,0.11704985052347183,0.09735026210546494,0.06416302919387817,0.09870462864637375,0.14754348993301392,0.05873404141556982,0.8163208506929349,0.026259724337742114,0.03719234077395608,0.02212858858871511,0.0173589019470457,0.02200555224403623,0.06683756613640718,0.7646586100654501,0.03600591613437593,0.04352411969112024,0.029060151613801183,0.02164692965675813,0.03826670670208738
100206,LR,243,1,0.1434791386127472,0.2868638336658478,0.09901776164770126,0.10369249433279037,0.06777000427246094,0.11247002333402634,0.18670682609081268,0.1746990829706192,0.2877989709377289,0.11622750759124756,0.09818601608276367,0.07171875238418579,0.10236798971891403,0.14900162816047668,0.04558287411351704,0.884475793782207,0.006042784655944584,0.01027074035102736,0.013706561291470644,0.025195890105615903,0.014725355700217478,0.04104597851766167,0.8822760210929868,0.006538455713201452,0.012448209871685316,0.013836345678048026,0.024893566030838084,0.01896142309557869
100206,LR,245,1,0.1469188779592514,0.28554102778434753,0.09965452551841736,0.10291551798582077,0.064157634973526,0.1139792874455452,0.18683311343193054,0.18115746974945068,0.27058377861976624,0.10605426877737045,0.0972338616847992,0.07352841645479202,0.10717884451150894,0.1642633080482483,0.133885427140012,0.7286487157631827,0.024179697017325474,0.026767328274896213,0.06017357778552016,0.020188335181408997,0.006156918837654485,0.10314321679283199,0.7556095983799311,0.02606165445407249,0.02799842407635268,0.0719255135009606,0.012008724718131745,0.0032528680777193387
100206,LR,247,1,0.14859984815120697,0.2837051451206207,0.09751984477043152,0.10348305106163025,0.06603794544935226,0.11399341374635696,0.1866607517004013,0.17681452631950378,0.26914504170417786,0.1064460426568985,0.09572925418615341,0.07285742461681366,0.1076628789305687,0.1713447868824005,0.13904720034518417,0.693500033324606,0.045579711002505276,0.026788479208984924,0.010790107342680585,0.026195187175513408,0.05809928160052561,0.12076621431775768,0.7093298213566668,0.04384288365193435,0.026143748252928756,0.014497751702971478,0.018771587176787428,0.06664799354095353
100206,LR,249,1,0.15328896045684814,0.27486273646354675,0.09808197617530823,0.10158844292163849,0.06462220102548599,0.11721496284008026,0.19034075736999512,0.16489259898662567,0.25227901339530945,0.10561478137969971,0.10023510456085205,0.06503479182720184,0.11957016587257385,0.1923736184835434,0.24449080304740894,0.6413641535576247,0.009710247139364317,0.012852837574553147,0.0030462255041298876,0.024369207367916715,0.06416652580900233,0.236629203366908,0.628554202965983,0.012464869950768226,0.019778554023689162,0.005965198367218191,0.025146579186172732,0.07146139213926066
100206,LR,251,1,0.14767655730247498,0.2841699421405792,0.10308576375246048,0.09961792826652527,0.060705672949552536,0.11921021342277527,0.18553394079208374,0.1494842916727066,0.2523117959499359,0.1138005256652832,0.10253060609102249,0.06331149488687515,0.13410812616348267,0.18445320427417755,0.22461072657307687,0.600575063856856,0.0031551530511281043,0.06074867144437877,0.06410907782725944,0.04027368101612878,0.0065276262311720346,0.24944392363160903,0.5497770637569601,0.009256135767253034,0.03862990340543133,0.06716189091371037,0.07490280094332878,0.010828281581707374
100206,LR,253,4,0.145502507686615,0.297748327255249,0.10432235896587372,0.10745974630117416,0.05542125180363655,0.10983137786388397,0.17971450090408325,0.17774315178394318,0.2729945480823517,0.11631269007921219,0.09636775404214859,0.04784966632723808,0.11232367157936096,0.1764085441827774,0.08561088906303098,0.7786185115687296,0.04145155044598999,0.033577207044675955,0.01145965327074403,0.0026884486727520008,0.046593739934077415,0.07291379123051776,0.7612064997965954,0.04879642699736045,0.03497123834170409,0.018038917914464225,0.008191871024855822,0.05588125469450226
100206,LR,255,4,0.1431412398815155,0.2918381989002228,0.10388661175966263,0.10383178293704987,0.06219590827822685,0.10720692574977875,0.18789933621883392,0.18961088359355927,0.2842261493206024,0.1225348487496376,0.09050138294696808,0.05225656181573868,0.09875045716762543,0.16211970150470734,0.16693116666445423,0.6190101154877135,0.0650649195324247,0.06176581691973076,0.030447838707553722,0.030950287962119828,0.025829854726003312,0.1386210588102173,0.5912230189629927,0.07142609719179847,0.06722930468386216,0.041705065579528085,0.04307161849235866,0.04672383627924259
100206,LR,257,4,0.14663594961166382,0.2692095935344696,0.10961436480283737,0.1067313700914383,0.06073581799864769,0.10985471308231354,0.19721826910972595,0.17595283687114716,0.3006674349308014,0.12318211048841476,0.09500375390052795,0.05105912685394287,0.09390462934970856,0.1602301150560379,0.23217809698251587,0.4080582952120939,0.07291924480633956,0.12470347732929124,0.041271850442063274,0.1016508632625256,0.019218171965170568,0.19877857138912253,0.44082843157455914,0.08110230758114614,0.11569669167752956,0.03508708057514024,0.12328017645081324,0.005226740751689026
100206,LR,259,4,0.1429450809955597,0.28253406286239624,0.10807959735393524,0.10051190853118896,0.0675542950630188,0.10754107683897018,0.19083406031131744,0.16592253744602203,0.3085285425186157,0.11154203861951828,0.09106122702360153,0.05284515768289566,0.09769772738218307,0.17240279912948608,0.2648652427458655,0.4097216130901539,0.0368667763660681,0.07651045182859716,0.06530243385429324,0.11130222444019185,0.03543125767483027,0.2522117077174491,0.42426946762354256,0.04089215560089878,0.05453646261945431,0.07775494205057581,0.14371235351344708,0.006622910874632504
100206,LR,261,4,0.14810870587825775,0.27656349539756775,0.10971052944660187,0.10116849839687347,0.06143591180443764,0.1111130565404892,0.19189982116222382,0.16538047790527344,0.3005097508430481,0.11124701052904129,0.09342053532600403,0.05231103301048279,0.10740815848112106,0.1697230190038681,0.16785742197635659,0.5681590253656689,0.03744607954035949,0.03606899201770116,0.04937607422510279,0.04795422907302287,0.0931381778017882,0.1869354366920754,0.5535368430371345,0.015147434259087898,0.05876181277327757,0.052809204153321396,0.049849312627374666,0.08295995645772851
100206,LR,263,4,0.13489028811454773,0.29947397112846375,0.10491903126239777,0.10122967511415482,0.06045180931687355,0.1111968457698822,0.18783847987651825,0.16888649761676788,0.27492091059684753,0.1184418797492981,0.10241838544607162,0.05036194249987602,0.11598342657089233,0.16898702085018158,0.21346989639674596,0.5151240958986023,0.14860390147381128,0.025982631588363444,0.029638423363639733,0.012296029018060001,0.054885022260777315,0.19691710201553986,0.5255366735679821,0.0959961884579224,0.022331865248491314,0.04219122274691537,0.03837602653467804,0.07865092142847101
100206,LR,265,4,0.13713908195495605,0.30385345220565796,0.10594411194324493,0.09966253489255905,0.06252489238977432,0.10632878541946411,0.18454718589782715,0.16171878576278687,0.2710046172142029,0.11804845929145813,0.10154923796653748,0.05648894980549812,0.11348464339971542,0.177705317735672,0.2812928797802231,0.5398014958451096,0.05670245165204198,0.05888704511580556,0.038426139060588976,0.007292743715516999,0.017597244830713732,0.2525505370093,0.4866792225811999,0.024386306859539048,0.07266850498893646,0.060727318843934536,0.03632932791323255,0.06665878180385738
100206,LR,267,4,0.1443556845188141,0.30415862798690796,0.10425857454538345,0.09671403467655182,0.05860675498843193,0.11059843003749847,0.18130791187286377,0.1660318225622177,0.27525174617767334,0.11538569629192352,0.08987405151128769,0.0524316281080246,0.12138411402702332,0.1796409785747528,0.09617636574308948,0.5293770916637872,0.10091000237894558,0.0749241538081834,0.022844072609672923,0.09736454326766343,0.078403770528658,0.11697797838649959,0.514322055450534,0.06194814910466641,0.08935803767736519,0.044034496631554114,0.1456472223893124,0.027712060360068295
100206,LR,269,4,0.14656950533390045,0.28474029898643494,0.10556764900684357,0.10215897858142853,0.0552731454372406,0.11604877561330795,0.18964169919490814,0.1613633781671524,0.25815463066101074,0.11263186484575272,0.08336807787418365,0.0591425895690918,0.12473975867033005,0.20059973001480103,0.016856441009267305,0.4162296459998357,0.10954292210991491,0.08789996237638445,0.05133057859268003,0.06380442065987961,0.25433602925203797,0.011028083288271538,0.44599205912202494,0.056895955669035055,0.09834515769322255,0.07350766884711435,0.10628900414094412,0.20794207123938752
100206,LR,271,4,0.14829707145690918,0.2997385263442993,0.09993341565132141,0.10108228027820587,0.054350595921278,0.10956241935491562,0.18703565001487732,0.15886421501636505,0.2579617500305176,0.10567238181829453,0.08899256587028503,0.05794064700603485,0.12586574256420135,0.20470264554023743,0.05849993818603087,0.3658114367086495,0.09502381857514981,0.027217406204435267,0.047521387507744095,0.0466133594752889,0.35931265334270157,0.06934628269368413,0.3702688047177602,0.047701403185050874,0.04071834790590785,0.041845872021315386,0.08295836738274429,0.3471609220935373
100206,LR,273,4,0.16104085743427277,0.27659088373184204,0.10620667785406113,0.10322856903076172,0.05571731552481651,0.10954537987709045,0.18767032027244568,0.16532395780086517,0.25182828307151794,0.10910916328430176,0.10659091174602509,0.054477885365486145,0.11421175301074982,0.19845804572105408,0.19194444909454556,0.08611458918722167,0.14116631623284961,0.044325951464887325,0.033245325469111554,0.05896162718482253,0.44424174136656175,0.2511570089038393,0.0844591902581907,0.09657680927404975,0.0667982995987381,0.02020985988947496,0.0441766218935066,0.4366222101822005
100206,LR,275,4,0.1625242680311203,0.2580565810203552,0.10974586009979248,0.1063593178987503,0.05560251325368881,0.11521829664707184,0.19249317049980164,0.16674774885177612,0.2412550449371338,0.10596857219934464,0.10215085744857788,0.05283904820680618,0.12498640269041061,0.20605234801769257,0.1777205453370518,0.03747809314421568,0.021836859435952746,0.20710945628926525,0.021439764761807284,0.21404780106291338,0.32036747996879383,0.18780248659951923,0.012479715907445855,0.019545534702625607,0.2354789709985424,0.04857537941839367,0.17191925511718578,0.3241986572562875
100206,LR,277,0,0.17612051963806152,0.24511238932609558,0.11397720128297806,0.10542450845241547,0.057895030826330185,0.11028670519590378,0.1911836564540863,0.183839350938797,0.2069023996591568,0.1154627725481987,0.10790149122476578,0.051365096122026443,0.12889589369297028,0.20563292503356934,0.3055022967023102,0.1072061848376755,0.2908777197151841,0.1405065560912055,0.025884436359182278,0.08069675644359035,0.04932604985085206,0.27252397123273203,0.09982480833775677,0.24265645180843848,0.19537924448285432,0.010799517041236148,0.16281497391930935,0.016001033177672878
100206,LR,279,0,0.17573481798171997,0.25057554244995117,0.10791245847940445,0.10540322959423065,0.06114652007818222,0.10752527415752411,0.191702201962471,0.1913832724094391,0.21779468655586243,0.1135888621211052,0.11725769191980362,0.054894790053367615,0.11085490882396698,0.19422568380832672,0.12411807601788932,0.05595991066036787,0.3397013968804674,0.3184593230521106,0.07582132586061262,0.05796628518802366,0.027973682340528504,0.0834627904747792,0.06936757566120223,0.3371879595352038,0.3128194420063728,0.07193015792826302,0.06561648528310289,0.05961558911107609
100206,LR,281,0,0.17574864625930786,0.2515339255332947,0.10795975476503372,0.10113275051116943,0.06391770392656326,0.11382447928190231,0.18588276207447052,0.17847388982772827,0.23236972093582153,0.10500632971525192,0.1142311841249466,0.06209773197770119,0.1165120005607605,0.1913091093301773,0.11928581569456215,0.17448911199708664,0.278055324355127,0.2677579262011608,0.10322333983726026,0.027830631289076674,0.02935785062572654,0.13145439417459506,0.1577051649384217,0.2743028219569661,0.2547817630992202,0.09792190603775416,0.009410533512165045,0.07442341628087773
100206,LR,283,0,0.18653179705142975,0.23878830671310425,0.11302553862333298,0.10522207617759705,0.061197493225336075,0.11180948466062546,0.18342535197734833,0.18003636598587036,0.20615443587303162,0.10579133778810501,0.10752005875110626,0.06023702770471573,0.1228770986199379,0.21738365292549133,0.03733487268476765,0.06611948993882096,0.3129731610482213,0.29883224573115025,0.11501272311862688,0.04524131206680714,0.12448619541160581,0.0302095157544606,0.0742328167985316,0.28176985601519494,0.28239793292710114,0.11181149813378097,0.06328634976091653,0.1562920306100142
100206,RL,31,1,0.174618661403656,0.2644600570201874,0.10759355127811432,0.10392513871192932,0.05962701886892319,0.10666380077600479,0.1831117868423462,0.15039989352226257,0.2717987596988678,0.11792205274105072,0.09976491332054138,0.057837363332509995,0.12804482877254486,0.17423221468925476,0.00618196679516855,0.7780138575243485,0.058541867104243014,0.08788661700229412,0.00035772525825895863,0.04277922162398948,0.026238744691697354,0.02524821785156105,0.7432235212101517,0.03257217256983941,0.08170905551206331,0.012594687449510845,0.05908554987225939,0.04556679553461439
100206,RL,33,1,0.1784244328737259,0.2590755820274353,0.10624543577432632,0.10386841744184494,0.06135642156004906,0.10771465301513672,0.18331506848335266,0.1586746722459793,0.2678004205226898,0.11492792516946793,0.106092169880867,0.05794201418757439,0.12040708214044571,0.17415572702884674,0.06619061840787302,0.709495247366404,0.07137742505472656,0.11135807833088583,0.0005503310904772404,0.03038847482868993,0.010639824920943355,0.09340209174489136,0.6712165762850891,0.06634806395123966,0.10312865720727865,0.00011404125054682092,0.036885318614577174,0.028905250946377026
100206,RL,35,1,0.1784522533416748,0.2586776614189148,0.10611984133720398,0.10474478453397751,0.06086817383766174,0.10880961269140244,0.18232758343219757,0.1660309135913849,0.25857841968536377,0.1170421913266182,0.11084476113319397,0.053950611501932144,0.12140858173370361,0.17214448750019073,0.08391293750886762,0.6468394370080409,0.07386480853173898,0.11364121857213116,0.0441496350105763,0.03570416794484308,0.001887795423801926,0.12404044240239584,0.5884602295294669,0.0735002376386934,0.10864395668178674,0.057624927437155596,0.033024096329512274,0.014706109980989156
100206,RL,37,1,0.17048341035842896,0.27279356122016907,0.10462450236082077,0.1007772833108902,0.059740498661994934,0.10980864614248276,0.1817721128463745,0.1709159016609192,0.26615050435066223,0.11535721272230148,0.0924593135714531,0.04942084103822708,0.12914948165416718,0.1765468418598175,0.1383862047996351,0.5430510517944102,0.1404686319017407,0.11164966950289236,0.012221508797506199,0.024122219716439786,0.030100713487375665,0.1982319783224394,0.47096639351978864,0.13208472291234094,0.12295871155295877,0.02420773147064021,0.03295394290592125,0.018596519315910647
100206,RL,39,1,0.15873441100120544,0.2814508080482483,0.10501541942358017,0.10123369842767715,0.06147148087620735,0.11141302436590195,0.18068116903305054,0.15859119594097137,0.2797220051288605,0.1183142215013504,0.08863072097301483,0.05125582590699196,0.13578970730304718,0.16769635677337646,0.13531914017924254,0.5624402909660274,0.007518947719425118,0.24796758740572386,0.0032661236982133857,0.0310895570041505,0.012398353027217125,0.18856349776095768,0.5178129031181709,0.0021982442963624344,0.23704021365493913,0.0029296850301395393,0.047268942923841914,0.004186513215588258
100206,RL,41,5,0.15679608285427094,0.265419602394104,0.09993958473205566,0.10489367693662643,0.06937480717897415,0.11349623650312424,0.1900799423456192,0.14649416506290436,0.27294525504112244,0.0946221724152565,0.08923480659723282,0.07158126682043076,0.13033263385295868,0.19478963315486908,0.06583100154215883,0.07819011093543336,0.09955654257174791,0.34475627580852813,0.17452353209985116,0.08491032069538852,0.15223221634689205,0.06289308355156024,0.0755131193549289,0.086407667247682,0.3230214993442443,0.19244354174222827,0.0960584427419783,0.16366264601737793
100206,RL,43,3,0.15070535242557526,0.2894607186317444,0.10980859398841858,0.09732800722122192,0.053095899522304535,0.11604364216327667,0.18355776369571686,0.14214026927947998,0.2939552366733551,0.10703574120998383,0.08250986039638519,0.04767213016748428,0.13806097209453583,0.1886257380247116,0.07398619507152568,0.10008456550717348,0.36715772136770974,0.06884478926179645,0.07409666405734533,0.21662148575543308,0.09920857897901623,0.04924301118273553,0.13922404831362573,0.38176156348583484,0.05714332954668992,0.07027398245117492,0.224381498641961,0.07797256637797802
100206,RL,45,4,0.14324654638767242,0.3141089081764221,0.1027972623705864,0.09796309471130371,0.05807897076010704,0.10448277741670609,0.17932239174842834,0.1416725069284439,0.311408132314682,0.09937946498394012,0.0931307002902031,0.056373756378889084,0.11667297035455704,0.18136246502399445,0.029874568291673478,0.4345090280067981,0.02577474302151884,0.03963788977542946,0.06270587124962708,0.12641310974021405,0.281084789914739,0.07721759526671013,0.43251806597668563,0.02778594866210174,0.015997240577805865,0.04996700505969768,0.13693085672009953,0.25958328773689954
100206,RL,47,4,0.14500953257083893,0.3093926012516022,0.10053626447916031,0.0973878875374794,0.05794129893183708,0.10360241681337357,0.18612997233867645,0.13363151252269745,0.32505369186401367,0.10064338892698288,0.09278061985969543,0.05505343899130821,0.11327781528234482,0.179559588432312,0.25911756987963935,0.44665264026726764,0.02574397415757553,0.06502150216001004,0.07413301870091357,0.02643027925097959,0.1029010155836143,0.23063264744890416,0.4483310714792981,0.02819187378723054,0.08636047194473603,0.08629686871622365,0.01793785936777035,0.10224920725583714
100206,RL,49,4,0.1522330790758133,0.3010433614253998,0.10297619551420212,0.0936734676361084,0.06010759249329567,0.10284525901079178,0.18712107837200165,0.1646403968334198,0.2873324751853943,0.10001487284898758,0.09116187691688538,0.054444268345832825,0.1207439973950386,0.18166212737560272,0.19592595884539782,0.4236451131723915,0.03210918709170311,0.026183605581750948,0.06318332423293313,0.04650414209003496,0.2124486689857885,0.153579562103026,0.44454243412874,0.017146368352049555,0.05452850210271686,0.0747811179496357,0.06765826724666407,0.1877637481171678
100206,RL,51,4,0.14466966688632965,0.30433499813079834,0.1022295355796814,0.09474837779998779,0.060649383813142776,0.10393434762954712,0.1894337236881256,0.18181155622005463,0.2668358385562897,0.10616244375705719,0.08759073913097382,0.051102183759212494,0.12422088533639908,0.18227635324001312,0.18380357647946577,0.33827163421530093,0.1663129192092265,0.0010925917040036487,0.04125772481484202,0.028631195963728564,0.24063035761343257,0.1299084995960776,0.3987098582137985,0.15235746405304637,0.0022843989258870376,0.0532998657571485,0.035243086216248144,0.2281968272377938
100206,RL,53,4,0.1400502622127533,0.3089960813522339,0.09926939755678177,0.09515347331762314,0.06065134331583977,0.10743799805641174,0.18844139575958252,0.18299685418605804,0.2777465879917145,0.10337360948324203,0.08775343000888824,0.05293731391429901,0.11901694536209106,0.1761752963066101,0.1721179601096374,0.3662444201342135,0.09789509794618634,0.004506713768413215,0.04790177937675612,0.06454172580868386,0.2467923028561096,0.12512868177370398,0.4138772084316776,0.09048319401048917,0.0013153900668072674,0.05369755917545944,0.08619391239794183,0.22930405414392066
100206,RL,55,4,0.14202085137367249,0.3062613010406494,0.09613282233476639,0.09884876012802124,0.05861685797572136,0.10683085024356842,0.1912885159254074,0.17495878040790558,0.29082727432250977,0.09824120998382568,0.08240070939064026,0.05366138741374016,0.11637940257787704,0.18353120982646942,0.19175163015088872,0.4118884109358511,0.04982925522136667,0.008465563827785214,0.051103549273296404,0.10802343872978154,0.17893815186103038,0.1815212364860048,0.4446441081275602,0.03629604385727506,0.0032843898833027517,0.05074942459497517,0.11799253294517342,0.16551226410570863
100206,RL,57,4,0.14304472506046295,0.30515575408935547,0.10118073970079422,0.09581226110458374,0.05931654945015907,0.1085515171289444,0.18693844974040985,0.16813910007476807,0.2902127802371979,0.09809984266757965,0.08216217160224915,0.05333806201815605,0.11791785061359406,0.19013018906116486,0.10174697889402097,0.504020962220446,0.06499460846542948,0.01208571847203464,0.047636094029430455,0.021405548796108915,0.24811008912252955,0.1058226911351642,0.5094660302312692,0.04472939243803364,0.03534047308837358,0.06202705257976686,0.0015010618752872341,0.24111329865210546
100206,RL,59,4,0.15047471225261688,0.306931734085083,0.10224232077598572,0.096990205347538,0.0576692596077919,0.10197703540325165,0.1837146133184433,0.16994470357894897,0.277875155210495,0.09773989766836166,0.08864255249500275,0.054096680134534836,0.11341798305511475,0.19828306138515472,0.06495325565491442,0.5309345722752046,0.08071154390312112,0.055121632931218335,0.04311772879307035,0.010294120877317223,0.21486714556515402,0.0842341257303024,0.5044571730246221,0.08555976494964536,0.06251963772978096,0.05421431057173941,0.02218301385847769,0.18683197413543215
100206,RL,61,4,0.15576644241809845,0.2934010922908783,0.10324028134346008,0.10264024138450623,0.056093551218509674,0.1026461198925972,0.18621228635311127,0.16985875368118286,0.28954005241394043,0.09168625622987747,0.09020660817623138,0.05472218617796898,0.10958624631166458,0.19439981877803802,0.09284163273231148,0.4388821233925415,0.1890512789998386,0.012225373717802121,0.04092625402175701,0.015091879787333177,0.2109814573484161,0.11613464361771293,0.42418140028770834,0.20151798792126238,0.015028124666410871,0.052659618172309616,0.016926856616734307,0.17355136871786164
100206,RL,63,4,0.1553005874156952,0.2845454514026642,0.107882060110569,0.102915920317173,0.05385386943817139,0.1076696515083313,0.18783244490623474,0.16882570087909698,0.29656562209129333,0.08935069292783737,0.09350045770406723,0.05233081430196762,0.10687388479709625,0.19255280494689941,0.1942727722687183,0.2489693747262977,0.04377765051725609,0.02629295707364145,0.04700453109276383,0.10817661549454755,0.33150609882677506,0.2501038925729233,0.2357247776359666,0.04699470773733933,0.03724710809837104,0.02990074510418018,0.09526403087037628,0.3047647379808433
100206,RL,65,0,0.1763886660337448,0.23791854083538055,0.11417392641305923,0.10653606057167053,0.0596451573073864,0.1136753037571907,0.19166234135627747,0.19365115463733673,0.24282053112983704,0.10765659064054489,0.1001020297408104,0.05773857608437538,0.1044803187251091,0.19355075061321259,0.4204137729569317,0.0928346225895859,0.09930789019630244,0.03691411962564578,0.12442596753952048,0.05044184807362224,0.17566177901839147,0.46461573474051393,0.07316020604914676,0.1108975489021426,0.025622931076055767,0.1277640534264736,0.060948471147768114,0.13699105465789932
100206,RL,67,0,0.17235499620437622,0.24267230927944183,0.11850444227457047,0.10134028643369675,0.06064167618751526,0.11596138775348663,0.18852494657039642,0.19750921428203583,0.23213014006614685,0.10451789200305939,0.09428657591342926,0.06225812807679176,0.10970410704612732,0.19959400594234467,0.3462149543833335,0.07978208657513501,0.015358197961681343,0.1549330523171766,0.11500721144820637,0.026387258461325537,0.2623172388531416,0.36318435264889903,0.04183963273206309,0.04647140125903148,0.12707050313780546,0.1402496361082553,0.013686088475165755,0.26749838563877987
100206,RL,69,0,0.1708473116159439,0.24515604972839355,0.11684519797563553,0.10187133401632309,0.05867316201329231,0.11388281732797623,0.19272412359714508,0.19582599401474,0.21753111481666565,0.1076277494430542,0.10656566917896271,0.06252532452344894,0.09703902900218964,0.21288518607616425,0.2931548154045703,0.051767822861488365,0.053005185174555366,0.1931822077610357,0.04601226089760106,0.09902701441862152,0.2638506934821277,0.2890597397154487,0.06593954559242288,0.07517738088100294,0.15386805119862826,0.09295634932978705,0.06155292777813961,0.2614460055045706
100206,RL,71,0,0.16525736451148987,0.25360536575317383,0.10638949275016785,0.09881408512592316,0.06389867514371872,0.11469575017690659,0.19733929634094238,0.20961271226406097,0.21348454058170319,0.09680674225091934,0.10412831604480743,0.062149908393621445,0.10279695689678192,0.211020827293396,0.20275500800527688,0.12110298933012453,0.027066745926916637,0.19505130651024274,0.10393829357335606,0.14689195120630122,0.20319370544778192,0.20309875945298436,0.08855664472713601,0.02086477940824934,0.21294782368381718,0.10697697249675958,0.1429985872555528,0.22455643297550054
100206,RL,73,0,0.17498822510242462,0.25357887148857117,0.11275266855955124,0.09836344420909882,0.06042763590812683,0.11086944490671158,0.18901978433132172,0.23179355263710022,0.22288237512111664,0.09903714805841446,0.09872189909219742,0.05872313305735588,0.09452012181282043,0.19432170689105988,0.10167068630664249,0.051533537881481725,0.05774064037189027,0.27544011357505743,0.07316412390986267,0.15001719577981934,0.29043370217524606,0.12055090549920225,0.04725268152044386,0.011939874155983209,0.2756042062510104,0.12739709723951176,0.09906768546036532,0.3181875498734832
100206,RL,75,0,0.17778992652893066,0.24816182255744934,0.10784831643104553,0.10071955621242523,0.06493064761161804,0.11393528431653976,0.18661445379257202,0.23416300117969513,0.2014181911945343,0.10261403769254684,0.10246435552835464,0.061455994844436646,0.10173025727272034,0.1961541473865509,0.26936337146640765,0.07329017549604774,0.16659961086558095,0.2797120910680288,0.0358540682935291,0.0196153004647588,0.15556538234564693,0.4018567246107981,0.04254785085866869,0.14326833759733162,0.2513525898471541,0.021951391189767695,0.017307161445996935,0.12171594445028266
100206,RL,77,0,0.17939358949661255,0.24439747631549835,0.10771863907575607,0.10032927989959717,0.06646132469177246,0.11382418870925903,0.1878754049539566,0.2310827523469925,0.20321296155452728,0.10248541086912155,0.10339383780956268,0.06683099269866943,0.11078614741563797,0.18220780789852142,0.2788136395656322,0.0889793277441677,0.24596121933421317,0.2410399852985673,0.055806208135616965,0.055439128917376734,0.03396049100442594,0.44080242741033704,0.053739617515964094,0.2077772474888321,0.20000977009192378,0.04299755346040937,0.0353092204560223,0.01936416357651135
100206,RL,79,5,0.16969892382621765,0.26323190331459045,0.1040247231721878,0.10032811760902405,0.06710918247699738,0.11453438550233841,0.18107283115386963,0.19454069435596466,0.2517968714237213,0.08675418049097061,0.10413295030593872,0.07158298790454865,0.11218927055597305,0.1790030300617218,0.5029471187353048,0.08189762693519977,0.13454804707977086,0.10912303580229503,0.058788100670550444,0.0812028028274905,0.03149326794938859,0.5916242611995217,0.04145669807051868,0.12438043606984793,0.10629273053291391,0.04177875089470315,0.06310908765543632,0.03135803557705811
100206,RL,81,5,0.1720445454120636,0.2511627972126007,0.10459695756435394,0.1011427789926529,0.0686979815363884,0.11443216353654861,0.18792279064655304,0.1884625405073166,0.24426087737083435,0.08325039595365524,0.11163648962974548,0.07685142755508423,0.10685921460390091,0.18867900967597961,0.4461480288981357,0.16648896498819213,0.14484377379532234,0.08258742524930385,0.12856349858834587,0.009452820727348444,0.021915487753351646,0.6396758316776436,0.09954151445848905,0.08960740368216913,0.06430445591604193,0.06956446245679758,0.008912726084744634,0.028393605724114195
100206,RL,83,5,0.1724471151828766,0.25897395610809326,0.10617496073246002,0.10190477222204208,0.06626810878515244,0.11039615422487259,0.18383488059043884,0.1811104267835617,0.2564050555229187,0.07763857394456863,0.10873301327228546,0.07604938745498657,0.10917124897241592,0.1908923238515854,0.5632954213890211,0.12977712377850364,0.06151104476961725,0.16815163809606248,0.05261391193115604,0.006499388269282632,0.018151471766356907,0.6607614494466922,0.0828544510090685,0.0625352604747295,0.14143465214379403,0.0290944588175501,0.020029011776467,0.003290716331698598
100206,RL,85,5,0.15737298130989075,0.27397802472114563,0.10368593782186508,0.10389919579029083,0.07008537650108337,0.10686778277158737,0.18411073088645935,0.17237147688865662,0.2782095670700073,0.08367443829774857,0.11555486917495728,0.06870637089014053,0.10167749226093292,0.17980584502220154,0.27093336732741213,0.12309133856196128,0.06577434529371673,0.16752105778422433,0.20712786561526697,0.0481556884950263,0.11739633692239229,0.3482501978317659,0.17890629687341322,0.0505070725408172,0.1307147786920077,0.1977025283614071,0.00804904677240088,0.08587007892818796
100206,RL,87,5,0.1675005853176117,0.2673957049846649,0.10680945217609406,0.10631560534238815,0.0641249418258667,0.10857903957366943,0.17927461862564087,0.16214512288570404,0.29376569390296936,0.09071914851665497,0.12203042954206467,0.07210541516542435,0.09628225862979889,0.16295190155506134,0.1039175508763312,0.3491605971531136,0.05290397853773312,0.15735938735912475,0.1928632568026507,0.00326168546747044,0.14053354380357624,0.14899489541008515,0.3794174639968974,0.03812719044862701,0.10539820969272741,0.16123416254115858,0.04802063675371419,0.11880744115679015
100206,RL,89,5,0.15567058324813843,0.28826892375946045,0.10646180808544159,0.10360769927501678,0.06531311571598053,0.102152019739151,0.1785258948802948,0.15191201865673065,0.3196556270122528,0.09019142389297485,0.1195768266916275,0.07236303389072418,0.08949576318264008,0.1568053662776947,0.02135205460936255,0.48068758293606756,0.06264745387225702,0.16975338421339412,0.13951024159233238,0.022193092329317116,0.10385619044726922,0.02099024718647793,0.5470878787717063,0.07425049296105668,0.15899911166029365,0.11198548553866963,0.01069089254837997,0.07599589133341585
100206,RL,91,5,0.14978691935539246,0.29958486557006836,0.10635384917259216,0.10181228071451187,0.06860864162445068,0.09689459949731827,0.17695872485637665,0.141428142786026,0.33103665709495544,0.09868539124727249,0.12045487016439438,0.0691152811050415,0.08612071722745895,0.1531589925289154,0.11170827192589955,0.5755207674674176,0.006017385780766841,0.0004503316416074056,0.008733970922352454,0.055008628400321696,0.24256064386163445,0.12290623738455934,0.5286096274121448,0.009490234939942022,0.039639274330277044,0.029924592808085355,0.060073228981131696,0.20935680414385968
100206,RL,93,5,0.15580517053604126,0.28066757321357727,0.10286848992109299,0.10686575621366501,0.06895826011896133,0.10704592615365982,0.1777888387441635,0.13812048733234406,0.3215051293373108,0.09072882682085037,0.12429074198007584,0.07513100653886795,0.09121489524841309,0.1590089052915573,0.036794961013096976,0.6133679150650414,0.0016953375955732488,0.047419223807600074,0.029717667292458748,0.08453132422315567,0.18647357100307385,0.006179358923680234,0.6345936905281669,0.003012982543520638,0.08325458571405835,0.03293651195727548,0.0731665497207082,0.1668563206125901
100206,RL,95,5,0.1601140946149826,0.28011950850486755,0.10315008461475372,0.1034485474228859,0.06668715924024582,0.10589201003313065,0.18058860301971436,0.14019913971424103,0.325218141078949,0.08172774314880371,0.12465792894363403,0.06554115563631058,0.0936267226934433,0.1690291315317154,0.022474884472045587,0.48701820543704716,0.025954127190713674,0.13033998904852415,0.04306917786664376,0.10881858329363962,0.182325032691386,0.02316792287538915,0.5264903143083415,0.03558491962045252,0.1551610489404293,0.023395374770021897,0.06676578490656877,0.16943463457879693
100206,RL,97,5,0.15995745360851288,0.27045369148254395,0.10355934500694275,0.10156239569187164,0.06598706543445587,0.10656242072582245,0.19191761314868927,0.14988015592098236,0.32490065693855286,0.07857093214988708,0.11602935194969177,0.06766292452812195,0.0873008519411087,0.17565518617630005,0.18443622106190416,0.4824914156407488,0.033246092265118765,0.08247963164860508,0.017365707496177104,0.021893940132891334,0.1780869917545547,0.14204895452320995,0.5233811849318628,0.041573836473144506,0.10708961897590367,0.04066793562626683,0.005120520122374944,0.14011794934723745
100206,RL,99,5,0.15937447547912598,0.2646748721599579,0.11130715906620026,0.10385356098413467,0.06453411281108856,0.11213872581720352,0.1841171532869339,0.13788968324661255,0.34186407923698425,0.07335825264453888,0.1124672070145607,0.06526611745357513,0.09561058133840561,0.17354409396648407,0.15167353187764415,0.518263759902634,0.06722475254867222,0.03571903601096158,0.05382972378413633,0.016698664296853377,0.15659053157909844,0.11339337862006608,0.5840490075226297,0.07371832456458105,0.052975263912516384,0.026969307117049993,0.0134025470900977,0.13549217117305912
100206,RL,101,5,0.15254363417625427,0.278872549533844,0.10688596963882446,0.10188015550374985,0.066116563975811,0.11071192473173141,0.18298925459384918,0.13661248981952667,0.3378412425518036,0.0717923492193222,0.11392254382371902,0.0751972645521164,0.09556194394826889,0.16907218098640442,0.11715501708397455,0.6503900535985072,0.00794667186225619,0.0016395391841850387,0.014336604833901376,0.0343692465597967,0.17416286687737895,0.04195608683382877,0.7452923397639275,0.012931902981195306,0.0013534691674537839,0.0008479768192120388,0.06554156920101248,0.13207665523337003
100206,RL,103,5,0.15764689445495605,0.27470794320106506,0.10908380895853043,0.10470376908779144,0.06350263953208923,0.107675701379776,0.18267931044101715,0.13466936349868774,0.34066227078437805,0.07466703653335571,0.1151406466960907,0.0738932192325592,0.09381458908319473,0.16715291142463684,0.10618457409361215,0.6387472648749551,0.009974288440170774,0.03447191819262334,0.059164349955495805,0.02106805769524936,0.13038954674789344,0.05329275876601068,0.7751455360735945,0.00036973791004850755,0.04653136572695671,0.0227991323615331,0.03179831661069442,0.07006315255116215
100206,RL,105,5,0.15670806169509888,0.2728566825389862,0.1115916520357132,0.1018129289150238,0.05978662148118019,0.11063509434461594,0.18660898506641388,0.14630800485610962,0.3247564136981964,0.08553958684206009,0.12289637327194214,0.07022722065448761,0.08193416893482208,0.16833823919296265,0.16746499301042703,0.562753811261959,0.03415225403305041,0.068087395994178,0.040365946231521496,0.028970980958381666,0.09820461851048239,0.13821813466972221,0.6861291257147114,0.006212514772881059,0.06332253837575991,0.03538924899476028,0.03201179285712129,0.03871664461504379
100206,RL,107,3,0.1542028933763504,0.2831915020942688,0.11343956738710403,0.09983856976032257,0.05618288367986679,0.1088976263999939,0.1842469424009323,0.1444505900144577,0.3196788728237152,0.11827310174703598,0.10602681338787079,0.06049032136797905,0.08930052071809769,0.16177983582019806,0.049450201220985576,0.16578573510102013,0.11180931017252921,0.37538248183710987,0.14514239575792942,0.10916504277072674,0.04326483313969905,0.03664148727559753,0.1353215347425449,0.11533345764143799,0.378447585301614,0.17645063173321482,0.10414424437865934,0.05366105892693129
100206,RL,109,3,0.15717193484306335,0.28538912534713745,0.11345311999320984,0.09764211624860764,0.05997829884290695,0.10359283536672592,0.18277250230312347,0.13391216099262238,0.3398047089576721,0.12091312557458878,0.10185763984918594,0.056125860661268234,0.0915001928806305,0.15588624775409698,0.04388554318153779,0.35432058675507605,0.08430670001439264,0.31325267528167583,0.052980638920096336,0.10633735802008588,0.04491649782713547,0.058138027997838834,0.28357260950777596,0.12769514231177986,0.2716613391788413,0.07299908732282004,0.14513626918474554,0.04079752449619844
100206,RL,111,3,0.15583837032318115,0.2835863530635834,0.11024264246225357,0.10331179201602936,0.05926583707332611,0.10281194746494293,0.18494316935539246,0.13578812777996063,0.3481350839138031,0.11679331213235855,0.09934794157743454,0.05273131653666496,0.0925782322883606,0.1546260118484497,0.0675041074803048,0.49625764371374964,0.09937281022925616,0.21534625478295913,0.05681774943180052,0.05786086777468894,0.006840566587240811,0.0708696906148258,0.4748158187988258,0.12327433113130454,0.16902427881809787,0.08810884966705454,0.05835734846401092,0.015549682505880525
100206,RL,113,3,0.1574067622423172,0.28442028164863586,0.11033707857131958,0.10394124686717987,0.06453882902860641,0.09842664003372192,0.18092918395996094,0.130011647939682,0.34925025701522827,0.11571158468723297,0.10039427876472473,0.04932790622115135,0.0967082679271698,0.15859603881835938,0.0458043711291677,0.5094240828774282,0.07587505742779355,0.25245488742262684,0.04686164004669774,0.060714798257211385,0.008865162839074587,0.04841715561993105,0.49643241553751394,0.1032438559515757,0.18777104838549788,0.07650093043375836,0.05940958240690267,0.028225011664820325
100206,RL,115,3,0.1385650783777237,0.318282812833786,0.10539600998163223,0.09963581711053848,0.06366002559661865,0.09721354395151138,0.17724673449993134,0.12381331622600555,0.3628070652484894,0.10828574746847153,0.09575299173593521,0.05559363216161728,0.09455147385597229,0.15919573605060577,0.004385874416307032,0.6014888196498749,0.05380761730766806,0.20792975134264238,0.056454478024048405,0.057875996564881314,0.01805746269457793,0.0061609693550518894,0.5857991548395014,0.093184344149404,0.15842752056867487,0.08839780411515372,0.05972933507732815,0.008300871894885967
100206,RL,117,3,0.15313228964805603,0.2992068827152252,0.10774295777082443,0.0989915281534195,0.05689716339111328,0.10185649991035461,0.18217258155345917,0.11681412905454636,0.36877742409706116,0.10529564321041107,0.09637858718633652,0.054924704134464264,0.09440600872039795,0.1634034365415573,0.022806855375753592,0.5704827542290318,0.06427958731249184,0.2017711103027301,0.05030219557036797,0.06315860354944829,0.027198893660176398,0.03005872173329691,0.5589957741833238,0.09607377685768134,0.15146410309827132,0.07497807439762685,0.06684814194184421,0.021581407787955385
100206,RL,119,3,0.14551936089992523,0.30550941824913025,0.10725688189268112,0.09885195642709732,0.061482854187488556,0.09893614798784256,0.18244338035583496,0.11401090770959854,0.36654356122016907,0.10105651617050171,0.09476574510335922,0.05734582617878914,0.09629750996828079,0.16997984051704407,0.02227297842039505,0.7668864119504644,0.06873862269725668,0.052576527578416674,0.04024953917402561,0.025966250394312444,0.023309669785129196,0.03210962564240496,0.6935843803350035,0.07729953468445523,0.0645286810731575,0.06935909541090277,0.043375691668577465,0.019742991185498698
100206,RL,121,3,0.14432035386562347,0.30440181493759155,0.1026475802063942,0.1009112223982811,0.057641878724098206,0.10384079813957214,0.18623629212379456,0.11626244336366653,0.3309865891933441,0.09959535300731659,0.09756755083799362,0.05171053856611252,0.1096424013376236,0.19423514604568481,0.010218403516540958,0.9099239523062725,0.02573005830225545,0.013289164915951257,0.013546778714148562,0.006682685735420653,0.020608956509410584,0.013405098709749997,0.8802268182674713,0.02940383850231976,0.01903676503529474,0.021111042819339315,0.013437087886913997,0.023379348778910968
100206,RL,123,3,0.1465611606836319,0.2959292531013489,0.10892585664987564,0.10184767842292786,0.0592527873814106,0.1032319962978363,0.1842513084411621,0.11994688957929611,0.32266145944595337,0.09731349349021912,0.09059161692857742,0.054660603404045105,0.1103706881403923,0.20445525646209717,0.00880780717257144,0.7265342987292387,0.06037956500130243,0.05441603363955334,0.03273117650617329,0.05168943352205194,0.06544168542910887,0.01846753600595026,0.661501861478001,0.06722699173214534,0.06254693166464628,0.040942329949257325,0.07937272201412561,0.06994162715587397
100206,RL,125,3,0.14322441816329956,0.30832991003990173,0.11104383319616318,0.09840447455644608,0.06102064624428749,0.09992801398038864,0.1780487596988678,0.1290789246559143,0.31700047850608826,0.0988551676273346,0.08766046166419983,0.059889476746320724,0.10772018879652023,0.19979532063007355,0.027267343404132297,0.637300989051858,0.05376599512284437,0.07135320625798913,0.02008794262215108,0.06912921979291385,0.12109530374811131,0.05231744842857127,0.5380762201113855,0.07641615232427645,0.08307519680437689,0.02302666229826227,0.09998625236765227,0.12710206766547544
100206,RL,127,2,0.15276563167572021,0.28363171219825745,0.10767709463834763,0.09646721929311752,0.06219673529267311,0.10959406942129135,0.18766754865646362,0.16138224303722382,0.2962353825569153,0.09577091038227081,0.09655097872018814,0.05931085720658302,0.100562684237957,0.19018694758415222,0.07439805146349986,0.5842394832791884,0.0419283726111447,0.03769697538175189,0.143846740302302,0.020044192005746246,0.09784618495636696,0.07709044046365411,0.5435464081923497,0.04151266151267748,0.03428822450841538,0.14933634233318865,0.040527544634632616,0.11369837835508202
100206,RL,129,2,0.14315585792064667,0.2750176787376404,0.10625781118869781,0.10419239103794098,0.062395889312028885,0.11641561985015869,0.19256478548049927,0.15592555701732635,0.3195081949234009,0.09312649071216583,0.0903836116194725,0.05998605489730835,0.09391879290342331,0.18715131282806396,0.009504774919012762,0.9686715242665196,0.002509347610086269,0.009008915213517472,0.005032122629223859,0.003827975242828599,0.001445340118811413,0.011905173939303121,0.9623502124020047,0.0037162644597020316,0.008824921313078138,0.004706838462969584,0.004617764225256447,0.0038788251976858536
100206,RL,131,2,0.18185050785541534,0.23836591839790344,0.11380139738321304,0.10160618275403976,0.05753687396645546,0.11554190516471863,0.19129720330238342,0.163737490773201,0.3177066743373871,0.09159731864929199,0.09018582105636597,0.0595773421227932,0.0969933569431305,0.18020200729370117,0.01645714918964148,0.9728749564492613,0.004193478021355101,0.0013434729050358191,0.0010436314319248313,0.0006187159880718417,0.0034685960147097005,0.014223526080356394,0.9734792753721982,0.004784750064857432,0.00022274006337791357,0.0003610083267180806,0.0007243842205316948,0.006204315871960178
100206,RL,133,2,0.1894427239894867,0.22992558777332306,0.11412603408098221,0.1051873043179512,0.05658149719238281,0.11262968927621841,0.19210714101791382,0.1623915731906891,0.3224010765552521,0.09481871128082275,0.08311650156974792,0.06343281269073486,0.09624824672937393,0.17759114503860474,0.012815087932563944,0.9766823394203097,0.0017197420175213893,0.004080128145879601,0.0008489642240212044,0.0017980403858292476,0.0020556978738749485,0.013514362252539533,0.9770938790597972,0.0014639574521950443,0.003881189528287465,0.0005011344156897095,0.0029820885968328114,0.0005633886946582087
100206,RL,135,2,0.18979983031749725,0.22546103596687317,0.11966156959533691,0.10464759916067123,0.054556891322135925,0.11613987386226654,0.18973317742347717,0.1644517481327057,0.3191795349121094,0.10002293437719345,0.08130338788032532,0.05992351844906807,0.10457116365432739,0.17054763436317444,0.01831791049531163,0.9741010358438177,0.001919625621605268,0.0007367932035938545,0.0024533260173526293,0.002276268112225964,0.0001950407060930081,0.0156610988104192,0.9753653353901229,0.0012618880669129243,0.00010167092029987952,0.00430636904751446,0.0015800206102084436,0.0017236171545222667
100206,RL,137,2,0.1744539439678192,0.2397918850183487,0.11916603893041611,0.1064269095659256,0.05648107826709747,0.11493010073900223,0.18874995410442352,0.15290063619613647,0.31560882925987244,0.10103414207696915,0.080174021422863,0.06420490145683289,0.1091427206993103,0.17693467438220978,0.008513289675419337,0.9682571004583628,0.007292363058948584,0.005882076522874919,0.003036930031043492,0.0005064584120332578,0.006511781841317686,0.010934885508417834,0.9660012415840894,0.009225048332629786,0.004818222887713533,0.0029724606476159384,3.488667525273989e-05,0.006013254364280715
100206,RL,139,2,0.17114457488059998,0.23949141800403595,0.11795554310083389,0.10696591436862946,0.05779988318681717,0.11816827207803726,0.18847443163394928,0.15956762433052063,0.30606719851493835,0.09324200451374054,0.08319553732872009,0.06264364719390869,0.11080926656723022,0.18447467684745789,0.008372339879971422,0.9628231078762957,0.011861862367668305,0.0009764067529877178,0.0063317340360790715,0.003417039905245636,0.0062175091817521805,0.011605119622702711,0.9503778483425355,0.014581577550798683,0.0035065155909134705,0.008879242327742815,0.005070834241216165,0.005978862324090569
100206,RL,141,2,0.16451002657413483,0.2574552893638611,0.11367473006248474,0.10203482210636139,0.05832275375723839,0.116318479180336,0.18768395483493805,0.15707415342330933,0.30300673842430115,0.09722523391246796,0.08222313970327377,0.06629626452922821,0.10628367215394974,0.18789072334766388,0.00020275480710547095,0.96219985668025,0.017918870437686002,0.003107301135418791,0.012358654671556089,0.003930699460723184,0.0002818628072604696,7.632640729185791e-05,0.9456091994294423,0.023861526669837985,0.0045167101395932555,0.016815894704004724,0.00830493859516405,0.000815404054665761
100206,RL,143,2,0.15979914367198944,0.26842591166496277,0.10958223789930344,0.10085537284612656,0.06062806025147438,0.11528515815734863,0.1854240745306015,0.15697625279426575,0.3021574020385742,0.0924932137131691,0.08522729575634003,0.06692586839199066,0.10753411054611206,0.18868575990200043,0.005837459994060957,0.9369925636681173,0.018671949334658242,0.015053031413355638,0.00379495985893185,0.009402189164928987,0.010247846565947034,0.004540199272190427,0.9293988429084085,0.02156259127223287,0.014975963507402119,0.0043730121029673654,0.014210000803163076,0.010939390133635601
100206,RL,145,2,0.17125757038593292,0.25457683205604553,0.11097440868616104,0.10393278300762177,0.059462979435920715,0.11243201792240143,0.1873634308576584,0.14580729603767395,0.2976823151111603,0.10957703739404678,0.08919494599103928,0.0675831288099289,0.10925999283790588,0.18089529871940613,0.001336429842880174,0.943224565467678,0.028202992198618115,0.0023306864221112962,0.005306103314519392,0.011123185587379956,0.008476037166813074,0.0058605155022140335,0.9191314508519592,0.032104501670778635,0.0038813277580189067,0.008078468914144871,0.01844788104903132,0.012495854253853082
100206,RL,147,2,0.18224774301052094,0.24624191224575043,0.1147855892777443,0.10336605459451675,0.05962159112095833,0.11123860627412796,0.1824985295534134,0.16081543266773224,0.2921055257320404,0.10052435845136642,0.0936652421951294,0.06781303137540817,0.1026376336812973,0.1824387162923813,0.0007339938148421666,0.8960998235190888,0.01201360435351119,0.04139114484556998,0.009381507907015838,0.022307738185284504,0.018072187374687503,0.0003601126520885439,0.8959114988132516,0.009449420256835655,0.036448344059721485,0.007602992089666076,0.03188404471179967,0.018343587416637
100206,RL,149,2,0.1769692301750183,0.25891244411468506,0.11219172924757004,0.10091475397348404,0.06324052810668945,0.11212452501058578,0.17564690113067627,0.1635911762714386,0.318160742521286,0.11185399442911148,0.09088372439146042,0.060386087745428085,0.09428965300321579,0.16083461046218872,0.1303753222602626,0.4454508356704908,0.07805668935902912,0.15161688361952572,0.04244804066511251,0.010244959051052254,0.14180726937452698,0.1176313252207497,0.4468928219129307,0.10294819647484253,0.14798621881334087,0.040424801608000605,0.0029353702383869192,0.14118126573174875
100206,RL,151,0,0.193433478474617,0.23315979540348053,0.11442813277244568,0.10136857628822327,0.0585038922727108,0.11266473680734634,0.18644137680530548,0.22606107592582703,0.24956223368644714,0.11759138107299805,0.10469267517328262,0.049354538321495056,0.0916447564959526,0.1610933542251587,0.059308906144462985,0.33310047302783147,0.27691057420417453,0.17234458060429533,0.12628195129503078,0.02873401828470158,0.0033194964395033702,0.01887773626151143,0.38503271364266534,0.313797134224684,0.1994464199016173,0.06667703043915818,0.006739131499821414,0.009429834030542334
100206,RL,153,0,0.1592790186405182,0.2578551173210144,0.10840670019388199,0.10076034069061279,0.05990519002079964,0.11830292642116547,0.19549071788787842,0.19463258981704712,0.2497810572385788,0.12467135488986969,0.11566544324159622,0.054234474897384644,0.0933595523238182,0.16765552759170532,0.2047806938304054,0.22984468903664573,0.23683937685609385,0.1700824763996861,0.04786481958256679,0.07619847985586609,0.034389464438736056,0.18349616740996993,0.23945563998419242,0.2583833847551425,0.1595973732071319,0.008823051066399565,0.05594175790043354,0.09430262567673016
100206,RL,155,0,0.16436652839183807,0.26066967844963074,0.10633017122745514,0.10145754367113113,0.06156165897846222,0.11415673792362213,0.19145773351192474,0.18823383748531342,0.26915180683135986,0.12327668815851212,0.11903653293848038,0.04723146930336952,0.08580988645553589,0.16725975275039673,0.1672053860984489,0.24028773101493223,0.23007798440583158,0.20697944124433917,0.06358359163434064,0.06183188450494343,0.030033981097164035,0.1042868783766315,0.264609621667644,0.2439539910099515,0.21103635662221973,0.04861406779056099,0.0415283278721211,0.0859707566608713
100206,RL,157,0,0.17560997605323792,0.24924218654632568,0.11113056540489197,0.1035674661397934,0.06098256632685661,0.11162440478801727,0.18784287571907043,0.20399382710456848,0.2636425793170929,0.11725489050149918,0.12235134094953537,0.04618699476122856,0.08813086897134781,0.1584395468235016,0.07357570179959613,0.28879852026987685,0.23484779020640667,0.20029484373894518,0.0678749000222441,0.06644982843552093,0.06815841552741013,0.04479275472438095,0.3232663267760801,0.23523346729573177,0.2004199555011762,0.054319478531867395,0.04490205781815976,0.097065959352604
100206,RL,159,0,0.16980336606502533,0.2493707835674286,0.11137611418962479,0.10559765994548798,0.05964517593383789,0.11333359032869339,0.19087336957454681,0.2107686549425125,0.2607884705066681,0.11099355667829514,0.11735057830810547,0.04747636988759041,0.09360220283269882,0.15902014076709747,0.0403940236207875,0.3822941587659267,0.23235175595002372,0.13053684370997248,0.023947320030558855,0.05897558663708701,0.1315003112856437,0.015582973239548208,0.4159421498520278,0.23149527132570802,0.12139623927496027,0.013205930119108008,0.04718819079592633,0.15518924539272144
100206,RL,161,0,0.16992221772670746,0.2573201656341553,0.10949679464101791,0.10381534695625305,0.061732709407806396,0.11039826273918152,0.1873144805431366,0.21775035560131073,0.25600337982177734,0.11533491313457489,0.11394817382097244,0.04987085238099098,0.09223701059818268,0.1548553705215454,0.11858288386171735,0.3608368469636689,0.1950653528529417,0.13410774329559438,0.055232621311510584,0.05040775207238177,0.08576679964218535,0.1287772589564936,0.39073918676997804,0.20535811806450993,0.10726772882085414,0.046156890266866035,0.0295447718206679,0.0921560453006304
100206,RL,163,0,0.17647786438465118,0.25839468836784363,0.10649585723876953,0.10512431710958481,0.06153646856546402,0.10776473581790924,0.18420609831809998,0.20781472325325012,0.25840693712234497,0.11369556933641434,0.11483841389417648,0.04894207417964935,0.09014298766851425,0.1661592423915863,0.1199744605817108,0.4191966292261269,0.1980026749412386,0.11029410337292637,0.05623963219817793,0.014242092888078492,0.08205040679174094,0.1309533134253882,0.4365953804614165,0.1987638856648701,0.0763902890625398,0.061134512183599735,0.00026297386799377273,0.09589964533419179
100206,RL,165,0,0.18632584810256958,0.2365783005952835,0.11519845575094223,0.10985366255044937,0.05786552280187607,0.10780772566795349,0.18637044727802277,0.1970020979642868,0.24529960751533508,0.11852950602769852,0.11550753563642502,0.04812600091099739,0.10039760172367096,0.1751377135515213,0.24449524511127885,0.18023640898358642,0.21550881321723164,0.17455288454223464,0.01010367830183819,0.07950428572733767,0.09559868411649257,0.3194639253185235,0.14873809274213565,0.2078079157440855,0.1536227560623391,0.018883609493877174,0.07078012414989636,0.08070357648914278
100206,RL,167,1,0.14437508583068848,0.30119845271110535,0.10197126865386963,0.10491019487380981,0.07213040441274643,0.10703304409980774,0.16838152706623077,0.15411172807216644,0.26441705226898193,0.09464594721794128,0.10739069432020187,0.07376005500555038,0.11765148490667343,0.1880229115486145,0.143772606604152,0.5853962738296618,0.10225340984172195,0.09693742708924334,0.0029140598517481235,0.06325349120426094,0.005472731579211896,0.11371041540565408,0.5734508305724824,0.10944788474347997,0.11492192093161634,0.0034949924917600274,0.0709620881652028,0.014011867689804702
100206,RL,169,1,0.1505810171365738,0.2922442555427551,0.10595466196537018,0.1050528734922409,0.06660697609186172,0.10841619968414307,0.1711440235376358,0.14341920614242554,0.2740311026573181,0.092037133872509,0.11460530757904053,0.06916305422782898,0.11775795370340347,0.18898619711399078,0.048862249302152654,0.8558270770112313,0.011114931024664768,0.018045514524066126,0.026031319640986258,0.0003833544581414534,0.03973555403875747,0.028967632582776643,0.8834956469198333,0.009931010753765878,0.012586783326262518,0.019793719589766796,0.004940336690735615,0.040284870136859226
100206,RL,171,1,0.15423646569252014,0.2857299745082855,0.10884803533554077,0.10585039854049683,0.06426889449357986,0.10674606263637543,0.17432019114494324,0.14786440134048462,0.31143736839294434,0.1015765517950058,0.10515845566987991,0.06114912033081055,0.11112278699874878,0.1616913080215454,0.08553363287455609,0.8398028150227227,0.014708838421263516,0.020990288271436675,0.006522643946326693,0.0012748457716889345,0.031166935692005376,0.06492613357633613,0.845142286396976,0.018478475501781572,0.022396221854018017,0.0007075070868586474,0.008128811347019078,0.04022056423701061
100206,RL,173,1,0.15759627521038055,0.2808621823787689,0.10721159726381302,0.10637174546718597,0.05848579853773117,0.11190302670001984,0.1775694191455841,0.13904689252376556,0.3506556451320648,0.10928672552108765,0.10149897634983063,0.05562901496887207,0.09977999329566956,0.1441028118133545,0.11585646958352065,0.7784032228937261,0.03687337166811691,0.004808071563913394,6.306514309406539e-05,0.0042368480657696585,0.05975895108185925,0.1066149032184013,0.7592813967812454,0.04267147633343767,0.0008182791765618412,0.007608252344554486,0.0050901846195510496,0.07791550752624837
100206,RL,175,1,0.15571586787700653,0.2766461670398712,0.10948504507541656,0.11062229424715042,0.051541998982429504,0.1133880764245987,0.18260061740875244,0.15136809647083282,0.34852153062820435,0.10981996357440948,0.10118886828422546,0.05225019156932831,0.09817484766244888,0.13867641985416412,0.11992677680184244,0.7948401620926194,0.01707424941807361,0.015835296814598148,0.004023598401792708,0.002358560478672854,0.04594135599240079,0.11797678847444112,0.7568433386746852,0.0186244827572377,0.026443477047193086,0.001829410632886319,0.010434417740276616,0.06784808467327985
100206,RL,177,1,0.1503193974494934,0.28077417612075806,0.10509376227855682,0.1120106428861618,0.05306880176067352,0.11322097480297089,0.18551218509674072,0.15412427484989166,0.3312333822250366,0.1018805056810379,0.1033141016960144,0.054617416113615036,0.10409137606620789,0.15073896944522858,0.09472321697408986,0.842863664246081,0.0038685097254148757,0.026766680667209008,0.0044833364163673756,0.002080755923613905,0.02521383604722403,0.0932339462976134,0.8117766466941412,0.0006519825159289324,0.03512543094094675,0.010485095574360026,0.0037571067163473717,0.04496979126066229
100206,RL,179,1,0.15316422283649445,0.28030452132225037,0.10985540598630905,0.11000224947929382,0.05252252146601677,0.11294860392808914,0.18120244145393372,0.14654897153377533,0.31772667169570923,0.10692815482616425,0.10997733473777771,0.0636691078543663,0.10723075270652771,0.14791899919509888,0.07069865024211798,0.8487614656488691,0.004697605923805693,0.023792360065147223,0.009755009456715548,0.022163092105461205,0.02013181655788323,0.07596652201140718,0.8129631357333156,0.0006307370483323925,0.026594580164779717,0.010526387651758125,0.03452599579838219,0.03879264159202468
100206,RL,181,1,0.14952917397022247,0.288167804479599,0.10083691030740738,0.1071304902434349,0.06589353829622269,0.10567979514598846,0.1827622950077057,0.13824455440044403,0.2987101972103119,0.11089182645082474,0.11062561720609665,0.0639316588640213,0.1099538654088974,0.1676422357559204,0.08023103889405227,0.63358312887589,0.06255261488457693,0.019989660373351464,0.03755528037805339,0.10392907767162055,0.06215919892245539,0.08371674916849607,0.601231938493776,0.06553473747214891,0.02173326875914057,0.03116686164465936,0.10616672633720797,0.09044971812457113
100206,RL,183,1,0.15825925767421722,0.27742332220077515,0.11262530088424683,0.10762260854244232,0.05484634265303612,0.10912777483463287,0.18009547889232635,0.1398445963859558,0.28877612948417664,0.11718606948852539,0.10778620094060898,0.0627019852399826,0.12088175117969513,0.16282330453395844,0.08188489267177906,0.6442293969788486,0.06050972416869771,0.03315742661252237,0.015249842509457066,0.09951660947419144,0.06545210758450366,0.07884184247625864,0.5926163439331781,0.0642811290588076,0.0569954567928326,0.005200382568471748,0.09656305884871041,0.10550178632174081
100206,RL,185,1,0.15353474020957947,0.28514280915260315,0.11497454345226288,0.1066218763589859,0.0557783767580986,0.11075836420059204,0.17318925261497498,0.15589143335819244,0.2836882472038269,0.11193689703941345,0.10607168078422546,0.06561596691608429,0.11436256021261215,0.1624331921339035,0.06328676769821355,0.7507840016753085,0.07179445858708046,0.012175382671027078,0.029811198631231446,0.0195316496734122,0.05261654106372687,0.05813020824773844,0.7108027162711309,0.059853072499771134,0.026519621251705008,0.03623133817030109,0.032015822237185895,0.07644722132216747
100206,RL,187,1,0.1539289653301239,0.28739112615585327,0.1127382144331932,0.10800323635339737,0.05534159392118454,0.10864090919494629,0.17395596206188202,0.17910395562648773,0.25506600737571716,0.10968135297298431,0.10409875959157944,0.07324497401714325,0.11603961884975433,0.16276538372039795,0.0738625034335506,0.7487569965190672,0.09407406553916854,0.0175221492484257,0.022076871604713638,0.010330847046128102,0.03337656660894616,0.06861460927289441,0.6948433335199315,0.09056365311442056,0.03296738945833166,0.027037401499120876,0.032666397205517686,0.05330721592978316
100206,RL,189,1,0.1491164267063141,0.2900339961051941,0.10708974301815033,0.10187028348445892,0.06503758579492569,0.11372152715921402,0.1731303632259369,0.1718919426202774,0.26313409209251404,0.10157591849565506,0.10002388805150986,0.07358619570732117,0.11376344412565231,0.17602455615997314,0.140392559944813,0.47930137123385064,0.14305814313222112,0.1312231367876834,0.014705712589916325,0.021330868974338404,0.06998820733717709,0.12612975694908474,0.45013626357837644,0.1414260387942165,0.1629506042494428,0.008196112411254999,0.03633279120039731,0.07482843281722727
100206,RL,191,4,0.15242862701416016,0.3006473779678345,0.10245922952890396,0.09929518401622772,0.06027553603053093,0.10216992348432541,0.18272410333156586,0.17476263642311096,0.27408334612846375,0.0990225300192833,0.09824570268392563,0.06251625716686249,0.10324064642190933,0.18812890350818634,0.4447750008404879,0.4671636891240123,0.028837502987406064,0.017281673943200074,0.013469414698069861,0.02299559426337458,0.0054771241434492714,0.42680653586346895,0.48449666361705424,0.0219193045095183,0.015308767419178667,0.020916770742642823,0.029049121395502447,0.0015028364526344794
100206,RL,193,4,0.14799727499485016,0.3105049729347229,0.10523132979869843,0.10002478957176208,0.0582236722111702,0.10114935040473938,0.17686860263347626,0.15937292575836182,0.28875911235809326,0.1037842184305191,0.096949502825737,0.0681900903582573,0.09881855547428131,0.18412558734416962,0.6433857698636345,0.11953108860824112,0.017850303925842213,0.01562823682895314,0.0322141158605896,0.05945556464602737,0.11193492026671209,0.5993347599547751,0.11043738680748752,0.022573084668666393,0.028131505699107745,0.02539301309762238,0.06955631681718018,0.14457393295516072
100206,RL,195,4,0.1518050730228424,0.2977638244628906,0.10295230150222778,0.0999055802822113,0.061026521027088165,0.10282111912965775,0.18372556567192078,0.1575218290090561,0.3059121072292328,0.09955965727567673,0.10375753045082092,0.06290000677108765,0.09793058037757874,0.1724182814359665,0.5114149722016479,0.14016936450338208,0.010140790548408525,0.017969153940193206,0.027578986208537243,0.06756487947597173,0.2251618531218594,0.47310888260667394,0.14503403528666536,0.006325669057078358,0.02200246091716451,0.015244848541835491,0.07102644186284679,0.2672576617277356
100206,RL,197,4,0.15380240976810455,0.29130932688713074,0.10354238003492355,0.10024116933345795,0.060681045055389404,0.10409396886825562,0.18632972240447998,0.17986926436424255,0.28769928216934204,0.09706325829029083,0.10053334385156631,0.059927113354206085,0.10326950997114182,0.1716381460428238,0.46266277975953235,0.11992641360072222,0.05079415186455583,0.016348200643392784,0.0353863029287785,0.04760837535084211,0.2672737758521762,0.4091035432194918,0.13116611516132567,0.05357633872151461,0.026729319061754894,0.015545509078428723,0.06088845474502822,0.302990720012456
100206,RL,199,5,0.15988968312740326,0.2838098108768463,0.10182394832372665,0.10463882982730865,0.0650603175163269,0.10400426387786865,0.18077319860458374,0.21006199717521667,0.26205259561538696,0.09155022352933884,0.10621699690818787,0.067695751786232,0.10207588970661163,0.16034646332263947,0.15578901182326313,0.4235674958976628,0.1175023962147248,0.004448716579701214,0.06949918442974733,0.05304417441748941,0.17614902063741136,0.11902798769150745,0.5195460084519096,0.08857330389019813,0.01350864606324324,0.06679465993857567,0.03967207987882628,0.15287731408573976
100206,RL,201,5,0.16346316039562225,0.28007572889328003,0.10386554151773453,0.10339952260255814,0.06339401751756668,0.10479388386011124,0.18100813031196594,0.21156324446201324,0.24423840641975403,0.10029500722885132,0.10013408213853836,0.06916885077953339,0.10250090807676315,0.17209956049919128,0.14613557770376184,0.4200464565019153,0.09524770618728233,0.0165607752771287,0.10879603650669636,0.03630775928363377,0.1769056885395817,0.10847989649207315,0.5152340291505965,0.07704165977055084,0.0015583909771372073,0.11198344527743011,0.02593066475541636,0.1597719135767959
100206,RL,203,5,0.16104985773563385,0.2790405750274658,0.10521520674228668,0.10378047078847885,0.06514401733875275,0.10498421639204025,0.180785670876503,0.18948937952518463,0.2721234858036041,0.09753749519586563,0.10343389958143234,0.07173997163772583,0.10299853980541229,0.1626773178577423,0.006590812345547903,0.4701947950780322,0.1102201581494828,0.019019258473833102,0.1299937547864481,0.05607235101241623,0.20790887015423973,0.029246051072345073,0.5434964954577288,0.06574417384385647,0.02331459476488178,0.1342188610124988,0.0452151555503553,0.15876466829833366
100206,RL,205,5,0.15808874368667603,0.28531670570373535,0.10271700471639633,0.10247756540775299,0.06499774754047394,0.10387081652879715,0.18253135681152344,0.1800752580165863,0.26593443751335144,0.09101970493793488,0.10232187807559967,0.08966384828090668,0.09834802895784378,0.17263686656951904,0.04169090285722046,0.45148165222909137,0.05631805206369521,0.03313965844115764,0.08599665160241621,0.08486789658656235,0.24650518621985673,0.07188361679544022,0.4680362728819289,0.04816000416712329,0.05024975668125031,0.08085014156160081,0.07723124844632939,0.20358895946632705
100206,RL,207,5,0.15596655011177063,0.27951526641845703,0.10271929204463959,0.10569098591804504,0.06787076592445374,0.10291528701782227,0.18532179296016693,0.1787039190530777,0.25905388593673706,0.09318555146455765,0.10195153951644897,0.07711116224527359,0.10393570363521576,0.18605828285217285,0.050520132540533794,0.5366898767916507,0.026410244913298086,0.020356962043675906,0.12994064417442308,0.0036781353949338408,0.23240400414148463,0.017604838447326604,0.5930080612315667,0.0019489118647390048,0.017786859029183352,0.13219800662993111,0.030709702263986196,0.20674362053326698
100206,RL,209,5,0.15649837255477905,0.28498348593711853,0.10512475669384003,0.10413053631782532,0.06133241578936577,0.10389728099107742,0.18403317034244537,0.1991237848997116,0.25238603353500366,0.09693595767021179,0.09860799461603165,0.07543933391571045,0.09954410046339035,0.1779627799987793,0.1345926650600275,0.4732795142561077,0.06234461702427818,0.022403163344311444,0.111483160375868,0.0021597563617617816,0.1937371235776454,0.06403631481667274,0.5258570684471217,0.07253640192685791,0.02151141380824502,0.09318596774914421,0.04888154365811651,0.17399128959384202
100206,RL,211,5,0.1546330451965332,0.2890932857990265,0.10598096251487732,0.10542280972003937,0.06128585711121559,0.10214660316705704,0.1814374476671219,0.19019505381584167,0.2728201746940613,0.11357705295085907,0.0950530618429184,0.06823109835386276,0.1066841185092926,0.1534394472837448,0.21176988063771943,0.2901236797466382,0.10200462036393243,0.11972180814458552,0.13483472547363776,0.03066404873510047,0.11088123689838614,0.21353998833222843,0.30259929083773296,0.11782276246420109,0.10274235433672169,0.12948502204540877,0.06410602455193189,0.06970455743177523
100206,RL,213,4,0.15094038844108582,0.30055391788482666,0.10310252010822296,0.09987335652112961,0.057835739105939865,0.10456939041614532,0.18312470614910126,0.18886958062648773,0.280302494764328,0.11772915720939636,0.08875079452991486,0.062111686915159225,0.09861532598733902,0.16362088918685913,0.4600053270144709,0.27886848285585025,0.0898326807426917,0.0006049243085930041,0.06024099722387073,0.07043125457271404,0.0400163332818094,0.4310462157216436,0.2494587452127086,0.11881121803825846,0.004066951099537853,0.0756129199501447,0.0846568462349638,0.03634710374274296
100206,RL,215,4,0.16426736116409302,0.27964961528778076,0.10817959159612656,0.09808401018381119,0.057927682995796204,0.106358602643013,0.18553310632705688,0.19269803166389465,0.2837042212486267,0.11180189251899719,0.08881812542676926,0.0602358914911747,0.09336479753255844,0.16937698423862457,0.3863696095624106,0.40425950888456524,0.05067014651221187,0.002962379642728292,0.04245457959692922,0.048725590275232815,0.06455818552592198,0.3641763215690903,0.41167034522549734,0.06890051968442867,0.0053944721868334254,0.048848420032403105,0.06245317711541151,0.038556744186335715
100206,RL,217,4,0.16937749087810516,0.2716755270957947,0.10819009691476822,0.10051484405994415,0.05770997330546379,0.10696279257535934,0.18556928634643555,0.2063111811876297,0.2648988962173462,0.11615200340747833,0.09020399302244186,0.055839840322732925,0.09500747919082642,0.17158666253089905,0.43499550707062234,0.4577076285004088,0.018037397319483443,0.01119994369999342,0.019091296027460417,0.030039377576584907,0.028928849805446657,0.42756922737453873,0.4739973761079747,0.018902423495602946,0.007784476613541915,0.019656735821950176,0.04714495147629727,0.004944809110094248
100206,RL,219,4,0.15362276136875153,0.30146676301956177,0.10185481607913971,0.09542164951562881,0.05926905572414398,0.10153660923242569,0.1868283450603485,0.202619731426239,0.274269700050354,0.11136879026889801,0.086582250893116,0.0596233569085598,0.09375525265932083,0.17178086936473846,0.34288564878222083,0.42022309087475684,0.024923092447734437,0.03682410822268588,0.04640065286979783,0.06612056181939141,0.06262284498341276,0.304756165256334,0.4314899639189271,0.03358766685097468,0.05265719059916156,0.03792722939500175,0.06905066377391428,0.07053112020568661
100206,RL,221,4,0.15062204003334045,0.2940642237663269,0.10317428410053253,0.09966608136892319,0.060147933661937714,0.10348255187273026,0.18884284794330597,0.1955229490995407,0.2695316970348358,0.1192106306552887,0.08613825589418411,0.05758858844637871,0.09952180832624435,0.1724860519170761,0.3229111921472808,0.38130101039531505,0.05736357005428752,0.029729438295681632,0.04761864380003604,0.12499131863842344,0.03608482666897551,0.32172281132885544,0.40896963168415784,0.04233315444969525,0.027164864116355276,0.04712258663590318,0.11990600751386805,0.0327809442711649
100206,RL,223,4,0.15149685740470886,0.2907044589519501,0.10505425184965134,0.10163222998380661,0.06301923841238022,0.10123775154352188,0.18685530126094818,0.19088269770145416,0.2690669894218445,0.11218352615833282,0.08943673968315125,0.061897292733192444,0.0998648852109909,0.17666783928871155,0.22532215516726886,0.5527625803955414,0.01405155336824797,0.05568549623254479,0.10350864110400518,0.042298659502589625,0.006370914229802176,0.1827375527138856,0.5398077410987592,0.006920839712763742,0.08537745871874777,0.12998697079525318,0.035439888621782274,0.019729548338808196
100206,RL,225,4,0.15901219844818115,0.28743502497673035,0.1075718030333519,0.10131573677062988,0.06332104653120041,0.09861253201961517,0.18273155391216278,0.19720421731472015,0.2737361788749695,0.11077006906270981,0.09653691202402115,0.0597628653049469,0.09920897334814072,0.16278082132339478,0.2610505698948493,0.48256168527897614,0.020199843396392875,0.054335911947667646,0.08208128229829219,0.011634673838918533,0.08813603334490333,0.22594035714858499,0.5058779631448227,0.03264425545225885,0.06531631689122835,0.10339695062584249,0.008265331893595199,0.058558824843667374
100206,RL,227,4,0.15851636230945587,0.28891465067863464,0.10753968358039856,0.10038165748119354,0.05863378569483757,0.10298246890306473,0.18303130567073822,0.19163072109222412,0.2689310908317566,0.10931317508220673,0.09260926395654678,0.05860610678792,0.1031474620103836,0.17576225101947784,0.22531717217139818,0.5910406772984461,0.030115255310377904,0.017767342863459202,0.06009920356512817,0.023314900278575138,0.052345448512615265,0.19360798074760088,0.5963097231374289,0.041674148975918666,0.02208240783528917,0.07902322525721453,0.029825788897669014,0.03747672514887866
100206,RL,229,4,0.1625480353832245,0.2785138785839081,0.1088351383805275,0.10137949138879776,0.05107416957616806,0.11257179826498032,0.18507744371891022,0.17083078622817993,0.2716784179210663,0.10915147513151169,0.09455068409442902,0.05329057574272156,0.10995809733867645,0.19053994119167328,0.1597194979967423,0.588789383872577,0.09732554524122757,0.006905283081204722,0.06666175448415324,0.05342022171389935,0.02717831361019586,0.1392924819223375,0.6222908441883062,0.12474393562442947,0.005215980778922551,0.043459411099009214,0.05017928614948778,0.014818060237507162
100206,RL,231,2,0.17018918693065643,0.26893943548202515,0.11064831912517548,0.09338731318712234,0.058588624000549316,0.10859905928373337,0.18964791297912598,0.1665259599685669,0.2773621380329132,0.12422096729278564,0.09385647624731064,0.05338245630264282,0.10527484118938446,0.17937713861465454,0.1015592033945588,0.7164282786395331,0.0632408126993842,0.03141179513304284,0.012807189665826694,0.029734543053841395,0.04481817741381301,0.10897489324226722,0.6882945854656191,0.07472158212795549,0.04151194379156765,0.004544636410793685,0.041824576728646146,0.04012778223315084
100206,RL,233,2,0.17826639115810394,0.24488957226276398,0.11339416354894638,0.10452422499656677,0.056768208742141724,0.11159700155258179,0.19056037068367004,0.1866241991519928,0.28249824047088623,0.12693500518798828,0.09058888256549835,0.04932299628853798,0.0979311466217041,0.16609953343868256,0.05279124457467085,0.8339520744304306,0.042321768268557526,0.026721986522209563,0.0008397818696190611,0.01678857389758415,0.02658457043692827,0.06164834993343922,0.8030709487700954,0.046440805713820525,0.033085761658368,0.007062968090929892,0.01971330786923306,0.028977857964113743
100206,RL,235,2,0.18404224514961243,0.2349577695131302,0.1178637146949768,0.10248542577028275,0.05683368444442749,0.11494992673397064,0.18886719644069672,0.19040191173553467,0.29486367106437683,0.11769994348287582,0.08387447893619537,0.051580555737018585,0.10694995522499084,0.15462955832481384,0.011124761751268942,0.9633006401136092,0.005594764764186562,0.005270652618037579,0.0020259268757460056,0.0028626853718797056,0.009820568505272067,0.010220085867183275,0.9634664045710196,0.004503995783073254,0.0064332878091879885,0.002062002638323979,0.002142951615583519,0.011171271715628447
100206,RL,237,2,0.18674607574939728,0.23198944330215454,0.12165424972772598,0.10443538427352905,0.0571882501244545,0.11339781433343887,0.18458887934684753,0.18243427574634552,0.3100987672805786,0.12447116523981094,0.07910943776369095,0.05476904660463333,0.10280008614063263,0.14631719887256622,0.00558396005498204,0.9874106339523278,0.0004944813698134014,0.0016215104957437259,0.0018194853581888614,0.0004356896845122978,0.002634239084431892,0.007102618380068822,0.982764576089169,0.0013251458747126355,0.0027813935671705124,0.0016794062817022868,0.000764199175433408,0.003582660631743307
100206,RL,239,2,0.18014054000377655,0.24299904704093933,0.12383629381656647,0.10402587801218033,0.05557680130004883,0.11002156883478165,0.18339982628822327,0.16566377878189087,0.3205396831035614,0.11266189813613892,0.08117202669382095,0.05491212010383606,0.10166201740503311,0.1633884161710739,0.005031911760045972,0.9869402263500696,0.0021500231894980015,0.0002988173851281242,0.0013132317742990045,0.0009443554494832664,0.003321434091475964,0.0066215388068277675,0.9812003734318335,0.0030892474821508564,0.001275209795737209,0.0013894832453949597,0.0019168275678045374,0.004507319670251328
100206,RL,241,2,0.15551550686359406,0.2781996428966522,0.11722898483276367,0.09948194772005081,0.06184086948633194,0.10704994201660156,0.18068309128284454,0.15616777539253235,0.3228262960910797,0.10969194769859314,0.07488177716732025,0.06080601364374161,0.10238662362098694,0.17323952913284302,0.0063179841509478805,0.7941595706597406,0.0946362719170825,0.05261302126841089,0.040138439813501625,0.011183901289769737,0.0009508109005467922,0.0010595160504420493,0.7438410149656395,0.10932053304842787,0.06834429294291557,0.04429199155324405,0.027999460630369927,0.005143190808961146
100206,RL,243,2,0.1434243768453598,0.2892029583454132,0.10812749713659286,0.10115324705839157,0.06631933897733688,0.10814202576875687,0.18363049626350403,0.1528322547674179,0.31743350625038147,0.10686693340539932,0.07726804167032242,0.05691654607653618,0.10341882705688477,0.18526391685009003,0.008911506225645622,0.9150504129133482,0.03030194979836931,0.021240953077009298,0.01110684525921154,0.007264579957015738,0.0061237527694002645,0.015557154834745813,0.8694704297542686,0.04021002414331998,0.03134209946449006,0.01068919480400728,0.020127329010810453,0.01260376798835782
100206,RL,245,2,0.17426644265651703,0.24535349011421204,0.12015461176633835,0.10234968364238739,0.05895209312438965,0.11217167973518372,0.1867521107196808,0.15732347965240479,0.2962976396083832,0.12337468564510345,0.08734311163425446,0.056562963873147964,0.10249971598386765,0.17659839987754822,0.018982360552739358,0.8650512163989841,0.039749865150452084,0.025475807019758708,0.037925855316352654,0.0029798540652200725,0.009835041496493023,0.025862331735216633,0.8426975075872171,0.04406293295462084,0.027821045687431503,0.03847762097781896,0.0034012967160526536,0.01767726434164221
100206,RL,247,2,0.1678682416677475,0.2524108588695526,0.11681907624006271,0.10224610567092896,0.059661615639925,0.1171208918094635,0.18387329578399658,0.16019472479820251,0.3032154440879822,0.1177382543683052,0.08837136626243591,0.05772790312767029,0.10172883421182632,0.17102345824241638,0.01603667128496098,0.892659439593092,0.02280694189241304,0.014712752843785032,0.032833386637451736,0.009962298501021953,0.010988509247275223,0.02564911983731282,0.8737138791074499,0.024467088495169976,0.01647588101999096,0.02781989242142801,0.013727033015766764,0.018147106102881703
100206,RL,249,2,0.182424858212471,0.24207010865211487,0.11537951976060867,0.10339755564928055,0.0589795783162117,0.11503976583480835,0.1827085316181183,0.1540854275226593,0.31037771701812744,0.12635374069213867,0.09153179079294205,0.052484408020973206,0.10684957355260849,0.15831740200519562,0.01724778008565375,0.9643137375181509,0.004992803802595423,0.0015009731720553455,0.009547734529227603,0.0020335081939943465,0.0003634626983226747,0.020501087334224864,0.9524596806594114,0.007318303537276161,0.0032667658757980626,0.011431364849611306,0.0022855728771452835,0.0027372248665327188
100206,RL,251,2,0.18005894124507904,0.2529199421405792,0.11337240040302277,0.10398975759744644,0.062338173389434814,0.11104832589626312,0.1762724667787552,0.15832199156284332,0.3075273931026459,0.1171388253569603,0.08723250776529312,0.05985214188694954,0.10616831481456757,0.163758784532547,0.03844715543404397,0.9156913502996058,0.012177368304538501,0.018783375050743765,0.004264156854360915,0.0077809432673516385,0.0028556507893553983,0.027643634607401008,0.9195880242075839,0.013249991696021481,0.026564320932093925,0.002162849061320292,0.008351405929297465,0.002439773566281795
100206,RL,253,3,0.15312062203884125,0.29018571972846985,0.10984410345554352,0.09742488712072372,0.061912573873996735,0.10912574827671051,0.17838630080223083,0.1334095150232315,0.30571284890174866,0.11457100510597229,0.08479999750852585,0.05684605985879898,0.11984039098024368,0.18482010066509247,0.13566872411294406,0.474000241413658,0.1263159579132581,0.006049555528851022,0.05782565201539562,0.17215689480623458,0.027982974209658673,0.15863262903066586,0.3943375702794903,0.12334190134461384,0.038989900571442505,0.06665053654666381,0.1838551935396722,0.03419226868745146
100206,RL,255,3,0.15599529445171356,0.2831695079803467,0.11708265542984009,0.09375950694084167,0.056048039346933365,0.11121510714292526,0.18272991478443146,0.14590448141098022,0.3169857859611511,0.1110609695315361,0.08207620680332184,0.05062287300825119,0.11032040417194366,0.18302926421165466,0.05999203663569267,0.8175704233222973,0.05766133504352903,0.005249378125623241,0.0175499845534096,0.037889244780060186,0.004087597539387969,0.08245690833988069,0.7540907644819275,0.07544696582603468,0.009251689539524245,0.024429623748984095,0.0480042955940371,0.006319752469611684
100206,RL,257,3,0.16409720480442047,0.2544683516025543,0.12661327421665192,0.104427769780159,0.05043494328856468,0.10985594242811203,0.19010251760482788,0.14551930129528046,0.32302600145339966,0.11503936350345612,0.09216640144586563,0.04939918592572212,0.10815691947937012,0.16669289767742157,0.08181176355279499,0.6731996336724243,0.10431611466042287,0.05386815566584188,0.04482083207876061,0.021036070948955165,0.020947429420800197,0.09637638310880833,0.5950874251765459,0.13630475808322548,0.06831986514672667,0.06308593417083966,0.029161365924227713,0.011664268389626314
100206,RL,259,3,0.1584073305130005,0.25986388325691223,0.12100103497505188,0.1032998114824295,0.05197190120816231,0.11741653084754944,0.18803949654102325,0.1522028148174286,0.32183364033699036,0.11671100556850433,0.08926896750926971,0.05132441967725754,0.10259810090065002,0.16606098413467407,0.04998419311440484,0.8366770082096459,0.046154636084737764,0.01563397717933578,0.0006385168040551548,0.033940421374879653,0.016971247232940963,0.07730199651212245,0.7553345753451245,0.06913598791557567,0.023181071119061255,0.002803895077141069,0.04547272892598757,0.026769745104987256
100206,RL,261,3,0.16492705047130585,0.25777021050453186,0.12577641010284424,0.10833704471588135,0.04937547817826271,0.11097700893878937,0.1828368455171585,0.15597590804100037,0.2992554008960724,0.12331607192754745,0.09365606307983398,0.05058244988322258,0.1007990911602974,0.17641502618789673,0.03491883121167037,0.8468623860997876,0.007416621847730211,0.03790466975349167,0.013866278388875471,0.05059610498554695,0.008435107712897757,0.06058475354546307,0.7646482487998859,0.010340699328586297,0.0615148277458548,0.02578902349555542,0.06348563750534009,0.013636809579314551
100206,RL,263,3,0.1630675345659256,0.2619538903236389,0.12378484755754471,0.10474609583616257,0.05381688103079796,0.10957730561494827,0.18305346369743347,0.1618795394897461,0.29403790831565857,0.12013323605060577,0.09066382050514221,0.05363365262746811,0.10070230066776276,0.1789495199918747,0.006885705730437164,0.955111316288439,0.000884983032262683,0.010350158467995842,0.0020062965942571126,0.016293033985968566,0.008468505900639646,0.010303107470245865,0.9388532153273004,0.0026525483236194193,0.017274281485877806,0.0021841621074777805,0.019149681116175325,0.009583004169303352
100206,RL,265,3,0.16609004139900208,0.2542041540145874,0.12320666760206223,0.10914810746908188,0.05142628028988838,0.11099526286125183,0.18492940068244934,0.16462625563144684,0.28305384516716003,0.11949752271175385,0.09073157608509064,0.05268843472003937,0.10301409661769867,0.186388298869133,0.0011334863098534157,0.9476455062590233,0.006585794613731616,0.009253192926365927,0.00044984737007764395,0.022015161564223406,0.012917010956724706,0.0035709642835655957,0.9167287099338574,0.014668641604031895,0.019066301074092143,0.004011697968133966,0.023557156818455865,0.0183965283178631
100206,RL,267,3,0.15131530165672302,0.28301069140434265,0.11815919727087021,0.10116565227508545,0.06080850958824158,0.10430649667978287,0.18123416602611542,0.15669222176074982,0.28278541564941406,0.11439909785985947,0.08952357620000839,0.05561861768364906,0.09913071244955063,0.20185035467147827,0.006178168089238611,0.9451164665429008,0.013417334183902136,0.0002714141218429671,0.008470394826138454,0.007914589672468204,0.018631632563508846,0.00938755985003564,0.932118764473027,0.017256239863961496,0.000342912580210039,0.008733937695746445,0.010080357888413057,0.022080227648606326
100206,RL,269,3,0.15187327563762665,0.2747729420661926,0.11923051625490189,0.10449862480163574,0.05670106038451195,0.10946408659219742,0.18345949053764343,0.1517540067434311,0.28939151763916016,0.11739404499530792,0.08573862165212631,0.05525077506899834,0.10655365139245987,0.19391746819019318,0.028513856151058486,0.8885416428029701,0.009924095307795493,0.002745189752584116,0.01075896630660789,0.03562707628127783,0.023889173397706076,0.0393881174872514,0.8390546902781304,0.017673264087519996,0.003831717617946511,0.022136369736227585,0.04741739665038854,0.03049844414253559
100206,RL,271,3,0.1475292593240738,0.28421342372894287,0.11272889375686646,0.09975719451904297,0.05485715717077255,0.11345475912094116,0.18745926022529602,0.15455494821071625,0.2855822741985321,0.11018751561641693,0.10097124427556992,0.05482092499732971,0.10373859852552414,0.1901445835828781,0.020010108549146224,0.8882037716970562,0.026891224864824752,0.03702593530839308,0.0017176703428946015,0.012092068455893829,0.01405922078179129,0.02976453567404585,0.8461861578961087,0.04172206566876391,0.04459048011953472,0.00654773134106759,0.021766299397921993,0.00942272990255729
100206,RL,273,3,0.15741118788719177,0.2712808847427368,0.11422945559024811,0.09926226735115051,0.05137083679437637,0.11670943349599838,0.18973597884178162,0.15467044711112976,0.28426864743232727,0.10833858698606491,0.09781473129987717,0.05680353194475174,0.10619790107011795,0.19190607964992523,0.046582334348406154,0.4921853156675176,0.03401975332542533,0.30435110746145716,0.04349656471351853,0.03427253834245503,0.04509238614122019,0.08332228929073149,0.4675238410809033,0.025514484586780878,0.24441708141690624,0.06776515471763828,0.053313691241616556,0.058143457665423295
100206,RL,275,0,0.18435880541801453,0.22507822513580322,0.1178639605641365,0.103528693318367,0.05872557312250137,0.11618389189243317,0.19426076114177704,0.18500420451164246,0.22695499658584595,0.11467988044023514,0.11927926540374756,0.05582078918814659,0.097368985414505,0.2008918970823288,0.22063984325128422,0.17007112775197966,0.053455226603920325,0.13877860319671592,0.07393222252206365,0.16900149358870603,0.17412148308533018,0.2452242003622162,0.06811622390045012,0.06668980357029813,0.242818020912752,0.04318846793381969,0.09419802958828119,0.2397652537321826
100206,RL,277,0,0.17155835032463074,0.23852716386318207,0.11515083909034729,0.10316550731658936,0.06083483621478081,0.1172117292881012,0.19355158507823944,0.16512209177017212,0.23302173614501953,0.12439563125371933,0.12476412951946259,0.061125241219997406,0.10127168148756027,0.19029943645000458,0.23750421499780325,0.14391828873899862,0.16490857839637854,0.2432038574747829,0.05121140300517515,0.14876286589305251,0.01049079149380903,0.3069549777429545,0.03503091417287479,0.19674632722304775,0.32206788661964536,0.04567829709144608,0.005793880522465106,0.08772771662756665
100206,RL,279,0,0.17740008234977722,0.24443607032299042,0.11087911576032639,0.09901011735200882,0.06523912400007248,0.11079158633947372,0.19224382936954498,0.16788600385189056,0.23164331912994385,0.11285557597875595,0.11480425298213959,0.06394346803426743,0.10514598339796066,0.20372135937213898,0.09571863164121068,0.17738847802518642,0.23375945124272415,0.23464167989477877,0.06115173225138222,0.1682785268617134,0.029061500083004354,0.07778838068279134,0.12464464047507046,0.24318325784185552,0.2663561914175736,0.04713117873784748,0.12299103502133209,0.11790531582352948
100206,RL,281,0,0.1717597246170044,0.23657022416591644,0.11419586837291718,0.1109970435500145,0.06004122644662857,0.11515124887228012,0.19128471612930298,0.16650798916816711,0.2358301430940628,0.11345450580120087,0.11549931764602661,0.06233770400285721,0.10830821841955185,0.19806207716464996,0.14342071988433916,0.18222769848414072,0.20451787039044322,0.21685879753463777,0.058543102260370586,0.17019377639980643,0.024238035046262065,0.11835757557457428,0.1536769557555235,0.2247018832303993,0.2358338973969426,0.049367768980565246,0.16521763893102304,0.05284428013097203
100206,RL,283,0,0.18272286653518677,0.24988055229187012,0.1153021901845932,0.1046738475561142,0.059294626116752625,0.10516583174467087,0.1829601675271988,0.16842812299728394,0.23848478496074677,0.11538786441087723,0.12253836542367935,0.060476940125226974,0.10628633946180344,0.18839754164218903,0.12122831982746231,0.08662652424090189,0.17097948680615493,0.3269951323051693,0.1341752744923644,0.10571202983755998,0.05428323249038718,0.18973226745503138,0.02778901621940928,0.18553212192088175,0.3510904767320828,0.06235161330048389,0.07144817683115127,0.11205632754095955
100610,LR,31,2,0.1523469090461731,0.2827101945877075,0.10969841480255127,0.10469435155391693,0.06382918357849121,0.10283420979976654,0.18388670682907104,0.1423582136631012,0.3154318630695343,0.10744084417819977,0.10768287628889084,0.06498418003320694,0.08982053399085999,0.17228153347969055,0.008020041003155629,0.9233873381724014,0.01780722186844223,0.020312963799683427,0.005370754751234523,0.01236829711887638,0.012733383286206471,0.00972689004338587,0.9008738519230667,0.02188979851984542,0.03089648036675302,0.0074180470735077195,0.0177124639766167,0.011482468096824471
100610,LR,33,2,0.14914551377296448,0.280589759349823,0.11470196396112442,0.10635123401880264,0.06289049983024597,0.10143517702817917,0.18488585948944092,0.14844247698783875,0.2907353341579437,0.11515267193317413,0.1147526353597641,0.06447582691907883,0.09300561994314194,0.17343538999557495,0.006456220181982182,0.7605039757494759,0.07438299394627326,0.09001385112216785,0.00858971405351259,0.044811326345544994,0.015241918601043172,0.015578986571577714,0.7304830235245143,0.08208918396834594,0.1177600863761362,0.0017790815395746949,0.049853945124157216,0.002455692895693961
100610,LR,35,2,0.15130561590194702,0.28195011615753174,0.11544494330883026,0.10631903260946274,0.06409084051847458,0.09859512001276016,0.18229441344738007,0.14369140565395355,0.2859010696411133,0.13609449565410614,0.11362043768167496,0.06478874385356903,0.0955715924501419,0.16033215820789337,0.05623715204946161,0.7800951087076992,0.049214238729921866,0.05683307086893792,0.011640200202066386,0.032806502183223035,0.01317372725869007,0.0536358849543527,0.7542448674698424,0.05229385812681548,0.07462436140790396,0.015979434438036576,0.03090171712504393,0.018319876478004954
100610,LR,37,2,0.14985904097557068,0.27541351318359375,0.10845674574375153,0.10499516129493713,0.06621969491243362,0.10380993783473969,0.1912458837032318,0.146948903799057,0.2863878309726715,0.11850592494010925,0.10885584354400635,0.06251971423625946,0.10587882995605469,0.17090295255184174,0.03976236867531288,0.8809306936583109,0.0302084758371867,0.035812994868047905,0.0031553227783097672,0.008800199976110954,0.0013299442067208668,0.05343209646281475,0.8278472666402577,0.04037792171975082,0.04936976653531477,0.011656389393800384,0.01652646795520251,0.0007900912928591154
100610,LR,39,2,0.15695302188396454,0.27080607414245605,0.1169336810708046,0.10029976814985275,0.06176254525780678,0.10602812469005585,0.18721680343151093,0.1657581627368927,0.29917627573013306,0.11582501232624054,0.10112760961055756,0.06288895010948181,0.09841874241828918,0.15680523216724396,0.02492535207207166,0.94135807956034,0.010924567073889793,0.011766802847882419,0.008214784100874315,0.0021368186931682966,0.0006735956517734961,0.024419500307094402,0.9255529049609692,0.014549326157831742,0.017592329549441302,0.010270995488981286,0.006103850779292179,0.00151109275638976
100610,LR,41,2,0.15613971650600433,0.291349858045578,0.10648319125175476,0.09934022277593613,0.06556814908981323,0.10405820608139038,0.1770605444908142,0.15623052418231964,0.3308095932006836,0.12073559314012527,0.09556799381971359,0.06431304663419724,0.08895528316497803,0.14338801801204681,0.007454023393513568,0.9828207457281675,0.0021356752071370975,0.00122973109005501,0.0033409372099053782,0.0005280270703991091,0.002490860300822387,0.009392208806479164,0.9822195028738936,0.0012515106509116986,0.000396174505616478,0.004047629792329388,0.0006728402686761502,0.0020201331020934504
100610,LR,43,3,0.14984248578548431,0.3078645169734955,0.10811404883861542,0.08847963809967041,0.05722297355532646,0.10742803663015366,0.18104825913906097,0.14691956341266632,0.34709903597831726,0.12422996014356613,0.09290467202663422,0.04883318766951561,0.08928899466991425,0.1507245898246765,0.013221534952122768,0.6930247722011249,0.0886868567734621,0.11167520249610623,0.01531415959237636,0.05180300256654529,0.026274471418262377,0.026361433380232443,0.6488307932845541,0.11019737794716983,0.09825256325518256,0.026612899248889446,0.07061431415647298,0.019130618727498726
100610,LR,45,3,0.1541832685470581,0.3090108036994934,0.11135435104370117,0.09150776267051697,0.05721656605601311,0.10028991103172302,0.17643731832504272,0.14296554028987885,0.3444472849369049,0.11303230375051498,0.09077809751033783,0.04882052168250084,0.08634424954652786,0.17361193895339966,0.037922140728016196,0.7636991123470765,0.04530054985885783,0.09663661774232077,0.010684132558964827,0.03392942533539128,0.011828021429372509,0.05696899994289038,0.6732030420742079,0.07364317337316291,0.10707084513356974,0.013714577937706956,0.05454266007269757,0.020856701465764557
100610,LR,47,3,0.1469922810792923,0.3146640956401825,0.1099829152226448,0.09741723537445068,0.057594310492277145,0.0994083359837532,0.17394085228443146,0.1311541199684143,0.3341643512248993,0.10913638025522232,0.08757736533880234,0.05146825313568115,0.09513441473245621,0.1913651078939438,0.029131020365326183,0.8241096442947528,0.0009330313972366668,0.07101662259403675,0.0004127127114387461,0.04149333947351227,0.03290362916369658,0.041122688502010264,0.7692462125682236,0.01805329839002119,0.06059552375459825,0.005186534506555353,0.05671164940595972,0.04908409287263199
100610,LR,49,3,0.15503109991550446,0.3055681884288788,0.10701839625835419,0.10004759579896927,0.05307110399007797,0.10246435552835464,0.1767992079257965,0.13812664151191711,0.3383401334285736,0.10070057213306427,0.08736135065555573,0.0572347491979599,0.09601236134767532,0.1822240948677063,0.04411327153553596,0.6863960276375705,0.023777744370285365,0.16140590527508067,0.012884305788932278,0.006437275087404592,0.06498547030519067,0.05641145704696874,0.6541513811800103,0.05429659593359065,0.12113116687105545,0.0019131301215001462,0.017254796080394787,0.09484147276647995
100610,LR,51,3,0.15092861652374268,0.306793212890625,0.10745507478713989,0.09954031556844711,0.05736234039068222,0.10187442600727081,0.1760459840297699,0.14311537146568298,0.3470231592655182,0.09807252138853073,0.08339951932430267,0.05572465434670448,0.0967600867152214,0.17590464651584625,0.026329004083411444,0.8232336325306996,0.02775140445160029,0.05536685546259851,0.006389641181220108,0.02983944877043456,0.031090013520035528,0.040537964372386166,0.730749823066519,0.0471168493263378,0.061477537255458604,0.02213226375854532,0.04287217869751389,0.055113383523239086
100610,LR,53,3,0.15206094086170197,0.3003529906272888,0.10964930802583694,0.10079590976238251,0.05506874993443489,0.10568994283676147,0.1763821542263031,0.1479957401752472,0.3581711947917938,0.09202568233013153,0.08722909539937973,0.0536620058119297,0.09253790229558945,0.16837838292121887,0.015134346308283156,0.8877385534791477,0.02202768278454009,0.04393216957541099,0.002573369069870573,0.004302956065942133,0.024290922716805396,0.02592505452418449,0.816247245768939,0.034907920779119556,0.04343826183288054,0.017732024251115995,0.0160205271647034,0.04572896567905713
100610,LR,55,3,0.1466091424226761,0.30556467175483704,0.10835843533277512,0.1020476371049881,0.0549892820417881,0.10600852966308594,0.17642226815223694,0.14577926695346832,0.3538453280925751,0.10118772089481354,0.09016995131969452,0.051972705870866776,0.08905676007270813,0.16798822581768036,0.005107262398193335,0.949410466156852,0.014086158549816406,0.010900746419481215,0.0032276464217512856,0.0069575653182502905,0.010310154735655469,0.009476979280892266,0.9094633060934451,0.018837789847738696,0.015578494496171227,0.011255581667008071,0.01365139307984812,0.02173645553489658
100610,LR,57,3,0.15187880396842957,0.29478707909584045,0.10344848036766052,0.10119836777448654,0.05601247027516365,0.11077398806810379,0.181900754570961,0.1485852748155594,0.3562459647655487,0.09978135675191879,0.08602818846702576,0.05300498008728027,0.09405827522277832,0.1622958928346634,0.006639718717652871,0.9558436882209856,0.012441940909242433,0.013741911004875632,0.004925511452279281,0.0004651454392327238,0.005942084255731457,0.011260561403407653,0.9292237204672212,0.016231979382081423,0.01471205193192309,0.013241897413081521,0.0009787082328055617,0.014351081169479635
100610,LR,59,3,0.15707091987133026,0.2905920445919037,0.10789382457733154,0.09592005610466003,0.05437504127621651,0.11118941754102707,0.1829586923122406,0.14883044362068176,0.34391847252845764,0.09318479150533676,0.08715032041072845,0.05951644852757454,0.09672815352678299,0.17067135870456696,0.0062089252672776355,0.9565264601564613,0.004191443540109576,0.018815415691943026,0.0019132356203979402,0.004867915308064478,0.007476604415746058,0.006137435828578853,0.956471628595303,0.005872753000040731,0.009789813073972324,0.004615737890483925,0.005627865204056641,0.011484766407564387
100610,LR,61,3,0.15559335052967072,0.2973751425743103,0.10612878948450089,0.09624411165714264,0.052924979478120804,0.11208721250295639,0.17964649200439453,0.13990715146064758,0.33260196447372437,0.09773935377597809,0.09949387609958649,0.05724744871258736,0.10148932784795761,0.17152081429958344,0.019660278042039313,0.6447096074192197,0.0424963584353851,0.16273164006079072,0.009429036158315968,0.04794355072551424,0.07302952915873498,0.022335661289804406,0.6289725315256379,0.054635742465866215,0.1037647509324927,0.022707797070284585,0.0579729763946033,0.1096105403213108
100610,LR,63,3,0.15560854971408844,0.27928295731544495,0.11825325340032578,0.0967819094657898,0.05291678383946419,0.11386454105377197,0.18329200148582458,0.13037678599357605,0.32177311182022095,0.11279480904340744,0.11115394532680511,0.05094273015856743,0.10669358819723129,0.16626502573490143,0.035948966446143385,0.44732931361815453,0.04954898284041154,0.2866702416530719,0.012685759588299808,0.10157300863231583,0.06624372722160297,0.05076818240038733,0.3875440204920898,0.07455409588143055,0.22146771387509123,0.03462395311677916,0.13837837329478922,0.09266366093943262
100610,LR,65,5,0.15854240953922272,0.27350476384162903,0.11570733785629272,0.10495895147323608,0.07106196135282516,0.09968097507953644,0.17654359340667725,0.1258697807788849,0.31390079855918884,0.09882073849439621,0.12734323740005493,0.06178585812449455,0.10244614630937576,0.1698334664106369,0.0351149965831376,0.36748356384625014,0.07308527270661436,0.24395884300315662,0.0519112758066982,0.02718709318990893,0.20125895486423415,0.031227619592216316,0.4155066443762034,0.030800608777605102,0.23983130941693628,0.0637115783763693,0.0067847733516713275,0.21213746610899828
100610,LR,67,5,0.16152065992355347,0.27923527359962463,0.10699313879013062,0.10437625646591187,0.07231126725673676,0.10281737893819809,0.1727459877729416,0.14444978535175323,0.30768322944641113,0.09022551774978638,0.12345518916845322,0.06233719363808632,0.10281333327293396,0.16903570294380188,0.07293729240097374,0.45861055862478367,0.08215595339286627,0.13269942928666276,0.051498424137783695,0.07885687894767156,0.12324146320925827,0.0807748906362128,0.497738638656501,0.05756671870763629,0.09912566086557717,0.07102258733915294,0.04153800372988243,0.15223350006503733
100610,LR,69,5,0.16859881579875946,0.27172863483428955,0.09912216663360596,0.1009705513715744,0.06748811900615692,0.10943498462438583,0.18265673518180847,0.1509055495262146,0.2763541638851166,0.09002988040447235,0.11791952699422836,0.0652550533413887,0.11677800863981247,0.18275776505470276,0.11275234313479514,0.5348716067587281,0.11091132767459287,0.08799043259007282,6.227031068371488e-05,0.06327237429616409,0.09013964523496323,0.08849290622003339,0.6362043904952617,0.08211961235558542,0.04417920264583921,0.001996915435468627,0.060657249301965754,0.08634972354584593
100610,LR,71,5,0.16077196598052979,0.27606165409088135,0.09592942893505096,0.1062876507639885,0.06860582530498505,0.10977976769208908,0.1825636774301529,0.1368788778781891,0.290783554315567,0.08987384289503098,0.11502279341220856,0.06962404400110245,0.11821772158145905,0.17959916591644287,0.10519310486075514,0.6092039121686252,0.0644005354390061,0.10716683525552058,0.010462195173040412,0.07337064953366239,0.030202767569390093,0.06948054288299928,0.7454472008028581,0.03948636394338413,0.05861507339851848,0.009003860426291756,0.06725017239499077,0.010716786150957376
100610,LR,73,5,0.15025414526462555,0.29745492339134216,0.09155218303203583,0.1055334061384201,0.07034335285425186,0.11164671927690506,0.17321528494358063,0.13820353150367737,0.30777886509895325,0.08365215361118317,0.12399439513683319,0.06751856952905655,0.10462149977684021,0.17423100769519806,0.03808543519366191,0.5484032484820244,0.12682048905277382,0.10876679184821167,0.045084098736448516,0.03913403306575513,0.09370590362112459,0.0496675471939615,0.6669550664859593,0.07969445356477535,0.04744336693214974,0.03821946795534433,0.041743914141140745,0.07627618372666901
100610,LR,75,5,0.1566903442144394,0.28592267632484436,0.09436222910881042,0.10174203664064407,0.06853349506855011,0.11341049522161484,0.17933869361877441,0.12625671923160553,0.32450994849205017,0.08153735846281052,0.12027086317539215,0.06649643182754517,0.10565218329429626,0.17527644336223602,0.04802537342161015,0.5965574601108088,0.14483427071017027,0.10328059958810057,0.003688520672249561,0.021873401855145597,0.08174037364191504,0.04048831157895858,0.7265984895060712,0.10530202066881575,0.05548349808706717,0.007056863254912714,0.03009396676519397,0.03497685013898064
100610,LR,77,5,0.16859553754329681,0.2819852828979492,0.09796243160963058,0.09844867885112762,0.0664852187037468,0.10685574263334274,0.17966708540916443,0.12308167666196823,0.33699309825897217,0.07832466810941696,0.12012384086847305,0.07126174122095108,0.09503453969955444,0.17518042027950287,0.06966651211801726,0.4929267576167588,0.0694885943434823,0.17379599751957614,0.05485501281077645,0.015858263741142038,0.12340886185024702,0.0681080882754668,0.6054142822157706,0.03301763594721197,0.15713763558998597,0.04433422992493502,0.007693092903873383,0.08429503514275613
100610,LR,79,5,0.16620345413684845,0.28573742508888245,0.1028205081820488,0.09896915405988693,0.06392483413219452,0.10433226078748703,0.178012415766716,0.13762417435646057,0.3648410141468048,0.07467902451753616,0.11839801073074341,0.06942654401063919,0.07708557695150375,0.15794557332992554,0.06553699249679369,0.5514637626096982,0.027014686759132957,0.18742057212612603,0.0698957469802539,0.023026803207580313,0.0756414358204149,0.0392672133418203,0.6888742486382126,0.002696299934879543,0.18852387721749567,0.053902880598836314,0.018687718102727124,0.008047762166028352
100610,LR,81,5,0.16250701248645782,0.2879031002521515,0.10373280197381973,0.1009058952331543,0.0646359920501709,0.10219289362430573,0.17812228202819824,0.13691113889217377,0.373927503824234,0.08324087411165237,0.12024866789579391,0.058542218059301376,0.08085186034440994,0.14627774059772491,0.13093963552211552,0.5465262389633417,0.0667079001113051,0.14936332969241295,0.009138484591490954,0.011741814160637265,0.08558259695869647,0.09582600109549659,0.6738904279604689,0.05874422674609938,0.12853385139690107,0.0014896600926708771,0.009873354450867483,0.031642478257495624
100610,LR,83,5,0.16087761521339417,0.2882545590400696,0.10248647630214691,0.10313501209020615,0.06506548821926117,0.10417082160711288,0.17601004242897034,0.14150574803352356,0.35880500078201294,0.0825684443116188,0.12101710587739944,0.06384715437889099,0.08025121688842773,0.15200531482696533,0.21598573337199187,0.5055212192708516,0.08900501228394245,0.1024620300045282,0.038317209441447626,0.004478186691508457,0.04423060893572978,0.23179355496094362,0.5919529643185074,0.08448508148207065,0.05899778445097481,0.026908838430193104,0.00573490479905241,0.00012687155825781877
100610,LR,85,5,0.15300379693508148,0.2973553538322449,0.1023891419172287,0.10294229537248611,0.062347885221242905,0.10357885807752609,0.17838266491889954,0.13968773186206818,0.34350690245628357,0.08456027507781982,0.1142788678407669,0.07092396914958954,0.08636723458766937,0.1606750339269638,0.1533731358269164,0.45436351734786073,0.10951696669611646,0.046632686548913865,0.06821235215010425,0.04656432535828585,0.12133701607180244,0.16150135338082486,0.544225780833678,0.12309237378295411,0.007493735535004734,0.03314891655719756,0.04754685908738194,0.08299098082295867
100610,LR,87,4,0.14621590077877045,0.30019432306289673,0.10260312259197235,0.10220148414373398,0.059393323957920074,0.10442309081554413,0.1849687397480011,0.13570629060268402,0.32598641514778137,0.1070251390337944,0.11948207020759583,0.05672984942793846,0.0881289541721344,0.1669413149356842,0.4291052456820668,0.03299032479026416,0.1923448885798582,0.08015123784858633,0.04148531155578117,0.20223909249896277,0.02168389904448053,0.41939445882627363,0.005822532387577317,0.2110749283489087,0.10091446718867968,0.03709648259092425,0.20060149846333492,0.025095632194301387
100610,LR,89,4,0.14823885262012482,0.30267128348350525,0.1051625907421112,0.10012451559305191,0.05927671492099762,0.10560300201177597,0.17892304062843323,0.13704204559326172,0.33138513565063477,0.09846503287553787,0.11421675980091095,0.05650205910205841,0.09304424375295639,0.16934479773044586,0.4462651455299506,0.04974487496667578,0.0850465734051106,0.21269874507901979,0.018194369346608532,0.1459521626992182,0.04209812897341646,0.41469572700578394,0.06641977747519842,0.09404776753950887,0.231895628546872,0.021440857357574686,0.13747802254499192,0.0340222195300702
100610,LR,91,4,0.1499299257993698,0.2971753180027008,0.10666675120592117,0.1007448136806488,0.05728534236550331,0.10730542987585068,0.18089236319065094,0.138777494430542,0.32609668374061584,0.09899619966745377,0.10827971249818802,0.062483832240104675,0.09620659053325653,0.16915948688983917,0.5339866035917442,0.25350586285304205,0.04599575236899481,0.03630387616572143,0.027366580638188275,0.07258365947516801,0.03025766490714125,0.5176492728835849,0.25625849173464943,0.045925521605625824,0.03736772662198133,0.02120556675522024,0.08672065431861663,0.03487276608032179
100610,LR,93,4,0.15864744782447815,0.27031975984573364,0.11144249141216278,0.10474365204572678,0.06372237205505371,0.09944973886013031,0.19167450070381165,0.1409783512353897,0.3205936551094055,0.10287762433290482,0.10603435337543488,0.06143142282962799,0.0897381603717804,0.17834648489952087,0.35845770986131936,0.4811363055188544,0.061296196828501175,0.0017698430147192956,0.018159567499127432,0.03536135944839907,0.04381901782907928,0.3165344755783299,0.45817958459975316,0.053996785335101355,0.015742929638344005,0.02106518503469151,0.06138578533772592,0.07309525447605414
100610,LR,95,4,0.15503063797950745,0.2759535014629364,0.1100350096821785,0.10487252473831177,0.06421414017677307,0.10111770033836365,0.18877647817134857,0.155775785446167,0.3002335727214813,0.11175572872161865,0.11202564090490341,0.056384339928627014,0.09240349382162094,0.1714213639497757,0.2768493110419442,0.4605244227258276,0.14508137184165998,0.02064232996843829,0.03555290238300139,0.02740523261947334,0.03394442941965521,0.2587430941450629,0.4782440377060262,0.09837451260306901,0.008344476230657573,0.04242385149123794,0.04866128682287862,0.06520874100106784
100610,LR,97,4,0.15411080420017242,0.2847645878791809,0.09742478281259537,0.09930802136659622,0.0672459602355957,0.11036055535078049,0.18678539991378784,0.15800289809703827,0.3189166784286499,0.10434754192829132,0.10886750370264053,0.054013874381780624,0.08693822473287582,0.1689133197069168,0.1323985901785623,0.6096842020341087,0.1207066509565831,0.021339551755284084,0.03814668591394033,0.041061718417346266,0.03666260074417527,0.13372977590389326,0.5993992834480711,0.0681878590895547,0.023816393450229782,0.051652606585102116,0.059891105010140236,0.06332297651300865
100610,LR,99,4,0.1443997323513031,0.3006571829319,0.10057400912046432,0.10200655460357666,0.06100764125585556,0.10816376656293869,0.18319109082221985,0.15500859916210175,0.31659168004989624,0.09703560918569565,0.10346461832523346,0.05782372131943703,0.09457272291183472,0.17550304532051086,0.04609633026406211,0.6910403891584852,0.10649293484519563,0.016970636487271623,0.030298286441097135,0.014668985652880981,0.09443243715100727,0.04206884877834997,0.7027386733862142,0.0688521104562491,0.010064262203346984,0.02660125920295809,0.0023843806860356395,0.14729046528684597
100610,LR,101,4,0.15051893889904022,0.2951678931713104,0.11059138923883438,0.10005557537078857,0.05551181733608246,0.11033051460981369,0.17782385647296906,0.16624487936496735,0.32843464612960815,0.0996251180768013,0.10425101965665817,0.04717770963907242,0.0901355892419815,0.1641310453414917,0.053421049352645335,0.7756788696966048,0.03179324427676903,0.043351209900513665,0.03313149050503149,0.003690705800584444,0.058933430467851246,0.045415426334647596,0.7742045885473017,0.034401951515257795,0.031185045306149718,0.03546720396573134,0.0062155448134948435,0.07311023951741698
100610,LR,103,4,0.16119661927223206,0.29371917247772217,0.1078202947974205,0.1017041876912117,0.05019383504986763,0.10526078939437866,0.18010510504245758,0.17819944024085999,0.30846932530403137,0.10325540602207184,0.1000099927186966,0.047677017748355865,0.09483801573514938,0.1675506979227066,0.17122189926775502,0.6367494436157839,0.05121818171188755,0.0022264026318658883,0.03658750767635242,0.022696925769926397,0.07929963932642886,0.10816348603033483,0.6507135985392337,0.061855681590000156,0.02204727494219259,0.03260501119532607,0.019070443247481625,0.10554450445543115
100610,LR,105,4,0.15124157071113586,0.303981214761734,0.10218630731105804,0.09828619658946991,0.055969636887311935,0.11054758727550507,0.17778745293617249,0.17708249390125275,0.31111761927604675,0.10819198191165924,0.09766151010990143,0.046311408281326294,0.10088462382555008,0.15875034034252167,0.19385941248291552,0.5292502633752477,0.06107428614217567,0.09947941987763442,0.005932332109479452,0.016808620195392657,0.09359566581715456,0.15000594587801155,0.5295472712659929,0.07486517317782328,0.09834861460679055,0.0031165417550096173,0.007554755064042146,0.13656169825232983
100610,LR,107,1,0.16838739812374115,0.2751319110393524,0.10621972382068634,0.0983554944396019,0.0658516064286232,0.11295213550329208,0.17310166358947754,0.19177314639091492,0.2785838842391968,0.10950855910778046,0.08725275844335556,0.06944026052951813,0.10778229683637619,0.15565912425518036,0.13800505747526642,0.5708306464392713,0.07737284638622538,0.08962022850549096,0.04052441451900631,0.0037311769622257436,0.07991562971251386,0.12049291234669116,0.5810602561044498,0.0780710786742087,0.0912753700738512,0.0514197909299374,0.0037560622599409664,0.07392452961092065
100610,LR,109,1,0.17965567111968994,0.25663816928863525,0.10956308990716934,0.0992167666554451,0.059206731617450714,0.11332608014345169,0.182393416762352,0.16941209137439728,0.2885589897632599,0.10975175350904465,0.08943366259336472,0.06825973838567734,0.1114758551120758,0.16310787200927734,0.0004448058576235619,0.8983380533060716,0.01892218325469034,0.02234959680205671,0.018824220879832192,0.03500747035289527,0.00611366954683029,0.0025284793633930562,0.9107186048396516,0.019412220478603574,0.02672636493631397,0.013784513652571396,0.024367561968495828,0.002462254760970444
100610,LR,111,1,0.19022630155086517,0.23974581062793732,0.11400727182626724,0.09983467310667038,0.05865051969885826,0.11545450985431671,0.18208089470863342,0.17390377819538116,0.2802357077598572,0.10370449721813202,0.08954725414514542,0.0687764436006546,0.10272394120693207,0.18110841512680054,0.011287102207525716,0.9007399503761431,0.022461907038423094,0.020701633179107563,0.004363539908295924,0.03762089599967761,0.0028249712908270464,0.00814460626667171,0.9102620450944658,0.027633255439753528,0.026146170972881144,0.005218694029763856,0.022580524770663506,1.4703425800301562e-05
100610,LR,113,1,0.19032663106918335,0.23814822733402252,0.11430905014276505,0.10041535645723343,0.06211791932582855,0.11406857520341873,0.1806141883134842,0.174918532371521,0.28487610816955566,0.10262696444988251,0.08848974108695984,0.06860009580850601,0.10838386416435242,0.17210465669631958,0.00217667649090727,0.9567678288794425,0.014099739743070099,0.012056624679358573,0.008069620935943362,0.0013458817580381496,0.005483627513240042,0.0003048474612723062,0.9674566635591354,0.010871636732944,0.010655465628744283,0.006789226016304266,0.0009167231465661812,0.003005437455033497
100610,LR,115,1,0.1798723191022873,0.24829049408435822,0.112108513712883,0.10271504521369934,0.06382878124713898,0.11232438683509827,0.1808605194091797,0.16946643590927124,0.25910237431526184,0.1071154996752739,0.09187380969524384,0.07732751965522766,0.11752674728631973,0.177587628364563,0.022546031009027027,0.7396233652157733,0.06157130433516655,0.06004395926622895,0.028403170610123707,0.04413676118150001,0.04367540838218049,0.009724450314147776,0.8156620895057825,0.05011309520633865,0.05485403875898051,0.02934988157654607,0.02376791440191013,0.01652853023629424
100610,LR,117,1,0.17680463194847107,0.2486548274755478,0.1106799989938736,0.10139132291078568,0.06293226033449173,0.11680427193641663,0.18273261189460754,0.1670685112476349,0.26291337609291077,0.10867365449666977,0.09518248587846756,0.07366085797548294,0.11875331401824951,0.17374779284000397,0.011775900896483628,0.9538074679973775,0.007818950278492694,0.0058827622833053025,0.0055073328068172885,0.013895194099684706,0.001312391637838851,0.008090839490221402,0.9748776396914988,0.005885292778429221,0.0006135892216099993,0.0031968125089503583,0.007125718227343433,0.0002101080819467677
100610,LR,119,1,0.15064659714698792,0.2877885699272156,0.10465753078460693,0.10028963536024094,0.056481990963220596,0.11915764212608337,0.1809779703617096,0.1548032909631729,0.27136197686195374,0.11121369153261185,0.09221982955932617,0.0674368292093277,0.1392221748828888,0.16374222934246063,0.024537692866306565,0.8310098566745678,0.010153011751375542,0.00310191483005148,0.007406036005914244,0.09114792843187652,0.03264355943990781,0.022127608643377806,0.8458392598078966,0.013812927684384213,0.00920683942177141,0.007666303347772285,0.056873805099735206,0.04447325599506238
100610,LR,121,1,0.15985167026519775,0.28013911843299866,0.10640126466751099,0.10081329196691513,0.061399031430482864,0.11425308883190155,0.17714251577854156,0.16175590455532074,0.259479284286499,0.11092862486839294,0.08713017404079437,0.07705766707658768,0.12001987546682358,0.18362852931022644,0.04340420288780388,0.8164981221426384,0.07341074339447819,0.0026721204210189455,0.047531637030719054,0.015790263538999597,0.0006929105843419946,0.038519698617262225,0.8296513151297976,0.04618365289985936,0.0010576577614172726,0.05980015205932787,0.021777184308090437,0.0030103392242449454
100610,LR,123,1,0.15955433249473572,0.2675037086009979,0.10353487730026245,0.10358389467000961,0.06752920150756836,0.11410582065582275,0.18418821692466736,0.1701151430606842,0.27828866243362427,0.09248647093772888,0.0857740193605423,0.06376869976520538,0.10992667078971863,0.19964036345481873,0.1138613508448296,0.7153301728702472,0.03727931053122926,0.02798845913855422,0.04864301862230617,0.036241110818711904,0.020656577174121622,0.12317582068099217,0.6507401326898331,0.047655939044223224,0.031262746247399734,0.05241690520433798,0.05449620638843321,0.0402522497447807
100610,LR,125,1,0.17750544846057892,0.24905474483966827,0.11107532680034637,0.10181867331266403,0.05860993266105652,0.11388236284255981,0.1880534440279007,0.18596768379211426,0.27754348516464233,0.0961245447397232,0.08183907717466354,0.054999515414237976,0.101699098944664,0.20182658731937408,0.2365318911691601,0.6616171511509962,0.01839162124983447,0.010892290083925935,0.005066669083769261,0.0388924148145771,0.028607962447736966,0.23836351320105756,0.6446924990560646,0.00311235857961385,0.007955456803149593,0.006725953701523501,0.05361498477286405,0.045535233885726834
100610,LR,127,0,0.18136169016361237,0.2472253292798996,0.10999634861946106,0.09844450652599335,0.05961765721440315,0.11215187609195709,0.19120265543460846,0.20792631804943085,0.2350701540708542,0.10967402160167694,0.09362822771072388,0.055362269282341,0.09115083515644073,0.20718815922737122,0.06635930648512027,0.06581452643474398,0.3008451232696914,0.276434252211258,0.061284090243973036,0.06100477479401347,0.1682579265611999,0.041915871607967344,0.04182574893451709,0.3477129524409237,0.3116304140857511,0.02642692686752422,0.02161110416425542,0.20887698189906098
100610,LR,129,0,0.16603903472423553,0.26026633381843567,0.10794398933649063,0.10302611440420151,0.06480864435434341,0.10778965055942535,0.19012629985809326,0.20368432998657227,0.24063117802143097,0.11396472156047821,0.09964528679847717,0.054605185985565186,0.09181321412324905,0.1956561803817749,0.13176806384472117,0.10447411644459714,0.28792866427560265,0.2781228607983368,0.0026909503921002556,0.07513745151135114,0.11987789273329083,0.08670364823695255,0.11720905546856909,0.31618283605946385,0.28522216639149156,0.0035124442826782345,0.021911153974739833,0.16925869558610493
100610,LR,131,0,0.16815869510173798,0.2545710504055023,0.1113472506403923,0.10437560081481934,0.0652247741818428,0.107536680996418,0.18878597021102905,0.2002970427274704,0.2331715077161789,0.12095493078231812,0.1041950210928917,0.04876575246453285,0.09689817577600479,0.19571752846240997,0.06114169477690164,0.1831998589445481,0.28259463917096717,0.31272050176482735,0.02520170904340947,0.08257608954299218,0.052565506756354095,0.06219263361239213,0.2241266636392846,0.2597853419548673,0.2941066120609935,0.011848068169174785,0.04531318650626283,0.10262749405702486
100610,LR,133,0,0.16054245829582214,0.2619991898536682,0.10785511136054993,0.10370383411645889,0.066842220723629,0.1104188859462738,0.18863825500011444,0.19362303614616394,0.2415245920419693,0.11289093643426895,0.10302584618330002,0.060521360486745834,0.09321390837430954,0.1952003836631775,0.01694031112904696,0.30277620461199733,0.1839213399639341,0.24641914511815416,0.11280747761704052,0.09566045014170059,0.04147507141812632,0.0017930005232475745,0.33219430839580105,0.1601435860902624,0.25397909543673586,0.10199055910571476,0.07209142191169923,0.07780802853653895
100610,LR,135,0,0.16838043928146362,0.25706613063812256,0.10861635953187943,0.10227809101343155,0.06326106935739517,0.1096566841006279,0.19074119627475739,0.1887429803609848,0.2350085973739624,0.10380329936742783,0.09185285866260529,0.060593828558921814,0.10369308292865753,0.21630539000034332,0.17104045922329816,0.13766013046112235,0.1289718422472987,0.25859090997815,0.04872122363777671,0.2078569950340427,0.04715843941831139,0.15018337369492038,0.20578164811984442,0.13546549448918546,0.27331238520956896,0.025102640916167856,0.204125369546528,0.0060290880237849715
100610,LR,137,0,0.18049386143684387,0.25412899255752563,0.10736939311027527,0.10369127243757248,0.06439732760190964,0.10418011993169785,0.18573902547359467,0.18392443656921387,0.21826812624931335,0.10882741957902908,0.083631731569767,0.06534067541360855,0.11826447397470474,0.2217431366443634,0.05358857879529902,0.04347361565543674,0.2165587096111906,0.11631028490311122,0.1655090392393586,0.23055095838415224,0.17400881341145158,0.008469576044709989,0.023030299883841806,0.2712461302693887,0.08895546794125468,0.22312767816837567,0.284840498043676,0.10033034964875302
100610,LR,139,0,0.18890738487243652,0.2541522681713104,0.11199852079153061,0.09337291121482849,0.05986201390624046,0.11111971735954285,0.18058724701404572,0.1972695142030716,0.21389274299144745,0.11228247731924057,0.09516332298517227,0.05734479799866676,0.12303555011749268,0.20101167261600494,0.0864106222219095,0.07445536239677747,0.19598258913813382,0.20108688637868247,0.09491448447746266,0.21957841324955008,0.127571642137484,0.09067900368476499,0.11058530018802645,0.20205763133063995,0.20884132933317348,0.05223882308877521,0.2587209701427517,0.07687694223186822
100610,LR,141,0,0.19829563796520233,0.25021451711654663,0.11446195840835571,0.0949353575706482,0.057868313044309616,0.10672652721405029,0.17749769985675812,0.19220970571041107,0.21871332824230194,0.11488555371761322,0.09766053408384323,0.05059576779603958,0.12467791885137558,0.20125724375247955,0.13247983502601754,0.19840071769426113,0.1776368103059889,0.2582699061577228,0.007717427373317596,0.20736772405154238,0.01812757939114965,0.13795380460431653,0.2381548941868559,0.13154495947366177,0.24719170798170764,0.02382151028058657,0.16283092686369008,0.05850219660918167
100610,LR,143,0,0.1947990208864212,0.2476998120546341,0.11707773059606552,0.09566658735275269,0.057264603674411774,0.10649782419204712,0.1809944063425064,0.18816699087619781,0.22412462532520294,0.1210133358836174,0.10338381677865982,0.04985152930021286,0.11446305364370346,0.1989966481924057,0.07349188010174512,0.12250402652963097,0.28895145730673866,0.3254562952265529,0.042400633221614366,0.0936494729902369,0.053546234623481063,0.0290785765417007,0.17910271978407583,0.286663461194217,0.3454636273637164,0.043765963985127755,0.05479646289697875,0.06112918823418361
100610,LR,145,0,0.19523251056671143,0.23232980072498322,0.11459828913211823,0.10327750444412231,0.05922252684831619,0.10767391324043274,0.1876654028892517,0.17376883327960968,0.2243242710828781,0.11098963767290115,0.10199294984340668,0.05073913559317589,0.11998603492975235,0.21819916367530823,0.18632788872802677,0.013747718292089523,0.3260392170508522,0.3495222073405528,0.002240661675112915,0.08801255643544013,0.03410975047792566,0.22362684458581053,0.019870290252342396,0.2970151539281194,0.3312134895047695,0.010612957079390486,0.10250400129210913,0.015157263357458492
100610,LR,147,5,0.15148885548114777,0.29096880555152893,0.10001509636640549,0.09861120581626892,0.06393417716026306,0.10982035100460052,0.1851615607738495,0.14637216925621033,0.2550192177295685,0.09049197286367416,0.09173372387886047,0.06436740607023239,0.12646619975566864,0.22554931044578552,0.1821518013819334,0.16632119496148073,0.12402137878755778,0.08473694403773555,0.05745000907201205,0.12609338363450218,0.2592252881247783,0.1610837720914318,0.17343500770796627,0.0655700000096504,0.13522485153330613,0.07995110265451673,0.14155977089930957,0.2431754951038191
100610,LR,149,5,0.14791437983512878,0.2943699061870575,0.09917788207530975,0.09886869788169861,0.06300140172243118,0.11235664784908295,0.1843111366033554,0.14200186729431152,0.28831911087036133,0.08509569615125656,0.08849359303712845,0.07446373254060745,0.11770299822092056,0.2039230614900589,0.10883141259113331,0.2786229488641144,0.03678691794097355,0.07502360226638974,0.15785432644183153,0.08029857956499103,0.2625822123305665,0.08432320034817883,0.33365288693506767,0.022778831231685993,0.08754987395836948,0.18449493465346947,0.09361443921348668,0.1935858336597418
100610,LR,151,5,0.15666335821151733,0.29618534445762634,0.09424810856580734,0.10263478010892868,0.06518778204917908,0.11023570597171783,0.17484495043754578,0.15200501680374146,0.29201751947402954,0.0857137143611908,0.09579972922801971,0.0777110904455185,0.10788225382566452,0.18887074291706085,0.007374358486853971,0.423865509724443,0.026309718428600228,0.07046907883326742,0.16337328816071786,0.047419506719891605,0.2611885396462259,0.03703868799585554,0.43726876574941853,0.012513346989042275,0.07405149215115533,0.17165818126768398,0.047640550779904874,0.21982897506693955
100610,LR,153,5,0.14747567474842072,0.2969028949737549,0.09827335923910141,0.1041756272315979,0.06552112102508545,0.11234474927186966,0.17530657351016998,0.14644667506217957,0.29703715443611145,0.08780553191900253,0.0980265662074089,0.0819367915391922,0.10461466759443283,0.18413259088993073,0.13939731763625407,0.36758801144324843,0.042005452462978356,0.11311259039791169,0.09632655583117274,0.06140267302088177,0.18016739920755295,0.165734688659882,0.4230419721837837,0.039916311505692186,0.08606673996175047,0.08235620384079907,0.05587591679313874,0.1470081670549538
100610,LR,155,5,0.15494194626808167,0.2899823784828186,0.09771988540887833,0.10432004928588867,0.06665893644094467,0.1056307926774025,0.1807459145784378,0.14295867085456848,0.2899809777736664,0.08175487816333771,0.09736932814121246,0.08198454976081848,0.10372041910886765,0.20223121345043182,0.019866273904462477,0.42446363846567564,0.09767592385353548,0.08582569502144481,0.11786587161923547,0.09486302012767231,0.15943957700797382,0.09588635460899966,0.4725249993986665,0.06800955576961142,0.038911411212401485,0.10181631887963236,0.09784471252700558,0.12500664760368302
100610,LR,157,5,0.16047734022140503,0.2767358720302582,0.0997542142868042,0.10596437007188797,0.06638108193874359,0.10616065561771393,0.1845264434814453,0.14872588217258453,0.2781108319759369,0.09752766788005829,0.10461687296628952,0.07678434252738953,0.1084001287817955,0.18583419919013977,0.07966409317129368,0.4679534320742582,0.15574483281221124,0.03899787547926288,0.031090419678224488,0.06107128176208632,0.16547806502266316,0.13747788843596823,0.524342641699342,0.10618784644244907,0.008787744820973966,0.025723547188586528,0.05368942246266373,0.14379090895001637
100610,LR,159,5,0.15564198791980743,0.28438079357147217,0.09700433909893036,0.10692518204450607,0.06768110394477844,0.10745330899953842,0.1809133142232895,0.14700916409492493,0.26561835408210754,0.09521549195051193,0.11330565065145493,0.07943812757730484,0.11290856450796127,0.18650466203689575,0.032245364026006244,0.6183613800673929,0.1449747372753199,0.05761364938284367,0.052458553885098,0.023619882311901274,0.07072643305143796,0.018828618138320628,0.8042033624948127,0.12182667025934917,0.01645661408239985,0.022121044439651297,0.01437687877686149,0.0021868118086049437
100610,LR,161,5,0.15757258236408234,0.2839479446411133,0.09858037531375885,0.1022682934999466,0.06519792228937149,0.10728142410516739,0.18515156209468842,0.14959068596363068,0.2542555034160614,0.09706474095582962,0.11303819715976715,0.07662242650985718,0.11175563186407089,0.19767281413078308,0.10958618811484273,0.3586899094225505,0.18060066772805178,0.0371470656444573,0.12465747608256823,0.05347518193255741,0.13584351107497203,0.1155406788334637,0.44789326250360406,0.13465311279546127,0.031588255985870846,0.12660046566014108,0.054248389688181395,0.08947583453327758
100610,LR,163,5,0.15234269201755524,0.2913258671760559,0.09767454862594604,0.1068548634648323,0.06588883697986603,0.1040712296962738,0.18184196949005127,0.14363665878772736,0.26237502694129944,0.09008120000362396,0.10876307636499405,0.07859496027231216,0.11398397386074066,0.20256510376930237,0.014694395855029548,0.47686976674412335,0.05111717186993195,0.031335469987358214,0.049810099571552385,0.16682980122446292,0.20934329474754165,0.045252940257803,0.4760147506164014,0.027017470014778933,0.1106030430837602,0.01917271525465014,0.15312155788446655,0.16881752288813967
100610,LR,165,5,0.14717338979244232,0.29612159729003906,0.09398293495178223,0.10448236763477325,0.06711879372596741,0.10504184663295746,0.1860790103673935,0.15569022297859192,0.2690255045890808,0.08571701496839523,0.1034846305847168,0.0799102634191513,0.1101788803935051,0.19599346816539764,0.05385657532603322,0.3103560787134211,0.06263497905895794,0.057663610917532145,0.02764663921437228,0.2329763458586174,0.2548657709110659,0.10044398182150924,0.33082473761955616,0.04141455196691795,0.12141957049283757,0.0662166680670918,0.1578505455634488,0.1818299444686384
100610,LR,167,5,0.15137861669063568,0.286687433719635,0.10326394438743591,0.10600914061069489,0.06651310622692108,0.10212442278862,0.1840233951807022,0.1584300845861435,0.2804998755455017,0.08577284216880798,0.10011374950408936,0.08075713366270065,0.10124172270298004,0.19318459928035736,0.0062897800880328605,0.019191580165018186,0.08353249354359582,0.4015557068951439,0.033264454450119545,0.04940205818845178,0.4067639266696379,0.0919769035521492,0.06517220330051611,0.10228578846679187,0.4059898116821433,0.01872538800554132,0.04532796092285258,0.2705219440700057
100610,LR,169,3,0.1478591114282608,0.2861172556877136,0.12296602129936218,0.09638582915067673,0.06002727895975113,0.09933046996593475,0.18731406331062317,0.14302290976047516,0.2836926579475403,0.10316906869411469,0.08951164036989212,0.06431453675031662,0.11788333207368851,0.19840586185455322,0.051818441163203166,0.685282349268861,0.0428954697194831,0.08416495684652538,0.04504227948349472,0.07065201743887364,0.02014448607955901,0.05098282207249749,0.5926331101682969,0.05435291558194292,0.11904727110522288,0.06087263438657003,0.094304383000642,0.02780686368482785
100610,LR,171,3,0.15110774338245392,0.28594663739204407,0.11986806988716125,0.09512686729431152,0.06439284235239029,0.09997658431529999,0.18358126282691956,0.1461232602596283,0.29945653676986694,0.10404743999242783,0.08006691932678223,0.06012667343020439,0.11554643511772156,0.19463275372982025,0.0014256694023601617,0.8016686848986662,0.0019748295470333015,0.05496066758664102,0.02922696419452014,0.07721108122037747,0.03353210315040169,0.012959227714129716,0.686538285678035,0.016702374167670148,0.09465989630497378,0.049608654600410605,0.0885711465094786,0.05096041502530223
100610,LR,173,3,0.14635203778743744,0.2997152507305145,0.1146966814994812,0.09148339927196503,0.06694910675287247,0.09962305426597595,0.1811804622411728,0.14254820346832275,0.30037611722946167,0.10602293163537979,0.0764312595129013,0.05537797883152962,0.11907875537872314,0.200164794921875,0.013034644437677533,0.7249989781346476,0.037979655515950755,0.04225537068017617,0.04466534369410025,0.09448972095298562,0.042576286584462004,0.001962445600573263,0.6200457924309748,0.06465271415465731,0.07166904944078888,0.0699681040007952,0.10419358134892674,0.06750831302328376
100610,LR,175,3,0.14666983485221863,0.3138059973716736,0.10473871231079102,0.0941905751824379,0.06486861407756805,0.09999482333660126,0.17573152482509613,0.1429401934146881,0.3204905390739441,0.10336445271968842,0.07759500294923782,0.060124050825834274,0.11428236216306686,0.1812034547328949,0.029608629174113534,0.671102285619852,0.008728369191696578,0.017961416004639245,0.09186206831258152,0.13857900490853445,0.04215822678858272,0.02849524632284345,0.5805257618674655,0.006530270777880383,0.02756499295698758,0.12848201721190025,0.16388854900488206,0.06451316185804071
100610,LR,177,3,0.16575509309768677,0.2506473660469055,0.12385185807943344,0.10361592471599579,0.06110173836350441,0.10097034275531769,0.19405780732631683,0.13834525644779205,0.3146495223045349,0.11396325379610062,0.08208712935447693,0.05664656683802605,0.11172603815793991,0.1825823038816452,0.08203675601578445,0.6304339053917556,0.0416034169170045,0.013690541904876107,0.07129649296826282,0.06795947752633935,0.09297940927597721,0.09484960714765381,0.5354165761490082,0.05936964839274278,0.013598520676228657,0.09722931850857118,0.0911853195829007,0.10835100954289469
100610,LR,179,3,0.1724771410226822,0.2463187426328659,0.12393482029438019,0.10523274540901184,0.05947132036089897,0.10131516307592392,0.19125011563301086,0.13543866574764252,0.31914836168289185,0.11457491666078568,0.08539272099733353,0.053164198994636536,0.10944768041372299,0.1828334629535675,0.0007443076414560445,0.8429194098986019,0.031551703136690014,0.009066208634756615,0.01448255178470195,0.039958906027647935,0.06127691287614548,0.002452921785905391,0.7817169472016056,0.04384365247318037,0.01149898593004399,0.030330945017457856,0.05089408642294168,0.07926246116886522
100610,LR,181,3,0.1663089543581009,0.2510262727737427,0.12221939861774445,0.10518337786197662,0.05687463656067848,0.10507435351610184,0.19331300258636475,0.13138702511787415,0.3284684717655182,0.10932505875825882,0.08446458727121353,0.05210389569401741,0.11251811683177948,0.1817328929901123,0.005562894089483964,0.941123951856236,0.005350296103288769,0.01160445159036529,0.005950794752280239,0.011265042620669885,0.0191425689876759,0.006325287723074228,0.9232699741538051,0.010092078039747304,0.015117411944955172,0.008328509786094316,0.011995479966259204,0.024871258386064698
100610,LR,183,3,0.14657439291477203,0.30442798137664795,0.11012427508831024,0.09357473999261856,0.06040172651410103,0.10353124886751175,0.18136562407016754,0.12189403921365738,0.348577082157135,0.0948217436671257,0.08684618771076202,0.05336353927850723,0.10757603496313095,0.18692131340503693,0.010179721562929627,0.9371250905207505,0.0037563170468828105,0.021296657460017413,0.008087713163941981,0.016387955575273536,0.0031665446702040445,0.01690321480247498,0.9199114849461236,0.0027372420332658714,0.02529252256257916,0.01268673995951625,0.018879901840250606,0.0035888938557894568
100610,LR,185,3,0.15450887382030487,0.2995092570781708,0.11734121292829514,0.09237402677536011,0.05878744274377823,0.10252787917852402,0.17495125532150269,0.13083401322364807,0.3516664206981659,0.09920699149370193,0.08128312975168228,0.05089619755744934,0.10765478014945984,0.17845851182937622,0.005657472491970872,0.9711562222885741,0.0009008252266505665,0.014513199308779059,0.00011437455443230112,0.006677268226461015,0.0009806379031320844,0.007876301271445051,0.9603338333812905,0.004450379145142057,0.015450486109786575,0.0013372406578046352,0.009276946298713755,0.0012748131358174591
100610,LR,187,3,0.1528727114200592,0.2954552173614502,0.11833132803440094,0.09611687064170837,0.053314197808504105,0.10638239979743958,0.17752720415592194,0.1472272425889969,0.34871959686279297,0.11139845103025436,0.08079794049263,0.04427846148610115,0.10270828753709793,0.1648699939250946,0.07837328496408585,0.6727075327416739,0.00877183977953773,0.18580930105541418,0.02732430454560734,0.02266432096311857,0.004349415950562357,0.11629059601433712,0.6175727590120068,0.014001390420281814,0.18097500868355548,0.035598185622093936,0.02959508508780042,0.005966975159924339
100610,LR,189,2,0.16615958511829376,0.25543296337127686,0.11320614069700241,0.10015007108449936,0.055649008601903915,0.12143930047750473,0.18796299397945404,0.14810346066951752,0.34701716899871826,0.11275840550661087,0.07964812219142914,0.05102520436048508,0.09426914155483246,0.16717840731143951,0.011046160055650912,0.9434450553414224,0.016810660681955303,0.0074285038047881904,0.00032335454039477513,9.159716126492134e-05,0.02085466841452351,0.014021991114702141,0.9345081784928037,0.0194894129776325,0.011227316828374342,0.00037831656118983024,0.00088034996398775,0.01949443406130972
100610,LR,191,2,0.1654086858034134,0.25332361459732056,0.10990530997514725,0.10091674327850342,0.057469215244054794,0.12345251441001892,0.18952399492263794,0.13372835516929626,0.37131834030151367,0.11095898598432541,0.07971426844596863,0.05310864374041557,0.09163805842399597,0.15953335165977478,0.0008560913937866584,0.8874331320209274,0.037321980269361614,0.018500018117937302,0.004748473941254673,0.022669205502858055,0.02847109875387427,0.0030128718505700743,0.8442364066201374,0.0457552805734561,0.027083520702139395,0.011870112020421538,0.03344286624181082,0.03459894199146456
100610,LR,193,2,0.1557622253894806,0.264934241771698,0.10512898117303848,0.09776659309864044,0.06637663394212723,0.11979634314775467,0.19023491442203522,0.1272188425064087,0.37824514508247375,0.10453753173351288,0.08231384307146072,0.0535736083984375,0.09531990438699722,0.15879110991954803,0.00393437334996179,0.9618316463538418,0.013392172328854753,0.002452550302467713,4.091352884691206e-06,0.008276537397448453,0.0101086289145408,0.00559589399029186,0.9504912273835349,0.014882641199048832,0.003470010072197116,0.0015680212500513706,0.011816817290179785,0.012175388814696299
100610,LR,195,2,0.1878117024898529,0.23051230609416962,0.11989541351795197,0.10483716428279877,0.059045884758234024,0.1104227602481842,0.18747474253177643,0.13443297147750854,0.3543824851512909,0.10824612528085709,0.07944493740797043,0.058838024735450745,0.09683197736740112,0.16782352328300476,0.0028856988475023607,0.9819682689564894,0.005712658729858581,0.001977730667970583,0.003117313905497813,0.0023814469946369303,0.001956881898044373,0.005785834163500659,0.9735839460563351,0.007549558369663446,0.002197824272047048,0.0038704499484501684,0.00403368786767506,0.002978699322328476
100610,LR,197,2,0.19011792540550232,0.22741837799549103,0.11963531374931335,0.10337086021900177,0.05795137584209442,0.11372341215610504,0.18778271973133087,0.13465753197669983,0.3289017379283905,0.11641284078359604,0.09097892791032791,0.05426469445228577,0.10141909867525101,0.17336510121822357,0.0011653905308913377,0.9762623965065208,0.009268183674283814,0.001110063169835432,0.005643167350644816,0.0030834408857730805,0.0034673578820507284,0.003076889469138082,0.9708584244704411,0.009455926038878721,0.0003438497999826101,0.005320001777098899,0.0051429719917382545,0.005801936452722385
100610,LR,199,2,0.18730270862579346,0.22705914080142975,0.11936194449663162,0.10403821617364883,0.05874411761760712,0.11339762806892395,0.19009628891944885,0.14255648851394653,0.31661200523376465,0.12002520263195038,0.09821968525648117,0.05278421938419342,0.10535439103841782,0.16444794833660126,0.01055789575753375,0.9599455314461663,0.008651053480533341,0.0011417693868576875,0.006171870817230892,0.005511203281434846,0.008020675830243145,0.01710155121107916,0.9431865285602514,0.01196533228399371,0.00037098458758216607,0.007371601077459193,0.008598394276377364,0.011405608003257026
100610,LR,201,2,0.1856260597705841,0.22781524062156677,0.11788466572761536,0.10343201458454132,0.058738455176353455,0.11573655903339386,0.19076701998710632,0.1488499790430069,0.2943572402000427,0.12217111140489578,0.09687016159296036,0.05254337564110756,0.10831819474697113,0.17689000070095062,0.014510713667615308,0.9595425631822747,0.00830896029889044,0.00022190406305009591,0.007968690301152905,0.0029431180170365807,0.006504050469979986,0.019643425270906126,0.9447445618220601,0.011441475227692639,0.0022711978039744083,0.00985733211500525,0.0029160951397678714,0.009125912620593538
100610,LR,203,2,0.18509292602539062,0.2256743311882019,0.12059059739112854,0.10542862117290497,0.05855807662010193,0.1159195601940155,0.18873585760593414,0.15129710733890533,0.288176029920578,0.12346722185611725,0.10392531752586365,0.05340699478983879,0.10316499322652817,0.1765623241662979,0.036211834034732174,0.9324139337769585,0.009413917146272622,0.007903661085452627,0.003174852705732459,0.003955732725891091,0.006926068524960607,0.02660414429106461,0.9365293667617386,0.00994994292524879,0.011034408264166951,0.004838381205988209,0.001079815026134071,0.009963941525658732
100610,LR,205,2,0.1897723227739334,0.2182644009590149,0.12188459932804108,0.10487045347690582,0.056887321174144745,0.11755523830652237,0.1907656490802765,0.1485203057527542,0.3023116886615753,0.1290910392999649,0.09426746517419815,0.05238603800535202,0.10315030813217163,0.17027324438095093,0.05808615989329856,0.8401647733925123,0.04705648518798289,0.011822304126160595,0.022466292396070182,0.01574729058244332,0.004656694421532185,0.08081983131549271,0.7926196825979297,0.059099267612931605,0.010829838529748854,0.029597786319841866,0.018560921635413785,0.008472671988641461
100610,LR,207,2,0.1936168372631073,0.21902617812156677,0.12321379780769348,0.10408994555473328,0.056782327592372894,0.11644984781742096,0.18682114779949188,0.14667214453220367,0.33769240975379944,0.11626887321472168,0.08691948652267456,0.05150749906897545,0.0913030356168747,0.16963666677474976,0.018442713354315673,0.9599044906793064,0.0005954066534784844,0.005430190122735927,0.0021526857967068633,0.005247951929225367,0.00822656146423125,0.017736189781557596,0.960356025113564,0.00018918413460394616,0.0031583189225815557,0.0031420634728076655,0.004493331340766565,0.010924887234118634
100610,LR,209,2,0.18869219720363617,0.228431835770607,0.12116307765245438,0.10351432114839554,0.056853655725717545,0.11523106694221497,0.1861138641834259,0.16298119723796844,0.35213255882263184,0.10815371572971344,0.08223100751638412,0.05206185579299927,0.0867217481136322,0.1557178646326065,0.032298215184144385,0.9161238289592413,0.01377866221449316,0.0062539282338116235,0.0022395658121439647,0.023065645322590665,0.006240154273574944,0.020579781940196447,0.9246241327072003,0.01725173932127492,0.0005018088648452103,0.003362552161736337,0.022437221769100617,0.011242763235646075
100610,LR,211,0,0.17514444887638092,0.23663552105426788,0.1139673963189125,0.10618609189987183,0.059027254581451416,0.11946600675582886,0.1895732581615448,0.21669171750545502,0.25834929943084717,0.1107303649187088,0.08898894488811493,0.05274253338575363,0.10444023460149765,0.168056920170784,0.08900174507476169,0.1966539691125953,0.23273632578633802,0.17508768337110736,0.031915753627766205,0.2066774837977768,0.06792703922965462,0.0990009093376072,0.3306452551925238,0.2251891746172532,0.12444687431750855,0.007593797461504177,0.16697332356749695,0.04615066550610615
100610,LR,213,0,0.1693672388792038,0.25105398893356323,0.11148374527692795,0.10698342323303223,0.059974052011966705,0.11256837844848633,0.18856927752494812,0.20377884805202484,0.24387918412685394,0.12723468244075775,0.11395137012004852,0.048241205513477325,0.0996415764093399,0.16327309608459473,0.019100120323500575,0.04525881536926455,0.2540546654674053,0.2690168350317429,0.02750874824285613,0.23989333999847157,0.14516747556675896,0.11603225103785,0.023717498653275732,0.24089122500251173,0.2735812366671429,0.061071893050976295,0.1825663084483086,0.10213958713993464
100610,LR,215,0,0.15440601110458374,0.2713398039340973,0.10126666724681854,0.1040286272764206,0.06827040761709213,0.11479013413190842,0.1858983337879181,0.19967220723628998,0.2261042594909668,0.142608180642128,0.1289621889591217,0.04578157141804695,0.09495794028043747,0.16191361844539642,0.03566492202126097,0.2039366855972482,0.22415048404436233,0.22589423945360232,0.08490918985911898,0.20076164677836084,0.02468283224604637,0.05521843961254088,0.1891381034652616,0.22937567333705108,0.2244750440291093,0.07654169846625454,0.17884609174248575,0.04640494934729683
100610,LR,217,0,0.15663783252239227,0.26512056589126587,0.10529924929141998,0.10406775027513504,0.07094169408082962,0.11181151121854782,0.18612146377563477,0.2118159532546997,0.22671888768672943,0.13796018064022064,0.1256241351366043,0.042550504207611084,0.09035604447126389,0.16497430205345154,0.14905251857127566,0.18775171808606708,0.1923967357330458,0.19220338027800804,0.04666538798272362,0.14808311658796838,0.08384714276091144,0.13224354734551064,0.18523605380685768,0.20720284554846696,0.1969834248384941,0.05742833457017769,0.11522718697511042,0.1056786069153825
100610,LR,219,0,0.16603189706802368,0.25658276677131653,0.106477752327919,0.10795483738183975,0.06799090653657913,0.11193972080945969,0.18302211165428162,0.2304917275905609,0.2248178869485855,0.12772028148174286,0.12010873854160309,0.04434271901845932,0.09372454881668091,0.1587941199541092,0.14745154909536204,0.18657878223687605,0.19006681432253608,0.20607332199425427,0.018629032404825684,0.17807891334409492,0.07312158660205094,0.12822137502175052,0.18591502801988585,0.1982609176709148,0.2120964437976663,0.028714424824371972,0.1543474720459602,0.09244433861945035
100610,LR,221,0,0.17984020709991455,0.23808467388153076,0.11581315100193024,0.10395228117704391,0.05945247784256935,0.11713095754384995,0.18572629988193512,0.22583329677581787,0.22406210005283356,0.11991684883832932,0.11553195863962173,0.04517439752817154,0.10523896664381027,0.1642424613237381,0.08384223141957212,0.14538012407601655,0.13838657788120048,0.2737468371695915,0.027453891892077503,0.31990407283128264,0.011286264730259258,0.13353334655418786,0.1509517025615451,0.13736760484244182,0.25007004060420096,0.004688782353158122,0.3059278936852966,0.017460629399169484
100610,LR,223,0,0.18493737280368805,0.23527248203754425,0.11533509194850922,0.10277362912893295,0.06274350732564926,0.11706598848104477,0.18187189102172852,0.20161797106266022,0.23797087371349335,0.11578886210918427,0.11607781052589417,0.04963051900267601,0.10811533778905869,0.17079859972000122,0.019110111989154473,0.24221264363115044,0.06324210471378082,0.06710737141362753,0.03862758262337328,0.3596685400401601,0.2100316455887534,0.011521071592395985,0.28756306307582774,0.07225970797942438,0.03526482703620352,0.02031452217258652,0.39560109282573475,0.17747571531782705
100610,LR,225,0,0.18619894981384277,0.24116633832454681,0.11442679166793823,0.10060343891382217,0.0608048178255558,0.11112559586763382,0.18567417562007904,0.19859513640403748,0.2433302253484726,0.10787830501794815,0.11163409054279327,0.0500650480389595,0.12096633017063141,0.1675308495759964,0.12068815027801193,0.05748673986722999,0.11439280652640434,0.09144834921544141,0.15360713729563902,0.32093450708297266,0.14144230973430064,0.13701596427881413,0.09017817320114202,0.1495176343497295,0.030990130288579807,0.11535768513964216,0.36949229492671914,0.1074481178153733
100610,LR,227,0,0.187947079539299,0.23311804234981537,0.11763455718755722,0.10274901241064072,0.056703630834817886,0.11120442301034927,0.1906432956457138,0.18520517647266388,0.2430827021598816,0.11541347950696945,0.11452177166938782,0.04951123893260956,0.11404655128717422,0.17821907997131348,0.24167429188769632,0.07721329534769666,0.09001311557973002,0.08905397781104947,0.07331333812998815,0.3428469317717518,0.08588504947208758,0.2961032120344612,0.07173487266580712,0.08852621168761601,0.05611723495924181,0.03325672730867058,0.37390547037765887,0.08035627096654441
100610,LR,229,1,0.18577270209789276,0.23831704258918762,0.1116584837436676,0.10343866795301437,0.05948479473590851,0.11694816499948502,0.1843802034854889,0.18673162162303925,0.26071247458457947,0.10512879490852356,0.10786202549934387,0.06146983802318573,0.11438006907701492,0.1637151539325714,0.2931517954702883,0.4163558397838738,0.017778481119797226,0.061200115287855135,0.10836652152043277,0.09258091164378666,0.010566335173966115,0.30441554709603447,0.3745305200731507,0.005396171484561657,0.06777221567963174,0.11341302637822741,0.10559517732642418,0.02887734196196982
100610,LR,231,1,0.1771729588508606,0.24342291057109833,0.11510074883699417,0.10392539948225021,0.06155635789036751,0.1135578602552414,0.1852637231349945,0.18053418397903442,0.2760854661464691,0.11279477924108505,0.08820568025112152,0.06371849775314331,0.12397263944149017,0.154688760638237,0.09934713192102729,0.7380066421120114,0.04831797064734898,0.00988962626498103,0.02861836629396747,0.050749630516883484,0.02507063224378045,0.11271379390142587,0.6859660550941058,0.06049394400615094,0.015251949241554234,0.034827733178041526,0.06788703949429825,0.022859485084423484
100610,LR,233,1,0.1757088303565979,0.2555476725101471,0.11164374649524689,0.10110858082771301,0.06024686619639397,0.10937177389860153,0.18637259304523468,0.18534141778945923,0.24818886816501617,0.11833668500185013,0.08851853013038635,0.06363758444786072,0.13122786581516266,0.16474907100200653,0.21450834860975632,0.5238913903628855,0.06223817633208708,0.01484762193500894,0.03750654041277307,0.0737772657328717,0.07323065661461743,0.22097396319603171,0.4600531461821848,0.08189576591123278,0.02172229347249192,0.049764116219766286,0.09527115700882653,0.07031955800946578
100610,LR,235,1,0.16621914505958557,0.2579716145992279,0.10817636549472809,0.10163678973913193,0.06479442864656448,0.11149407923221588,0.18970754742622375,0.1723770946264267,0.25563305616378784,0.11481176316738129,0.09080299735069275,0.06024250015616417,0.1373395323753357,0.16879303753376007,0.13181004458652137,0.5962001720924799,0.0953528328717418,0.06433747801670106,0.0037608164114462305,0.041579473260402545,0.06695918276070709,0.13741752049446493,0.5501377666883575,0.11323313724320978,0.063177790636729,0.005767070550370492,0.04293612938784668,0.08733058499902152
100610,LR,237,1,0.18552041053771973,0.23385541141033173,0.11546424776315689,0.10200841724872589,0.059922315180301666,0.11511345207691193,0.18811574578285217,0.18142347037792206,0.23060034215450287,0.11747562140226364,0.0874645859003067,0.06271569430828094,0.13839446008205414,0.18192589282989502,0.32937063286827883,0.34782048972230944,0.044128725892211035,0.1366131357951554,0.01243280898331599,0.0683111560825024,0.06132305065622685,0.3334863989033539,0.33559300769039135,0.06361563798515836,0.08645603904937178,0.011731893554593332,0.08267980693583557,0.08643721588129585
100610,LR,239,1,0.1682167649269104,0.2633344829082489,0.1085350289940834,0.09951140731573105,0.05991370975971222,0.11560891568660736,0.18487976491451263,0.1703566014766693,0.2345363348722458,0.1188274398446083,0.08729872107505798,0.05838363245129585,0.1457671970129013,0.18483012914657593,0.25871894182050476,0.3032956059973518,0.0752335668300825,0.16439237293137524,0.02912895553749714,0.06879109763591812,0.10043945924727048,0.26104484796726113,0.28554269529418386,0.0952078909095644,0.12585802358206996,0.037257178359905725,0.08245381246255552,0.11263555142445934
100610,LR,241,1,0.17362937331199646,0.24888037145137787,0.11185722798109055,0.10378681868314743,0.060559824109077454,0.1108396127820015,0.19044676423072815,0.17235788702964783,0.2333093285560608,0.12026047706604004,0.09559768438339233,0.05751669406890869,0.13454553484916687,0.18641236424446106,0.2741432197505618,0.3758288925616623,0.08453506656290305,0.11534821510495616,0.011936702229679859,0.0447107876037489,0.093497116186488,0.26512480150837014,0.3698314430799894,0.10122306575138917,0.07738027943424361,0.012227697939245356,0.045778184635953685,0.12843452765080854
100610,LR,243,1,0.16359905898571014,0.26560094952583313,0.10649944096803665,0.10355319082736969,0.062059734016656876,0.11347105354070663,0.18521656095981598,0.16496136784553528,0.2503975033760071,0.11708991974592209,0.10024996101856232,0.06472516804933548,0.1339457631111145,0.16863034665584564,0.1403836531644856,0.6390427120553371,0.049028017627702626,0.05065170506392362,0.03260313662601325,0.021173774012653822,0.06711700144988395,0.15484291286827534,0.6184816141443152,0.06135899380285048,0.03872871324325849,0.02993865676887163,0.015883345451556518,0.08076576372087231
100610,LR,245,1,0.16741882264614105,0.2616915702819824,0.1031748577952385,0.10127218067646027,0.06319209188222885,0.11656486243009567,0.18668559193611145,0.1526111364364624,0.2468772530555725,0.1156267449259758,0.11541741341352463,0.07172278314828873,0.13636557757854462,0.16137905418872833,0.12631334132010377,0.7313101855287942,0.06140568251095595,0.002529936463885497,0.0012036754820871143,0.022738776567151748,0.05449840212702164,0.11911125650858735,0.7139711685810217,0.06676191362268862,0.001208655207571749,0.014291354691475674,0.01776188290346892,0.06689376848518575
100610,LR,247,1,0.15264037251472473,0.280518501996994,0.09519705921411514,0.10368309170007706,0.06844259053468704,0.11083056032657623,0.18868792057037354,0.12800005078315735,0.2624461352825165,0.12864665687084198,0.12377579510211945,0.06915970891714096,0.13186275959014893,0.15610887110233307,0.09571675922533396,0.7167575149610256,0.06915794923311509,0.02653975457771572,0.029399111398179852,0.022397531298364564,0.04003137930626526,0.057597674253057986,0.7844081174172076,0.05648855517292177,0.023039706074526246,0.023753531789548525,0.009904310152668298,0.044808105140069485
100610,LR,249,1,0.1546819806098938,0.2764566242694855,0.09853410720825195,0.10233040899038315,0.0706842690706253,0.11389987915754318,0.18341274559497833,0.13475893437862396,0.2591535151004791,0.13067221641540527,0.11353742331266403,0.06508714705705643,0.13377267122268677,0.16301801800727844,0.10203189802611502,0.5171273114428624,0.09165680315248954,0.0789303336043858,0.056002541759910505,0.06694415050094044,0.08730696151329632,0.0715696723010842,0.5966585541964595,0.06462945980247324,0.08512811984745677,0.0452901715382959,0.04096418487333779,0.09575983744089245
100610,LR,251,1,0.15120595693588257,0.2799293100833893,0.10098631680011749,0.10104115307331085,0.06488464772701263,0.11530370265245438,0.18664894998073578,0.14361807703971863,0.2542882561683655,0.1328606754541397,0.10992304235696793,0.06903654336929321,0.12883760035037994,0.16143576800823212,0.1839880619603301,0.5320377838248609,0.06338997641885871,0.06642431383866654,0.033660010685108786,0.03735971181403911,0.08314014145813586,0.17077458453071453,0.575870809633478,0.0414873254677917,0.06847688210829718,0.0285419780380376,0.027306446734726885,0.087541973486954
100610,LR,253,4,0.1495743989944458,0.3002595603466034,0.10754688084125519,0.101824089884758,0.057785987854003906,0.10603570938110352,0.1769733428955078,0.15257111191749573,0.2759690284729004,0.11778800934553146,0.09717892110347748,0.05637562274932861,0.11828712373971939,0.1818302422761917,0.5142685999909746,0.18492094173831902,0.05839764579246671,0.06414812603853356,0.05471889682306152,0.02512359869179203,0.09842219092485252,0.5417879714321744,0.20061529437003284,0.06343416949470802,0.061551577684454704,0.039550825709825696,0.0182286245819503,0.07483153672685394
100610,LR,255,4,0.16168524324893951,0.2847172021865845,0.10791628807783127,0.0982334315776825,0.057673342525959015,0.11118524521589279,0.17858926951885223,0.1443595588207245,0.2724493741989136,0.11042211949825287,0.09143916517496109,0.06222878396511078,0.1183963194489479,0.2007046937942505,0.28368657668053254,0.5489901065891672,0.009628796477980364,0.07141755694387755,0.03906074355049819,0.007179466770203281,0.04003675298774079,0.2522708335964967,0.5508195357129921,0.009754541061568464,0.0896094684833669,0.03643635581632003,0.018351381090843357,0.042757884238412376
100610,LR,257,4,0.15769290924072266,0.28769999742507935,0.11106371879577637,0.10178431868553162,0.05612572655081749,0.10434422641992569,0.18128904700279236,0.1584475040435791,0.2603854238986969,0.10788215696811676,0.09642117470502853,0.056266989558935165,0.12158632278442383,0.19901043176651,0.21473661631398594,0.37605070213739217,0.0015052250949033074,0.09426950436537966,0.05727570710487912,0.03784363893820058,0.21831860604525924,0.1774752647768979,0.3868211277857156,0.019850026193268942,0.13355771256470206,0.07056859803024156,0.040872237839787634,0.1708550328093863
100610,LR,259,4,0.156946063041687,0.2865980267524719,0.10374753922224045,0.09669362008571625,0.05897771567106247,0.11071182787418365,0.18632520735263824,0.1635686755180359,0.2788366377353668,0.10640916973352432,0.09219808876514435,0.05604640394449234,0.11644774675369263,0.18649329245090485,0.21895027904683365,0.32539293083444254,0.11967566587685668,0.046404212504419375,0.0528358063592862,0.06495338225332555,0.17178772312483603,0.19824527192211247,0.36256460720794137,0.11562248163895604,0.07267143930296005,0.06984672979848246,0.07809779147966364,0.10295167864988403
100610,LR,261,4,0.15464530885219574,0.2756310701370239,0.10548260062932968,0.10407883673906326,0.05707012116909027,0.11094264686107635,0.19214943051338196,0.17685382068157196,0.26902779936790466,0.10760721564292908,0.09210094064474106,0.05735240504145622,0.11048437654972076,0.1865733563899994,0.2221486011589343,0.29014383377561176,0.12642080383027407,0.06731172680965064,0.02566696536002707,0.09076291914641278,0.17754514991908935,0.2216514283150146,0.32988402565713687,0.09418443754826139,0.11062561476825213,0.021336740470314357,0.08188682745059604,0.14043092579042457
100610,LR,263,4,0.15543127059936523,0.27952301502227783,0.11004019528627396,0.10266480594873428,0.055756792426109314,0.10577812045812607,0.19080568850040436,0.1834573596715927,0.25564756989479065,0.11341787129640579,0.09596528112888336,0.05429564416408539,0.11140502989292145,0.18581126630306244,0.19808602080275667,0.266538880254896,0.11000486025784395,0.05984009998298288,0.0374658702514719,0.17820940266003968,0.1498548657900089,0.16340236501450342,0.29590693449429445,0.1049326344219398,0.07746469782205016,0.04002227007585632,0.19053865931070066,0.12773243886065527
100610,LR,265,4,0.15371616184711456,0.29029732942581177,0.1047416403889656,0.09853635728359222,0.05822749063372612,0.10737761855125427,0.18710333108901978,0.17985256016254425,0.261852502822876,0.10929896682500839,0.08944058418273926,0.057570088654756546,0.11481962352991104,0.18716570734977722,0.07025329601662336,0.3583935179754545,0.07839301844652942,0.09808432135979178,0.08247817874088194,0.137844085384305,0.174553582076414,0.03807511671500236,0.38487231617290846,0.055687168510862264,0.1522765498955283,0.10636269568637666,0.10957046912493618,0.15315568389438575
100610,LR,267,4,0.14405842125415802,0.302264928817749,0.09684804826974869,0.09794364869594574,0.06241626664996147,0.10848946124315262,0.18797928094863892,0.16150465607643127,0.2840873897075653,0.10425552725791931,0.09320105612277985,0.059577826410532,0.11454930901527405,0.1828242540359497,0.016665419623723608,0.38307233634971877,0.09830565183837944,0.029462281762249815,0.09311643013345262,0.16336525464751142,0.21601262564496432,0.009082341458251153,0.422569527667421,0.09037316852713244,0.04741426316838467,0.13038690640814204,0.12055107241566534,0.17962272035500318
100610,LR,269,4,0.14059574902057648,0.3150184154510498,0.10106566548347473,0.0961182564496994,0.057896148413419724,0.10866948217153549,0.18063628673553467,0.1564856916666031,0.31269851326942444,0.09919798374176025,0.09608383476734161,0.05396460369229317,0.11211907118558884,0.1694503128528595,0.0126607022260918,0.638602209246445,0.027446453782946828,0.03464585220717353,0.04965214672350849,0.07498319540725978,0.16200944040657464,0.0058591858796867395,0.7026995537006544,0.025045116455719656,0.055085014172976114,0.06855066291051269,0.011056265853589181,0.13170420102686128
100610,LR,271,4,0.1410503387451172,0.31387048959732056,0.1001649796962738,0.09668798744678497,0.05682693049311638,0.11094622313976288,0.1804530769586563,0.15281863510608673,0.3155443072319031,0.10419714450836182,0.10620088875293732,0.055580802261829376,0.10877612233161926,0.15688206255435944,0.2054984875116583,0.46571713724537206,0.07115658283410664,0.06489718010349323,0.0185548335834276,0.10401226496391261,0.07016351375802955,0.23327362587966854,0.4455000700910321,0.0402380964828306,0.12590524334878328,0.02721695971647728,0.08654552989580379,0.041320474585404346
100610,LR,273,4,0.16875137388706207,0.2779349684715271,0.1067650318145752,0.10321440547704697,0.055855344980955124,0.10519628971815109,0.18228261172771454,0.16370217502117157,0.28161120414733887,0.11143200099468231,0.10492166131734848,0.05410385504364967,0.1097746342420578,0.1744544506072998,0.024731403093333833,0.35416013135655605,0.12735321213733136,0.002890482097124217,0.05669491365075825,0.12449966347306646,0.30967019419182984,0.05370549984963375,0.31681387837915426,0.10689283495035769,0.004229407468158258,0.06965918840205905,0.14418714699109986,0.3045120439595372
100610,LR,275,0,0.18225520849227905,0.24925951659679413,0.11322671920061111,0.10763774067163467,0.05762077122926712,0.10591107606887817,0.18408888578414917,0.21197549998760223,0.23670844733715057,0.1098601445555687,0.10628584772348404,0.05828317627310753,0.10190000385046005,0.1749868392944336,0.5790018658432249,0.09716134923498393,0.06330154927977917,0.06031139112189713,0.07892643824286809,0.06179807215155481,0.059499334125691944,0.7159936099130173,0.07153044185302852,0.04366323248562349,0.04214147272302269,0.061337826360697886,0.03920469676472637,0.026128719899883728
100610,LR,277,5,0.18525315821170807,0.25850680470466614,0.1055653914809227,0.10116854310035706,0.06534325331449509,0.1038336306810379,0.18032927811145782,0.21310879290103912,0.25180163979530334,0.09038880467414856,0.09133704751729965,0.07905872911214828,0.10155251622200012,0.1727525144815445,0.24700351838731083,0.35281718395041917,0.000814987532642047,0.053079664926192864,0.2003603611259635,0.03906441151639357,0.10685987256107803,0.26994445318441807,0.393286098853706,0.0038476751271628307,0.0328117384771263,0.16842257231076882,0.028939334502903417,0.10274812754391453
100610,LR,279,5,0.1766079068183899,0.2603388726711273,0.10775674879550934,0.10313200205564499,0.06663446128368378,0.10356553643941879,0.18196451663970947,0.20503070950508118,0.2574388384819031,0.09346047043800354,0.09785465896129608,0.07624486833810806,0.09699518233537674,0.17297521233558655,0.17281031101780073,0.5000456361466484,0.035005626207082585,0.016859772156794992,0.10115762777307913,0.06721120087828064,0.10690982582031351,0.14933121560286608,0.6371500832878287,0.008131746632039477,0.011765664515811205,0.07564945938464998,0.03965853243894685,0.07831329813785766
100610,LR,281,5,0.17826047539710999,0.2613171339035034,0.10889638215303421,0.10175840556621552,0.06802699714899063,0.10294187813997269,0.17879866063594818,0.1896938681602478,0.27353858947753906,0.08600257337093353,0.1027940884232521,0.07530107349157333,0.10426640510559082,0.16840343177318573,0.1104841003848173,0.4597003491492264,0.052064491984395465,0.07370489034988974,0.10542921020878819,0.08640800146911883,0.11220895645376405,0.042053701801162705,0.6124421354617587,0.0201628194507057,0.08623236208866193,0.0803315223355386,0.0637696997097884,0.0950077591523839
100610,LR,283,5,0.1866493821144104,0.24952620267868042,0.1101575419306755,0.10234653204679489,0.06583912670612335,0.10370387136936188,0.18177732825279236,0.18145747482776642,0.2689688503742218,0.08822932094335556,0.1115049347281456,0.0749477967619896,0.10894238948822021,0.1659492701292038,0.12693328145982563,0.5073627111986466,0.045928007472853576,0.03909394586763242,0.07995532380207207,0.06487903629202901,0.1358476939069406,0.07827311876135837,0.6700532282588216,0.01804989245813392,0.02890939785913261,0.04661919313108102,0.03060571246015423,0.12748945707131812
100610,RL,31,3,0.14052504301071167,0.298982173204422,0.10851365327835083,0.09492103010416031,0.056496258825063705,0.11462023854255676,0.1859416514635086,0.1563548594713211,0.27973809838294983,0.1164037436246872,0.0955677255988121,0.056599974632263184,0.11576056480407715,0.1795751005411148,0.1636354252114153,0.6268160833951232,0.006664888974949768,0.02690785322843444,0.07765925544193863,0.025388984915820523,0.07292750883231817,0.1782450783864046,0.6200042055426624,0.014001990181264353,0.05708018478084172,0.07168232902717009,0.013928650428859398,0.04505756165279774
100610,RL,33,1,0.13795767724514008,0.28828489780426025,0.10788262635469437,0.10318810492753983,0.056396156549453735,0.11504417657852173,0.1912464052438736,0.16730670630931854,0.25021010637283325,0.1080528125166893,0.10887696593999863,0.06583088636398315,0.11408333480358124,0.1856391727924347,0.27327342821748296,0.4284000022944276,0.006040995656842376,0.1218164325703326,0.05097351648357688,0.04986306143244921,0.06963256334488835,0.1972999964443377,0.3927109031748143,0.0065712034835048805,0.1495409682787397,0.07221920257712289,0.07110550280535372,0.11055222323612686
100610,RL,35,1,0.14190632104873657,0.28428536653518677,0.11012909561395645,0.10123347491025925,0.05440561845898628,0.11854828149080276,0.18949180841445923,0.1703854203224182,0.241474911570549,0.1049284115433693,0.10030262917280197,0.06842928379774094,0.12365888059139252,0.19082044064998627,0.4628873856706911,0.3192376601840093,0.028827390514680196,0.023547657081191622,0.03378578341195929,0.033067630307437465,0.09864649283003103,0.38303496214786087,0.29553879068817457,0.023564219563165643,0.04946513795475875,0.052489556034050075,0.04871841752517739,0.14718891608681248
100610,RL,37,1,0.14216791093349457,0.2892143130302429,0.10791131854057312,0.10159836709499359,0.05789723992347717,0.11580390483140945,0.18540698289871216,0.16295106709003448,0.21699286997318268,0.10487131029367447,0.09182485938072205,0.07043805718421936,0.13752101361751556,0.2154007852077484,0.2229167880249806,0.3831580299902153,0.12331715917031728,0.07128407038723956,0.054275221457425665,0.09095128045817275,0.05409745051164885,0.17465954019956303,0.3406014330040284,0.12258976996608258,0.11531736968482148,0.033561531059131886,0.1008705103656535,0.112399845720719
100610,RL,39,4,0.1512906402349472,0.2958540618419647,0.1068098172545433,0.10417460650205612,0.05482116714119911,0.103852778673172,0.1831970065832138,0.16706903278827667,0.25305625796318054,0.11596619337797165,0.10511808097362518,0.058920081704854965,0.10649079829454422,0.19337952136993408,0.03480832729573093,0.1915457532687204,0.24099551047026577,0.13273537084983184,0.08149835411325398,0.07971815218204649,0.23869853182015055,0.05643952149082916,0.17655837857008558,0.20577628768650127,0.16866417544566356,0.10461577075853676,0.0753011666844063,0.2126446993639774
100610,RL,41,4,0.14520184695720673,0.2973821759223938,0.10346120595932007,0.1028563603758812,0.05802559852600098,0.10797180235385895,0.18510101735591888,0.15158109366893768,0.28495997190475464,0.11150053888559341,0.11569076031446457,0.05577323958277702,0.10188114643096924,0.1786133050918579,0.06090196988393549,0.12396281902601687,0.3486752071374538,0.1106239132467642,0.07108000094694374,0.09068956346903673,0.19406652628984916,0.07683543952397005,0.10551514102441222,0.32534665207519264,0.16142096365832811,0.08099207242650293,0.09134013893248008,0.15854959235911387
100610,RL,43,4,0.13814428448677063,0.30627188086509705,0.09985341131687164,0.1029977798461914,0.06190093234181404,0.10721147060394287,0.18362021446228027,0.15993084013462067,0.2721348702907562,0.11028417199850082,0.1068183109164238,0.05872661992907524,0.10002826154232025,0.1920768916606903,0.031655795544347665,0.6313879268878688,0.14972861027356377,0.0077160008470842,0.05462035026778429,0.04681631884450602,0.07807499733484527,0.06691198115673912,0.5517612706984641,0.14639381655260397,0.0012429061940589703,0.059701524344865996,0.06783433551377753,0.10615416553949028
100610,RL,45,4,0.13417650759220123,0.30609384179115295,0.09849991649389267,0.1040312647819519,0.0588240772485733,0.11001836508512497,0.18835608661174774,0.15336915850639343,0.2805211842060089,0.10470782965421677,0.10538192093372345,0.0576293021440506,0.1008601039648056,0.19753049314022064,0.09561676363931067,0.6788780381929697,0.03845649678272239,0.005013692128139136,0.07716768342072008,0.03159291228405837,0.07327441355207966,0.1051550608287552,0.6565713227662427,0.029881394610387472,0.0023924609926237912,0.10091217966286464,0.04431370057751291,0.06077388056161334
100610,RL,47,4,0.1448422521352768,0.2994288504123688,0.10023541748523712,0.10029274970293045,0.06267932057380676,0.10531604290008545,0.18720543384552002,0.16591669619083405,0.28273364901542664,0.09667203575372696,0.09776422381401062,0.058684103190898895,0.09919100254774094,0.19903817772865295,0.2854394019569007,0.3812918817208625,0.03760578650256489,0.05917694421955211,0.07412007565418183,0.03202911858424861,0.1303367913616894,0.2599510439986009,0.38421349334355165,0.04866624347095884,0.07122930310707279,0.08802055362612411,0.058976765918475636,0.08894259653521605
100610,RL,49,4,0.17209666967391968,0.2578347325325012,0.11301113665103912,0.10398496687412262,0.057073578238487244,0.10580435395240784,0.1901945322751999,0.17157869040966034,0.28561562299728394,0.0954233855009079,0.0879426896572113,0.061225857585668564,0.09725400805473328,0.2009596973657608,0.10174396973267644,0.5413577583172947,0.03685477715998658,0.03128007539808724,0.1076571460812051,0.053730196051587444,0.12737607725916256,0.09587471099444808,0.531739808406195,0.0359145959681478,0.03747140181635996,0.1510018236233168,0.05108170550792997,0.09691595368360248
100610,RL,51,4,0.16659294068813324,0.2711193859577179,0.10679946839809418,0.10185347497463226,0.055101945996284485,0.10873579233884811,0.18979699909687042,0.1717865914106369,0.2710310220718384,0.10742389410734177,0.10386008769273758,0.05553992837667465,0.1037125512957573,0.18664591014385223,0.2318205177032029,0.40609958149630154,0.1618246060912856,0.011111254500212327,0.0857659674554409,0.014470821203296475,0.08890725155026027,0.2164918350392993,0.42968670045136736,0.1457047130835644,0.004401730729345345,0.12782099657000656,0.023345065881192926,0.05254895824522398
100610,RL,53,4,0.1763378083705902,0.26095229387283325,0.10802753269672394,0.10527358949184418,0.056871432811021805,0.10636179149150848,0.1861756443977356,0.1711914837360382,0.2648439109325409,0.11201296746730804,0.09804147481918335,0.054813921451568604,0.11121853440999985,0.18787777423858643,0.04936018046807246,0.4265940409743561,0.16874259710724712,0.15220766961240606,0.06517295899268842,0.018157263987191096,0.11976528885803872,0.0654104198724052,0.41340122254398465,0.18276806211583654,0.14551161891359074,0.10013433579211148,0.01532728187710375,0.07744705888496765
100610,RL,55,4,0.1729404479265213,0.2590946555137634,0.11600077152252197,0.10140028595924377,0.04926462844014168,0.10750889033079147,0.1937902718782425,0.16434361040592194,0.2668931484222412,0.11867527663707733,0.10219050198793411,0.051891058683395386,0.10607921332120895,0.18992726504802704,0.00906614748638767,0.4370334069915627,0.23759474714012102,0.2239159639110143,0.05518775268961807,0.013166583557100264,0.024035398224196,0.013808735274285121,0.44309220066763205,0.26214571915669893,0.17273123318509703,0.08205548968380208,0.011904038209574653,0.014262583822910286
100610,RL,57,4,0.1767042726278305,0.2559853196144104,0.11427702009677887,0.10228360444307327,0.052475251257419586,0.10886355489492416,0.18941091001033783,0.17118898034095764,0.2593127191066742,0.1261071264743805,0.0999041348695755,0.0484950952231884,0.1104966253042221,0.18449528515338898,0.045851832882096,0.4246418838975094,0.23569592225279945,0.10458298700042924,0.05169778170141683,0.0019748388418811026,0.13555475342386797,0.0583029356548895,0.42192491290225204,0.2567336075452084,0.08245182076095914,0.08687420699450926,0.01234770177206969,0.0813648143701119
100610,RL,59,4,0.16545794904232025,0.2760874330997467,0.11042515188455582,0.10603778809309006,0.05292597413063049,0.10617142915725708,0.18289436399936676,0.16784368455410004,0.2714405953884125,0.11629541218280792,0.10151686519384384,0.04987505450844765,0.10494732856750488,0.18808108568191528,0.0040917282753926655,0.5915233704718105,0.132559952292767,0.1490902754873477,0.06311636415095304,0.0014025118581894255,0.05821579746353965,0.015162598533400682,0.5884265744343541,0.13200328237671857,0.13130835319119671,0.11549591948830353,0.002435798511504153,0.015167473464522319
100610,RL,61,4,0.17131675779819489,0.2671920657157898,0.10720741003751755,0.10549409687519073,0.05380178615450859,0.10995793342590332,0.18502995371818542,0.17217954993247986,0.27609050273895264,0.1029682531952858,0.09391219168901443,0.05031563714146614,0.10470264405012131,0.19983121752738953,0.08615737634365943,0.46771087575713094,0.05662327893673108,0.21268308107755524,0.020878239459309597,0.13650249050048974,0.01944465792512397,0.10771248472010535,0.42643089845903703,0.06781392143602075,0.20628024582087381,0.013325108241205664,0.1465602066100455,0.03187713471271196
100610,RL,63,0,0.1654714196920395,0.2612055242061615,0.11095835268497467,0.10675914585590363,0.05558951944112778,0.11158456653356552,0.18843144178390503,0.19692060351371765,0.25078925490379333,0.11502455919981003,0.08841594308614731,0.05125211179256439,0.10769727826118469,0.1899002343416214,0.4278079216499254,0.008395869260631206,0.07933324534345365,0.21552557071732537,0.09463540168378107,0.0416588748821578,0.13264311646272547,0.3944211749067516,0.030768419693889965,0.11105032305160857,0.1954910384249267,0.09505701097980232,0.05499761588739855,0.11821441705562219
100610,RL,65,0,0.15547388792037964,0.27704307436943054,0.10723330080509186,0.10574044287204742,0.058309201151132584,0.10858291387557983,0.18761715292930603,0.18499548733234406,0.26170673966407776,0.10714355856180191,0.10126852989196777,0.05341393128037453,0.10437706112861633,0.18709474802017212,0.27125358969189123,0.018355725000100367,0.162184226539272,0.16499676668371085,0.12251642837326282,0.11887662633460017,0.14181663737716255,0.3398596819851751,0.002856492677217473,0.24441285046177835,0.17928379201732472,0.08400896501478695,0.019669925567841525,0.129908292275876
100610,RL,67,0,0.16137056052684784,0.2659694254398346,0.11371749639511108,0.10517926514148712,0.058791544288396835,0.10498826205730438,0.18998345732688904,0.1872824877500534,0.27142781019210815,0.11516906321048737,0.09219774603843689,0.05283857136964798,0.10536119341850281,0.1757231056690216,0.1187155655555959,0.09858595626659998,0.2135267645051903,0.09410154186440088,0.0933129392870274,0.19229722828952797,0.18946000423165757,0.14814942801299863,0.08496161065635398,0.2744267987314669,0.08269857316503867,0.059744341773373046,0.14646989260169507,0.20354935505907384
100610,RL,69,0,0.15992669761180878,0.24846576154232025,0.1180344894528389,0.1111302375793457,0.06253513693809509,0.11008469015359879,0.1898229718208313,0.18987658619880676,0.2615716755390167,0.11219522356987,0.1006849929690361,0.05170963704586029,0.10758764296770096,0.17637422680854797,0.09606355363540461,0.09882346637257348,0.2199448275496509,0.19554188727682623,0.0018052153153041944,0.19137874688824594,0.19644230296199466,0.09934421237509164,0.09905816612181507,0.24785811564851878,0.19607855279494127,0.013310748109150006,0.15812125305388836,0.18622895189659497
100610,RL,71,0,0.18856647610664368,0.2405421882867813,0.12165351957082748,0.09906157106161118,0.061965394765138626,0.10157497227191925,0.1866358071565628,0.19853916764259338,0.2419855296611786,0.11129739880561829,0.09337276220321655,0.05700124427676201,0.11852850019931793,0.17927540838718414,0.1050853199744924,0.10871924114672757,0.2099727253960895,0.16456410602988672,0.015866250449923007,0.2002744717473395,0.1955178852555413,0.08224959289803974,0.11875747647201114,0.2242164523310213,0.15027529999075695,0.033376888137534984,0.20082454498213356,0.1902997451885023
100610,RL,73,0,0.1859017312526703,0.2405877709388733,0.1161213219165802,0.09833689033985138,0.06221473217010498,0.1069364994764328,0.18990100920200348,0.20372387766838074,0.22746911644935608,0.11167719215154648,0.09527013450860977,0.05987395718693733,0.1222197562456131,0.1797659546136856,0.02472941886307099,0.15513137137360156,0.22770573117815357,0.13364440051690316,0.001817467512950065,0.23968148806068684,0.21729012249463384,0.053826506673751974,0.18778968939917798,0.20868363132660198,0.08436587103901445,0.034733272305022864,0.24662249972371586,0.18397852953271493
100610,RL,75,0,0.17970603704452515,0.24669891595840454,0.11310428380966187,0.1012679785490036,0.06422645598649979,0.10889196395874023,0.18610429763793945,0.1997113674879074,0.23236790299415588,0.11456429213285446,0.10683631151914597,0.05372355133295059,0.11827850341796875,0.17451807856559753,0.042430448330347724,0.045627496023897145,0.22115979772455083,0.20998340524362638,0.04994512401900881,0.2112521489749635,0.21960157968360564,0.07201977059327462,0.05987295985776409,0.22228741626474077,0.19771585971106773,0.012438552442127394,0.22046716059382795,0.21519828053719742
100610,RL,77,0,0.17866434156894684,0.2615755796432495,0.11818007379770279,0.09305085986852646,0.056118544191122055,0.11007831990718842,0.1823323667049408,0.19239264726638794,0.2473112791776657,0.11717083305120468,0.09484579414129257,0.05949266254901886,0.11381576955318451,0.1749711036682129,0.030749475819470046,0.030485569004461782,0.16086253767301145,0.22273780654588743,0.060809578317707426,0.22624823216546752,0.2681068004739944,0.12674032420521308,0.03518477953619392,0.0755101019687762,0.21679511862870626,0.05727218807741252,0.19396388012391536,0.29453360745978274
100610,RL,79,0,0.18568427860736847,0.2548590302467346,0.11382181942462921,0.09677635133266449,0.05627411976456642,0.11008193343877792,0.18250252306461334,0.19214312732219696,0.2410249561071396,0.12179535627365112,0.10369972884654999,0.06402307748794556,0.10571083426475525,0.17160291969776154,0.021706744600045246,0.1033761330562286,0.173959152652385,0.23244206612576865,0.016227435811368,0.20278522802614227,0.24950323972806224,0.12550345022281528,0.08464785644953804,0.10071395962840088,0.22318300192506305,0.04323758149317821,0.1597992068930135,0.26291494338799104
100610,RL,81,0,0.1857054978609085,0.2375805526971817,0.11182334274053574,0.10490739345550537,0.06063869222998619,0.11090831458568573,0.1884361207485199,0.18320295214653015,0.24214839935302734,0.11867149919271469,0.10287506878376007,0.07386920601129532,0.1036325991153717,0.1756003350019455,0.14627091111591506,0.11259708225767136,0.0825453414895274,0.17529670479764375,0.06664380866926758,0.07564081641587336,0.3410053352541015,0.1544850076712643,0.11209024258437185,0.06558941275408055,0.16660258066075254,0.07348736755356672,0.045105107492007815,0.3826402812839562
100610,RL,83,5,0.18126147985458374,0.24386735260486603,0.1100282222032547,0.10812778025865555,0.06598842889070511,0.10737230628728867,0.18335433304309845,0.1627195179462433,0.26680290699005127,0.10523376613855362,0.09913191944360733,0.08465304970741272,0.10388027131557465,0.17757859826087952,0.47013025144309,0.027946730438421177,0.061845644473139616,0.12305157836792606,0.006527366866090152,0.07501981724750759,0.2354786111638254,0.462830685158666,0.0854872292241712,0.021559550762124045,0.10908333211801179,0.005978206567854615,0.09376425636267915,0.22129673980649328
100610,RL,85,5,0.14219319820404053,0.30757299065589905,0.10172434151172638,0.1021726056933403,0.07332102954387665,0.10432499647140503,0.16869091987609863,0.15443848073482513,0.310331255197525,0.09378290176391602,0.10146499425172806,0.0795762911438942,0.10062233358621597,0.1597837507724762,0.22955172694766832,0.16143898311072297,0.0028264939998582225,0.22358254834481567,0.005057899779350337,0.2551054141656297,0.12243693365195478,0.16719736822134557,0.23027552399265971,0.00012484714150157438,0.20067334685219554,0.06405199996148088,0.23339887972314502,0.10427803410767164
100610,RL,87,5,0.14439740777015686,0.2985678017139435,0.1035347506403923,0.10175865888595581,0.07088372856378555,0.10953114181756973,0.17132650315761566,0.1361105889081955,0.3382512629032135,0.084192655980587,0.098955899477005,0.08558458089828491,0.09785332530736923,0.15905164182186127,0.008073581620515791,0.2635283603148365,0.11594504620140966,0.14384000815666784,0.13492636678971065,0.17420374416639556,0.159482892750464,0.08718971784589326,0.36677263866688486,0.08984851348888484,0.0429942920997029,0.1933669638348732,0.1152583396790902,0.10456953438467077
100610,RL,89,5,0.1462709903717041,0.3014509379863739,0.10632313042879105,0.10093408077955246,0.07247897982597351,0.10326681286096573,0.16927513480186462,0.1337810754776001,0.33396437764167786,0.07554749399423599,0.10209272801876068,0.09318345785140991,0.10096638649702072,0.16046445071697235,0.13786603484874274,0.2674674695053054,0.11178430394736179,0.12466208774950835,0.08762957851473117,0.1583969091417866,0.11219361629256396,0.07468287369738676,0.37621243724334774,0.15913900384159074,0.051697126313278455,0.1471746796481416,0.12619775129884878,0.0648961279574059
100610,RL,91,5,0.14987687766551971,0.28875282406806946,0.10916941612958908,0.10202444344758987,0.07072453200817108,0.10487276315689087,0.17457909882068634,0.13005578517913818,0.33398696780204773,0.07587354630231857,0.09629148989915848,0.08868739008903503,0.10689762234687805,0.16820713877677917,0.11058061641449218,0.2793199288863444,0.07005645442885758,0.10650369352218743,0.18695714757022258,0.15906661143366888,0.08751554774422698,0.05717981886508113,0.3330877303434813,0.09290818334218603,0.0642137545765545,0.21396966195227213,0.14784671430426766,0.09079413661615725
100610,RL,93,5,0.14870846271514893,0.2956165075302124,0.1047934740781784,0.0999918058514595,0.07383618503808975,0.10725675523281097,0.16979676485061646,0.12675318121910095,0.35226064920425415,0.07403571903705597,0.09885498136281967,0.09150829166173935,0.09880522638559341,0.15778183937072754,0.09226111162268935,0.24568139598092373,0.09376947429709821,0.10411728889701855,0.18044171636869732,0.09718444969420045,0.18654456313937237,0.03720211338385634,0.3023457207917033,0.10186826742096543,0.08281397533291833,0.21282305284909442,0.10619037196949893,0.15675649825196333
100610,RL,95,5,0.14912493526935577,0.2975676357746124,0.10337768495082855,0.10108421742916107,0.07316897809505463,0.10692285746335983,0.16875365376472473,0.12225750833749771,0.35546889901161194,0.07062289863824844,0.09708893299102783,0.09548938274383545,0.0971568375825882,0.16191554069519043,0.08263075492808415,0.2472159955454575,0.0943562450778814,0.1410972305748694,0.1707848581393802,0.0791138131003554,0.18480110263397195,0.01848028985924075,0.30033841806905726,0.10134755732020062,0.1522130508574125,0.1901362519739842,0.0843004044260484,0.15318402749405635
100610,RL,97,5,0.14799641072750092,0.2950049340724945,0.10276970267295837,0.10150209814310074,0.07257814705371857,0.10796378552913666,0.17218497395515442,0.12722551822662354,0.3570111095905304,0.07180213928222656,0.09911659359931946,0.09846533834934235,0.09739618003368378,0.14898306131362915,0.14290548227646696,0.3414288636265595,0.08072839889777784,0.06580172656009707,0.18233083545873094,0.05478978801307443,0.13201490516729325,0.07136808836500959,0.4307911588617689,0.09115073503120666,0.0837794835167945,0.21234970001688053,0.018756056161013165,0.09180477804732685
100610,RL,99,5,0.14790162444114685,0.28829893469810486,0.11073904484510422,0.10077314078807831,0.0649285688996315,0.10922428965568542,0.17813444137573242,0.11751009523868561,0.365291953086853,0.07873235642910004,0.10979640483856201,0.09044650197029114,0.08965793251991272,0.14856471121311188,0.07795497636557085,0.3642666128109336,0.036016703832362565,0.1529069874727203,0.20031760286289998,0.12298990516296442,0.04554721149254832,0.03892073022685052,0.4311060995962946,0.046439128996285876,0.10973307267361429,0.2250757702430558,0.08381780580544126,0.0649073924584577
100610,RL,101,5,0.14424948394298553,0.2955035865306854,0.10911642760038376,0.09964946657419205,0.06873069703578949,0.10550915449857712,0.1772412359714508,0.13379473984241486,0.3476966619491577,0.08392108976840973,0.10580223798751831,0.08548795431852341,0.09157093614339828,0.1517263948917389,0.1907872084186161,0.4199870519444765,0.10178870563111202,0.03405830280716597,0.17022680883412808,0.041300161938129805,0.041851760426371544,0.14772712489371656,0.5492617941233043,0.09427677627987273,0.016883043184631536,0.17277736748592035,0.015715458065213007,0.0033584359673414846
100610,RL,103,5,0.15280215442180634,0.28874269127845764,0.1129290759563446,0.09992741048336029,0.06662768870592117,0.10162384808063507,0.17734716832637787,0.13942642509937286,0.3329037129878998,0.08729986101388931,0.10575747489929199,0.08335830271244049,0.08813207596540451,0.16312211751937866,0.28316892085152184,0.3697385454850318,0.09363129694051421,0.06283942971651191,0.11373087287915636,0.04486458640191073,0.03202634772535312,0.3277895619672743,0.42831357035366985,0.09328579313801774,0.023876774866489626,0.0673240068105935,0.005619067523901144,0.05379122534005365
100610,RL,105,3,0.14182846248149872,0.2996007204055786,0.11448171734809875,0.09481573104858398,0.05492349714040756,0.11190854758024216,0.18244127929210663,0.1325216144323349,0.3256063759326935,0.09891460835933685,0.09693463891744614,0.06501464545726776,0.10409524291753769,0.1769127994775772,0.1815588721644623,0.39740833353635885,0.017552977213246498,0.3021247861565558,0.02880382166569585,0.005637275016961386,0.06691393424671938,0.19936611872688742,0.3862394157633186,0.027330689204247784,0.2610424502774388,0.030168407030802553,0.006142513036259616,0.08971040596104521
100610,RL,107,3,0.15179935097694397,0.2879756987094879,0.11357984691858292,0.09484656155109406,0.05873781070113182,0.10883660614490509,0.18422415852546692,0.13162840902805328,0.3454609811306,0.1029416173696518,0.09362342953681946,0.059255216270685196,0.09527561813592911,0.1718147099018097,0.01210803934859786,0.5542482711517246,0.03827860886835464,0.3106818279116597,0.015163948991212099,0.011633880080290425,0.05788542364816068,0.01116135011267212,0.5349157135900346,0.07125819977782812,0.25299182454947505,0.029801916061798404,0.005773632740448946,0.09409736316774264
100610,RL,109,3,0.15196296572685242,0.2760513126850128,0.11388462781906128,0.10323353856801987,0.06174580752849579,0.10363654792308807,0.18948522210121155,0.12409044057130814,0.3456096649169922,0.09368312358856201,0.09864838421344757,0.06305185705423355,0.09668637812137604,0.1782301664352417,0.028168296925612422,0.7017812421693627,0.026603633876568188,0.15737245672417954,0.001784014196757571,0.02148629193612964,0.06280406417138998,0.048425256151609156,0.6812472370414573,0.038310153004756244,0.11553051287164388,0.005139969388028488,0.02403448167797027,0.0873123898645345
100610,RL,111,3,0.15629199147224426,0.2756120562553406,0.11220031976699829,0.10421477258205414,0.06572482734918594,0.10050556063652039,0.18545041978359222,0.13215096294879913,0.33906465768814087,0.09472736716270447,0.0951605886220932,0.06813643872737885,0.09649064391851425,0.17426934838294983,0.08031618964736269,0.5549133352549807,0.012175599773556619,0.2701124979385528,0.011302104044553424,0.006200499498729889,0.06497977384226396,0.11133274829141691,0.5356516279125949,0.01911138216363093,0.21595434165226976,0.007831020264559214,0.0020817416651854937,0.1080371380503429
100610,RL,113,3,0.1617203652858734,0.2743645906448364,0.110447958111763,0.10074297338724136,0.06291267275810242,0.10364457964897156,0.1861668974161148,0.134712815284729,0.3447306156158447,0.09329475462436676,0.08801925927400589,0.06406474113464355,0.09861356019973755,0.17656424641609192,0.04587146558288823,0.6539032374206811,0.02376924075038283,0.19129376573012943,0.0076344652354429195,0.016086143245951454,0.061441682034523985,0.06225187279871982,0.5981709411485973,0.027289260910333804,0.17016734476460188,0.026687281673104277,0.015437032134421269,0.09999626657022138
100610,RL,115,3,0.16494418680667877,0.2765418291091919,0.1109519749879837,0.09907540678977966,0.05939830094575882,0.10531856119632721,0.18376971781253815,0.12591709196567535,0.3434930145740509,0.09545809775590897,0.08674134314060211,0.06518827378749847,0.09572449326515198,0.18747778236865997,0.022938506123738482,0.6635157318690186,0.0801288398348963,0.1742559717041235,0.0015629984505960805,0.011399424927701582,0.04619852708992553,0.0154900746039638,0.5812083017508831,0.1000739569906986,0.1986013090455964,0.0209185601732444,0.004781304682436522,0.07892649275317704
100610,RL,117,3,0.1655038446187973,0.27615368366241455,0.10964085161685944,0.09945432096719742,0.05668961629271507,0.10537250339984894,0.18718522787094116,0.12676531076431274,0.34472793340682983,0.0905776098370552,0.08561231195926666,0.06254751235246658,0.10376148670911789,0.18600788712501526,0.018493567995092223,0.6996089212135558,0.10388423635955125,0.1313359329177849,0.0018162693084474476,0.022141902408910123,0.02271916979665829,0.0020002014104474387,0.6207354351489609,0.13188015245776719,0.1717837446132341,0.017350311907388328,0.01263619429361501,0.04361396016858726
100610,RL,119,3,0.16232885420322418,0.2705443501472473,0.10998910665512085,0.10389155149459839,0.06364677846431732,0.10289496183395386,0.18670441210269928,0.1277841329574585,0.34993991255760193,0.09210336208343506,0.09219355881214142,0.060790326446294785,0.10084693878889084,0.17634181678295135,0.08607140494368873,0.5422479204567562,0.044233968530492336,0.21644647379774654,0.03198403764112453,0.03309302697204704,0.04592316765814464,0.09467170208510024,0.4718436869351191,0.05693275959585862,0.22687957817992094,0.011262187879572514,0.047517399388193625,0.0908926859362349
100610,RL,121,3,0.1603618860244751,0.2846924662590027,0.10854845494031906,0.09569540619850159,0.056720614433288574,0.10965404659509659,0.1843271106481552,0.1298578679561615,0.35846519470214844,0.08444103598594666,0.09017398953437805,0.05711355060338974,0.10371875762939453,0.17622970044612885,0.012202969365179296,0.6466687548204368,0.047984326590591674,0.21479749111563845,0.0009494898900400635,0.06958288284366755,0.007814085374446167,0.004499052094161962,0.5493053132243253,0.06522459590240745,0.24821753623004505,0.008641475914976568,0.09106920608590924,0.033042820548174374
100610,RL,123,3,0.15862028300762177,0.30004602670669556,0.10888507217168808,0.09227330982685089,0.05196376517415047,0.10719359666109085,0.18101797997951508,0.1273316890001297,0.34920835494995117,0.09202004224061966,0.08881865441799164,0.053211603313684464,0.10554017871618271,0.18386954069137573,0.013339368370193715,0.9280187225028148,0.005706465660371679,0.03295721219620184,0.0022964179397023544,0.0170943954784728,0.0005874178522428059,0.018698330799260414,0.8915639518385978,0.014725360644434303,0.03995532310238875,0.003426593190952853,0.027409990215648765,0.004220450208716887
100610,RL,125,3,0.15508213639259338,0.30521947145462036,0.10982847213745117,0.08921805024147034,0.050416018813848495,0.11044061928987503,0.1797952800989151,0.13958127796649933,0.34464308619499207,0.09161292016506195,0.08867806941270828,0.05276170372962952,0.11033137887716293,0.1723916083574295,0.004189990476633378,0.9510305354756702,0.002588086926858033,0.029011315519762,0.0022962744800271175,0.0033124285160512634,0.007571368604998047,0.003116886291543479,0.9367258141758803,0.0059163107722085976,0.029994833881505686,0.0025387527306838364,0.00799702855584649,0.01371037359233163
100610,RL,127,2,0.166621133685112,0.27328401803970337,0.11964073032140732,0.09279675036668777,0.056261178106069565,0.11161141097545624,0.17978480458259583,0.15264485776424408,0.35146090388298035,0.10133238881826401,0.08626183122396469,0.05958111584186554,0.09162139147520065,0.1570974737405777,0.018628086507909047,0.9243328361410538,0.015737315592544935,0.00283513826700114,0.0035152389908682333,0.008525391684201444,0.026425992816421478,0.022742008235305623,0.924713023645326,0.0161304753088497,0.009323826243121459,0.0016714790778666756,0.0045354660079985985,0.020883721481532037
100610,RL,129,2,0.1550951898097992,0.2782820165157318,0.1117878332734108,0.0967373475432396,0.05973965302109718,0.1100701317191124,0.18828777968883514,0.1403958797454834,0.3566491901874542,0.09098240733146667,0.08781591057777405,0.0667973980307579,0.09175129234790802,0.16560792922973633,0.00845691942124517,0.9530619935678354,0.0040131983605788775,0.012581762101362403,0.008381750700001224,0.008643949210081001,0.004860426638895925,0.013322777385857716,0.9387938560661757,0.006348661382282667,0.010428001868307555,0.007359112608812544,0.013319511584226732,0.010428079104337101
100610,RL,131,2,0.15644845366477966,0.26175931096076965,0.10902730375528336,0.0979040116071701,0.060798801481723785,0.11508852988481522,0.19897356629371643,0.14058350026607513,0.35179656744003296,0.0906851589679718,0.08876746147871017,0.06884769350290298,0.0977899506688118,0.16152961552143097,0.014005691690413663,0.9070267183446286,0.00959366188730042,0.02460918914845009,0.011333282101790828,0.012813135008934214,0.02061832181848226,0.02506239060939819,0.8753711421452534,0.010506278304768026,0.026248003533056233,0.014325244972383933,0.018492871950976108,0.029994068484164225
100610,RL,133,2,0.1637199968099594,0.2608826458454132,0.11217746138572693,0.09747696667909622,0.060337577015161514,0.11156505346298218,0.19384026527404785,0.14116284251213074,0.34417861700057983,0.09169048070907593,0.08990956097841263,0.07106158137321472,0.0994844138622284,0.16251258552074432,0.0014175275278937468,0.9804481063941727,0.00019549901836829727,0.005916258393560684,0.008355500792770677,9.173355562224928e-05,0.0035753743176116662,0.0030642678428687855,0.9732041951610965,0.0015202581071799824,0.007372570796917685,0.007010289137849893,0.0017321277909203108,0.006096291163166965
100610,RL,135,2,0.1481594294309616,0.281574010848999,0.105985626578331,0.10123663395643234,0.05860224738717079,0.11521827429533005,0.18922372162342072,0.13943175971508026,0.3516532778739929,0.0873802974820137,0.09321929514408112,0.06441602855920792,0.09865987300872803,0.16523945331573486,0.0035889781947466546,0.9875980856776271,0.0001023153649018489,0.0023192217882051784,0.0022106323208671607,0.003769811851800963,0.0004109548018511107,0.004370476916727798,0.9858536187106981,0.0004419415895241164,0.0015071519989779297,0.002156562942084322,0.005194478646222501,0.0004757691957651969
100610,RL,137,2,0.14489607512950897,0.2777192294597626,0.10579360276460648,0.1001814752817154,0.06499055027961731,0.1158047690987587,0.19061437249183655,0.13910415768623352,0.3359420895576477,0.09297480434179306,0.09205253422260284,0.06470880657434464,0.10356148332357407,0.17165616154670715,9.710328900068776e-06,0.9954258922369833,0.0009965204079571163,0.00013514297934593612,0.0031348282355722606,0.00010424727679885001,0.0001936585344424146,0.0004819077989190231,0.9932666004805829,0.0017511778932231136,0.0010605637159981592,0.002638359274711954,0.000495988611718321,0.0003054022248464507
100610,RL,139,2,0.14594461023807526,0.2656438648700714,0.1113055944442749,0.10364246368408203,0.06612056493759155,0.11364540457725525,0.19369755685329437,0.13996155560016632,0.32547810673713684,0.09162876009941101,0.0947660580277443,0.06458060443401337,0.11007099598646164,0.1735140085220337,0.024405912680888684,0.9074940219574871,0.024318350034218342,0.016029632860113247,0.004578759089764794,0.021967341470344588,0.0012059819071833248,0.03316482580018096,0.8808014352599227,0.031712301770612086,0.02095421571834299,0.0034938600899254036,0.02822345239024449,0.0016499089707714932
100610,RL,141,2,0.1597709357738495,0.25159624218940735,0.12019222229719162,0.10919569432735443,0.059062663465738297,0.11203685402870178,0.18814529478549957,0.14364448189735413,0.3096098005771637,0.09657076001167297,0.0948452576994896,0.06255719810724258,0.10850423574447632,0.18426822125911713,0.0063562240309612845,0.9758227931862868,0.008783486071729974,0.0006695482605242666,0.004751642174857126,0.0012619646242680949,0.0023543416513724415,0.009113406836385864,0.9692122345573333,0.010769063655485621,0.0011171392177800558,0.004395335353252399,0.0010213892974940536,0.004371431082268812
100610,RL,143,2,0.15337321162223816,0.2664910554885864,0.11056243628263474,0.09799164533615112,0.06553026288747787,0.1132504865527153,0.19280092418193817,0.13856418430805206,0.29734790325164795,0.09591476619243622,0.0928783118724823,0.06536424905061722,0.10587190091609955,0.20405861735343933,0.004935860914209239,0.9824614220004568,0.00577407257764157,0.002944352171894399,0.0003711211171652112,0.00096865257520256,0.0025445186434301776,0.008276283585266794,0.979390984068352,0.005967624238102432,0.001215557430004365,1.7816442593965577e-06,0.0005052160853893252,0.004642552948625644
100610,RL,145,2,0.18259425461292267,0.22651320695877075,0.12026794254779816,0.10496899485588074,0.05759577080607414,0.11740044504404068,0.19065943360328674,0.15275247395038605,0.2968038022518158,0.09034740179777145,0.09001992642879486,0.061570558696985245,0.11025479435920715,0.19825102388858795,0.0018211295670307515,0.9637791617844982,0.017612624342902762,0.007214840649494781,0.004222090536528115,0.0014544445320444697,0.0038957085875009393,0.002802330405365583,0.9589642240027616,0.02103338442139974,0.005778506825098663,0.0048179609461715695,0.0013270945279219744,0.0052764988712810405
100610,RL,147,0,0.180522620677948,0.21883511543273926,0.12029122561216354,0.10808541625738144,0.05695808678865433,0.12186979502439499,0.19343781471252441,0.18343600630760193,0.2225532829761505,0.10368869453668594,0.10172433406114578,0.05281006917357445,0.11509786546230316,0.22068974375724792,0.2862557841239702,0.19013102969428688,0.030197132390441753,0.032088113430949604,0.05354152610505409,0.16462016904173882,0.24316624521355867,0.2555252368892248,0.3170259064268494,0.07314200100674974,0.03618075843126777,0.019899457306482012,0.09498833218878808,0.20323830775063823
100610,RL,149,0,0.1719895601272583,0.24044230580329895,0.10789381712675095,0.10754583030939102,0.06631554663181305,0.11816665530204773,0.1876462697982788,0.2101188749074936,0.22447800636291504,0.10547538846731186,0.10027480125427246,0.048410411924123764,0.10456688702106476,0.2066756635904312,0.14866575242268604,0.13773820315987356,0.14788097518470508,0.14032115226567207,0.13158482052187664,0.14930934401233686,0.14449975243284974,0.1766781432734493,0.08023124231141719,0.16385936353538708,0.14041761663401128,0.10887821449196862,0.18312444901539998,0.1468109707383664
100610,RL,151,0,0.19487516582012177,0.21907196938991547,0.11835666745901108,0.10538887232542038,0.05471675097942352,0.11550181359052658,0.1920887976884842,0.18837375938892365,0.2404986023902893,0.10715152323246002,0.11366542428731918,0.04632150009274483,0.10946930944919586,0.1945197582244873,0.25728875643724514,0.24463147762523474,0.16625605348542016,0.06432390342461802,0.04098203869131863,0.0630674029770395,0.16345036735912385,0.2604213218858614,0.24324856879235549,0.12056976096443943,0.17965379635705273,0.1197543494791507,0.06278387403365594,0.013568328487484285
100610,RL,153,0,0.17186646163463593,0.24151016771793365,0.11533429473638535,0.1080327033996582,0.059237439185380936,0.1171092689037323,0.18690964579582214,0.19838251173496246,0.23049649596214294,0.11117292195558548,0.11565441638231277,0.05503511056303978,0.10139957815408707,0.18785901367664337,0.24055246834335098,0.2343001252101256,0.2084367930879794,0.09802007200691652,0.06132803337128328,0.0032693306750588035,0.15409317730528538,0.280881925863222,0.27149926194181395,0.2370736327339993,0.06123820185049318,0.09707763049437103,0.003384427972859644,0.04884491914324092
100610,RL,155,0,0.16294227540493011,0.2593444585800171,0.11604871600866318,0.10321173071861267,0.06030489504337311,0.10975294560194016,0.1883949637413025,0.19106636941432953,0.2345084398984909,0.11894509941339493,0.1120188906788826,0.046572841703891754,0.10315269976854324,0.19373562932014465,0.19995246009942713,0.19150327983869425,0.18959245084570361,0.1562949775998084,0.03556663178421696,0.08873592822953776,0.13835427160261188,0.2307640954768798,0.21614898016796083,0.21475985070944145,0.14888394420218137,0.04801457668676771,0.10558805878017542,0.035840493976593425
100610,RL,157,0,0.16213253140449524,0.2672211527824402,0.11374496668577194,0.10010039806365967,0.06305279582738876,0.10793893784284592,0.1858091950416565,0.20110909640789032,0.23541072010993958,0.12478997558355331,0.10906656086444855,0.045275092124938965,0.09562759101390839,0.1887209266424179,0.19110661484355163,0.18349697614784286,0.18609930460090085,0.1835714083434502,0.04310098369179568,0.09404729513825758,0.11857741723420119,0.227673820380341,0.21219495391124008,0.22608192263951934,0.21554579994800058,0.0011281290902394082,0.10996624425017937,0.007409129780480339
100610,RL,159,0,0.16450780630111694,0.2604074776172638,0.11231023818254471,0.10468291491270065,0.07016189396381378,0.1063208356499672,0.18160878121852875,0.2200940102338791,0.22776609659194946,0.1346072256565094,0.09910297393798828,0.04236713796854019,0.09669366478919983,0.17936888337135315,0.22129403272532183,0.2083490387115899,0.20486116758272968,0.19873354407541793,0.03338415699200151,0.08541616739915982,0.047961892513779296,0.23922078045027984,0.21239813782670766,0.2101883758677243,0.20179331072058668,0.022317640238288246,0.07209484987266185,0.041986905023751325
100610,RL,161,0,0.18446986377239227,0.24651233851909637,0.10998895019292831,0.10118493437767029,0.06524189561605453,0.11485502123832703,0.1777469366788864,0.2259296476840973,0.22160036861896515,0.11974591016769409,0.10508278757333755,0.04701412096619606,0.09960631281137466,0.18102091550827026,0.2767310027347546,0.23287509532396702,0.19072781283749787,0.09451321430861383,0.05546898734585249,0.08735351442893423,0.06233037302037994,0.3066369392410481,0.247138536893083,0.1651059383276747,0.022186307684295005,0.09318658748359024,0.11008411370146466,0.05566157666884421
100610,RL,163,0,0.1963925063610077,0.22903548181056976,0.11561869829893112,0.10390949994325638,0.0611739382147789,0.11494200676679611,0.17892786860466003,0.22243131697177887,0.21992279589176178,0.11238911747932434,0.10194291174411774,0.05348673090338707,0.10077556222677231,0.18905149400234222,0.32172957403094604,0.21737070627578203,0.16203710777369182,0.009635588972446032,0.13398829013993563,0.044753948979430136,0.1104847838277683,0.3615841833860897,0.21592178033738532,0.13331014851765835,0.031468671133115717,0.19267067992128417,0.062318496795295775,0.0027260399091710475
100610,RL,165,0,0.20545247197151184,0.21018455922603607,0.11764249950647354,0.10606763511896133,0.0546763576567173,0.11750933527946472,0.1884671151638031,0.24580495059490204,0.20444482564926147,0.12102816253900528,0.10148867964744568,0.045388661324977875,0.10178238898515701,0.18006238341331482,0.020235557633191646,0.2951352085221718,0.3106941510602306,0.19135767868839104,0.02417202699998189,0.04575514775630483,0.1126502293397282,0.03275748982234033,0.2755793445880271,0.3226450484039568,0.27588167144706455,0.0010176398193479756,0.05411942593721899,0.03799937998204447
100610,RL,167,1,0.18903453648090363,0.2401682585477829,0.108110211789608,0.10000436007976532,0.05934997275471687,0.11284922063350677,0.1904834359884262,0.2362736612558365,0.23365594446659088,0.11644016951322556,0.09274981915950775,0.05028100311756134,0.10286485403776169,0.1677345484495163,0.32417601457008927,0.26554700546348137,0.0068067296748966525,0.03674032023730149,0.2703165012629038,0.026310299305222863,0.07010312948610453,0.32200186339072223,0.24572388542801413,0.017949219523913283,0.045288558066995235,0.2503788282467951,0.020012408938521,0.09864523640503899
100610,RL,169,1,0.17334601283073425,0.2604522705078125,0.1039620116353035,0.09980892390012741,0.06518750637769699,0.10973216593265533,0.18751107156276703,0.21230939030647278,0.25060561299324036,0.12212616205215454,0.09607597440481186,0.05544814094901085,0.09982500970363617,0.16360971331596375,0.15057750431622954,0.3994240908691956,0.028652797511089408,0.021281984350629286,0.23943170591453988,0.060592269086401813,0.10003964795191445,0.15929999331740058,0.37193158148593375,0.03156911031765508,0.022472689968854317,0.21834293829568088,0.06179057263111373,0.13459311398336157
100610,RL,171,1,0.14789314568042755,0.27589890360832214,0.10690787434577942,0.1073906198143959,0.06045881658792496,0.1111549586057663,0.19029563665390015,0.18032194674015045,0.28685036301612854,0.11666694283485413,0.09718681126832962,0.06658051908016205,0.10223028063774109,0.15016308426856995,0.13242177813215028,0.6349570365577802,0.007076546473966244,0.01545107461103682,0.09340731810127903,0.06665961395152081,0.05002663217226655,0.14289851777463133,0.6370124159608086,0.0020159566885321082,0.02489131344381836,0.09462728361359504,0.05025324273870377,0.0483012697799108
100610,RL,173,1,0.14584293961524963,0.2859303057193756,0.10658656805753708,0.10028648376464844,0.06414846330881119,0.11019362509250641,0.18701158463954926,0.17346921563148499,0.30071890354156494,0.10883136093616486,0.0963616594672203,0.0610685870051384,0.10649757087230682,0.1530526876449585,0.1551698906326747,0.7403932906456698,0.0007277364423695344,0.014252441605264673,0.04108647466959984,0.027211541691806868,0.021158624312614522,0.1500528515799429,0.7231233788417911,0.011634324458018175,0.02056767564646464,0.04219961997003169,0.03466164970679841,0.017760499796953304
100610,RL,175,1,0.16218148171901703,0.2732391357421875,0.10100938379764557,0.09624131768941879,0.06314761936664581,0.10883757472038269,0.19534346461296082,0.1797364056110382,0.28680628538131714,0.11480075865983963,0.09207543730735779,0.06254701316356659,0.10857632756233215,0.15545770525932312,0.2399444370757315,0.5032449172430926,0.017297607273650234,0.0011487199885099044,0.1370526479965948,0.041405098119057064,0.05990657230336387,0.24581518277438855,0.5097176732616701,0.016875320572955575,0.0037419788158262555,0.11287111298441094,0.06075872503043003,0.050220006560318636
100610,RL,177,1,0.16428209841251373,0.26516133546829224,0.10870497673749924,0.0983421579003334,0.060288574546575546,0.11226001381874084,0.19096077978610992,0.18356113135814667,0.2744494378566742,0.11601858586072922,0.10184932500123978,0.059977758675813675,0.10577362030744553,0.1583702117204666,0.3642544092672963,0.40227305576593947,0.07506362669334056,0.04088193485097252,0.04865295092170851,0.04338747894002807,0.02548654356071457,0.33888903144378746,0.36735697564400593,0.0970211994492823,0.059301364203371995,0.05606195044755382,0.04185019507808493,0.039519283733913634
100610,RL,179,1,0.1440117508172989,0.2969745993614197,0.11274449527263641,0.09776630997657776,0.06723182648420334,0.09791874140501022,0.18335223197937012,0.15564954280853271,0.29128745198249817,0.11738692969083786,0.10578113794326782,0.07128004729747772,0.10413402318954468,0.15448084473609924,0.13586945241097315,0.8060029704083315,0.009452570694229138,0.01438322067333001,0.004250752660263565,0.02170442818618295,0.00833660496668969,0.1323437170733593,0.8014584117767793,0.00329577617149979,0.017491131895680145,0.004808386560664578,0.02177758791501425,0.018824988607002695
100610,RL,181,1,0.15317726135253906,0.27684837579727173,0.10572080314159393,0.09938789904117584,0.06063045188784599,0.11638019979000092,0.18785500526428223,0.17963926494121552,0.2692948877811432,0.11565928161144257,0.10436495393514633,0.07021155953407288,0.10736742615699768,0.15346261858940125,0.2710911454546542,0.5224464589045681,0.0315708849211539,0.0442626217003074,0.07808816615570832,0.03256931175057399,0.019971411113034108,0.25568421666100377,0.5213888043348158,0.026065387672695884,0.04511581175960087,0.07860360305633783,0.031183968777889724,0.041958207737656135
100610,RL,183,1,0.1448104977607727,0.2828093469142914,0.1176673024892807,0.10363944619894028,0.0612826943397522,0.10655088722705841,0.18323978781700134,0.16335198283195496,0.30404385924339294,0.11194746196269989,0.10145007818937302,0.0713687390089035,0.10143692791461945,0.14640091359615326,0.09064738086847843,0.8587562590894524,0.017958348112588604,0.008341984524491957,0.0015330383547562164,0.006416764276083658,0.016346224774148734,0.06470443363728516,0.8823585790019466,0.0176216873098636,0.006767333018596436,0.001957100286478249,0.0050704151047346315,0.0215204516410954
100610,RL,185,1,0.14502373337745667,0.2814943194389343,0.11495796591043472,0.10413309931755066,0.05948271602392197,0.11089596152305603,0.184012308716774,0.1711178719997406,0.2788349390029907,0.11079122871160507,0.10924936085939407,0.0647071897983551,0.10151995718479156,0.16377952694892883,0.1534061715834992,0.7635242119006358,0.02532325391063733,0.015997632786817984,0.015888506866825334,0.015335403658299806,0.010524819293284549,0.131993474452606,0.7667608948297926,0.03057389373010707,0.024519665610829855,0.020132735239002168,0.014479190346650682,0.011540145791011636
100610,RL,187,1,0.17365382611751556,0.24477100372314453,0.11037462949752808,0.10105690360069275,0.05897126719355583,0.11814140528440475,0.19303089380264282,0.17283467948436737,0.2672710120677948,0.10621390491724014,0.10426343232393265,0.07165578752756119,0.10912499576807022,0.16863617300987244,0.3007311715263086,0.3392230570632667,0.04737732997767878,0.0995268126495362,0.0329968535243035,0.07125106229669169,0.10889371296221452,0.3084386275001601,0.35240132619113623,0.051048762879568665,0.09310273540073782,0.009278499151484937,0.07271182627795487,0.1130182225989573
100610,RL,189,5,0.14972302317619324,0.2909965515136719,0.10318440943956375,0.10566972941160202,0.06320136040449142,0.10849343985319138,0.17873147130012512,0.17491942644119263,0.2757299840450287,0.09278202801942825,0.10943987965583801,0.07192561775445938,0.09546106308698654,0.17974191904067993,0.1513788765061127,0.5132628511506833,0.06743378074893956,0.0117346132130032,0.11308581535532625,0.06917928653372753,0.07392477649220745,0.18227169953470457,0.581519467178031,0.023359758989379538,0.07498980468733348,0.05956269911438589,0.04351683287476508,0.034779737621400436
100610,RL,191,5,0.15105119347572327,0.2810244560241699,0.10250284522771835,0.1079409122467041,0.06407308578491211,0.10688219964504242,0.18652524054050446,0.17023827135562897,0.302839070558548,0.09011738002300262,0.10115131735801697,0.06797986477613449,0.09714653342962265,0.17052750289440155,0.050773306675079545,0.46816980814256276,0.11455081218589339,0.039352139966303726,0.09058988886423837,0.03740253278125124,0.19916151138467098,0.083826461736252,0.48914106546873315,0.13105169642250772,0.06294275252926115,0.03386575856859344,0.019570259527498,0.17960200574715435
100610,RL,193,5,0.1746760606765747,0.2504054307937622,0.11917779594659805,0.10414343327283859,0.05509441718459129,0.10990835726261139,0.18659450113773346,0.14999808371067047,0.318437397480011,0.09027761965990067,0.0978490337729454,0.06877342611551285,0.10744740813970566,0.16721703112125397,0.05961757658531885,0.37839365371719547,0.13635940950937972,0.0657729865387207,0.06631465063903777,0.04429419958734636,0.24924752342300116,0.008051567809450981,0.4223229023610182,0.1388524455067596,0.05691175155897417,0.1358884044567453,0.004822026269440035,0.23315090203761166
100610,RL,195,5,0.17280645668506622,0.25717151165008545,0.11305017024278641,0.10249220579862595,0.06174001470208168,0.10906600952148438,0.18367360532283783,0.14162977039813995,0.3249102234840393,0.08400499820709229,0.09906663000583649,0.07966386526823044,0.10324999690055847,0.1674744337797165,0.14517973707845536,0.43157916908537747,0.07565813897747388,0.03222654551811181,0.13973942393080918,0.03171018848413289,0.14390679692563943,0.09851461029985967,0.43762944210483007,0.05037895497211342,0.016290388483774808,0.1720289219456133,0.09808290902397203,0.12707477316983684
100610,RL,197,5,0.17843012511730194,0.250201553106308,0.10972373187541962,0.10120917856693268,0.06386344879865646,0.11027567088603973,0.18629619479179382,0.12674380838871002,0.3431985378265381,0.07555150985717773,0.09872492402791977,0.07675150781869888,0.10989401489496231,0.16913573443889618,0.13690939466043417,0.42460154567017505,0.0634533755225162,0.04860195759489588,0.12754117433500214,0.05408268153997325,0.14480987067700332,0.07763980617669243,0.483414721892501,0.05251527579399138,0.004669615721361829,0.1502892651139141,0.10460902614800495,0.12686228915353448
100610,RL,199,5,0.16472743451595306,0.27739715576171875,0.10706928372383118,0.10324805974960327,0.058634474873542786,0.10791703313589096,0.1810065060853958,0.11912999302148819,0.3558979332447052,0.08026299625635147,0.09850677847862244,0.07385566085577011,0.10914883017539978,0.16319777071475983,0.08433748113100208,0.4844669308952049,0.025453098489105173,0.14757020832221346,0.013725527983108424,0.04800889865799496,0.19643785452137105,0.05159815563906382,0.5209508249777652,0.025491039143374736,0.1394744293361376,0.06791204242588704,0.017209545759909458,0.17736396271786203
100610,RL,201,5,0.16851453483104706,0.26848462224006653,0.10949832946062088,0.10143383592367172,0.06074301898479462,0.10831533372402191,0.1830103099346161,0.11829261481761932,0.3562206029891968,0.08365296572446823,0.10165222734212875,0.07554984092712402,0.10579756647348404,0.15883417427539825,0.0009815192778746898,0.5356327119823225,0.1288801037485182,0.0950396843914594,0.017474172996641536,0.03376883167385719,0.1882229759293264,0.021599990138731966,0.5349702591419775,0.06885317291828999,0.13626762112936056,0.012336365755184058,0.05271315110889779,0.17325943980755829
100610,RL,203,5,0.16161759197711945,0.25278639793395996,0.11766266822814941,0.1065441370010376,0.059386469423770905,0.1120193600654602,0.18998338282108307,0.11848753690719604,0.3401920795440674,0.08179903030395508,0.10019111633300781,0.08468547463417053,0.11167559027671814,0.16296914219856262,0.10705660405811626,0.397416765294412,0.17396741067772836,0.07996203112313499,0.03233300078954238,0.04741419182906338,0.1618499962280026,0.0887373681392534,0.43595523579936724,0.11505056225179838,0.1111506695457988,0.05627261464127562,0.07067538524254109,0.12215816437996532
100610,RL,205,5,0.1660321056842804,0.24934272468090057,0.11832694709300995,0.1077767014503479,0.05830433964729309,0.11210271716117859,0.1881144791841507,0.11847463995218277,0.3530271351337433,0.08557338267564774,0.10235236585140228,0.07605492323637009,0.1040760949254036,0.16044147312641144,0.10307168748142562,0.46983853693711297,0.10911731828647019,0.07329510948712914,0.06578133370157908,0.036885494835540905,0.14201051927074207,0.06315982786036535,0.5640408213493971,0.08139699073705814,0.06919550547372814,0.08183073135377389,0.016474489549769274,0.12390163367590795
100610,RL,207,5,0.16947796940803528,0.25776761770248413,0.10834096372127533,0.10725800693035126,0.0629076361656189,0.1083165630698204,0.18593120574951172,0.13673177361488342,0.3388670086860657,0.08590962737798691,0.11220792680978775,0.06941238790750504,0.0995839536190033,0.15728728473186493,0.230485982026446,0.45123733585980746,0.06742499193589434,0.017749682315538768,0.09643938565250446,0.1138144208472717,0.022848201362537273,0.20486711531533755,0.43549250261657274,0.09329666351974655,0.05412021127194842,0.10307221263911383,0.07552770852546578,0.03362358611181504
100610,RL,209,5,0.1630805879831314,0.25839442014694214,0.11584974080324173,0.10991307348012924,0.05950063839554787,0.10883333534002304,0.1844281554222107,0.13839265704154968,0.3366885781288147,0.10113123804330826,0.11204400658607483,0.06475310772657394,0.09415913373231888,0.1528313308954239,0.3350743423380143,0.48646647265709386,0.025335407153949403,0.05013051678259956,0.025240996281836382,0.05228908004654422,0.02546318473996225,0.3219505809698128,0.49235324763192323,0.021859884307569986,0.10465491924469258,0.030632773771821924,0.0017256369608330251,0.026822957113346303
100610,RL,211,4,0.13770103454589844,0.32657328248023987,0.10529372841119766,0.09603684395551682,0.05799237638711929,0.10142891108989716,0.17497384548187256,0.12818600237369537,0.3743751049041748,0.10426508635282516,0.10510168969631195,0.052459243685007095,0.08915151655673981,0.14646132290363312,0.3989413856238409,0.03332551173976695,0.061734861803481755,0.18821999003167916,0.027191878430788487,0.12424309130196388,0.16634328106847884,0.38262234017143143,0.07431652617413978,0.02683327676737846,0.1868704955300107,0.029688163594134145,0.12219913096447517,0.1774700667984301
100610,RL,213,4,0.1396007090806961,0.32011163234710693,0.10535667091608047,0.09443104267120361,0.058735448867082596,0.10062704235315323,0.18113747239112854,0.12431330978870392,0.3774195909500122,0.09927348047494888,0.10713385045528412,0.052578069269657135,0.08925192058086395,0.15002985298633575,0.2780560673343701,0.26165689051037516,0.008196566072338311,0.07936877684118779,0.0772128968399822,0.1281500753192932,0.16735872708245325,0.25470251254254445,0.23199087964683757,0.033457474000909274,0.09081473652078681,0.09174045840976246,0.1722089440604703,0.12508499481868923
100610,RL,215,4,0.1409195363521576,0.31548795104026794,0.10761449486017227,0.09509780257940292,0.05797984451055527,0.10065969824790955,0.18224067986011505,0.12727616727352142,0.368570476770401,0.09306411445140839,0.09781677275896072,0.055354680866003036,0.0930110290646553,0.16490676999092102,0.3237133028087457,0.20652844781626015,0.11533146212538391,0.13982227746527912,0.053357570080630995,0.07150700296771656,0.08973993673598354,0.301527813127344,0.17988313288489097,0.12408824311812515,0.16365375105268912,0.06202192578544525,0.10443477288759473,0.06439036114391072
100610,RL,217,4,0.14149364829063416,0.3163784146308899,0.1119762510061264,0.0939883142709732,0.05833280831575394,0.10004444420337677,0.17778603732585907,0.13040852546691895,0.3567085266113281,0.09747742861509323,0.09334467351436615,0.0566272959113121,0.09902909398078918,0.16640448570251465,0.20527958347285202,0.11940984552160754,0.1705272725113774,0.18322188122321,0.02713378718472379,0.1918223359070206,0.10260529417920865,0.18830397237212654,0.04534394996198507,0.15472631762854389,0.2647590916443263,0.03053949836734177,0.22956702868164752,0.08676014134402897
100610,RL,219,4,0.1415339708328247,0.31906867027282715,0.10920403152704239,0.09215155243873596,0.058379821479320526,0.10217421501874924,0.17748770117759705,0.14720386266708374,0.34774667024612427,0.09287882596254349,0.08923379331827164,0.05452650040388107,0.09808246791362762,0.17032788693904877,0.22581438745747828,0.21396300848256417,0.1719165631828488,0.05945103471763558,0.040938278401898794,0.2046283740942316,0.08328835366334278,0.20945327034697328,0.18474396541175153,0.12638404609852108,0.06974222480408677,0.06596341280978352,0.24345437055669447,0.10025870997218955
100610,RL,221,4,0.1417032927274704,0.31757426261901855,0.10867466032505035,0.09353835880756378,0.05952925235033035,0.10223741084337234,0.17674273252487183,0.14332737028598785,0.348985493183136,0.09615782648324966,0.097379669547081,0.05322163552045822,0.10007305443286896,0.1608549952507019,0.1772915125922279,0.3530558531000077,0.18002798794311223,0.046186988202331906,0.006818056157918527,0.19721561631263307,0.03940398569176868,0.189107277718047,0.3790531167674178,0.14206337143725356,0.05171163221175022,0.03501532412795879,0.1846862419450333,0.018363035792539183
100610,RL,223,4,0.1414223313331604,0.3140241801738739,0.10735070705413818,0.09515387564897537,0.058686044067144394,0.10232146829366684,0.18104127049446106,0.1359190046787262,0.35824117064476013,0.09716391563415527,0.09310434758663177,0.05214257165789604,0.1005486473441124,0.16288025677204132,0.19151250592344585,0.36820546229989076,0.228461815372531,0.06392329887060544,0.05128351626415512,0.058544438126344946,0.038068963143026914,0.25458297167665767,0.3529871598131893,0.16655309584295327,0.0012497201708694292,0.10459681807803695,0.010306780909012908,0.10972345350928059
100610,RL,225,4,0.13860255479812622,0.3080768883228302,0.10725858062505722,0.09504205733537674,0.05987200513482094,0.10438814014196396,0.18675972521305084,0.14751534163951874,0.3383864462375641,0.09704896807670593,0.09346739202737808,0.05479463189840317,0.09982725232839584,0.16896001994609833,0.1284484754246492,0.38264005372494286,0.23212473550135285,0.20032059119610243,0.02556743458820997,0.01197326193867754,0.01892544762606514,0.1487671624005041,0.3457964415322765,0.1775729900788463,0.1708644426641017,0.05877037566069455,0.020562500228595803,0.07766608743498095
100610,RL,227,4,0.14113888144493103,0.3050053119659424,0.10481233149766922,0.09420567750930786,0.060877926647663116,0.10686007142066956,0.18709972500801086,0.14869938790798187,0.33940672874450684,0.09195935726165771,0.09638519585132599,0.05750788748264313,0.10072857141494751,0.16531288623809814,0.06799718854268255,0.6115884435227221,0.05768880308654328,0.13502917828033448,0.01955076728200679,0.01366317063660311,0.09448244864910771,0.0985609819975262,0.6377775091514924,0.025332773234942256,0.13638486572554387,0.02550231291663266,0.004295720916242972,0.07214583605761946
100610,RL,229,4,0.1445760577917099,0.29636895656585693,0.10282140970230103,0.09652197360992432,0.06019631028175354,0.11045046895742416,0.1890648752450943,0.15995442867279053,0.3265295922756195,0.09612440317869186,0.10392098128795624,0.04941124469041824,0.099386066198349,0.164673313498497,0.19330410870824102,0.6601072518756873,0.02516608853429162,0.06139048005648386,0.042843956997336986,0.00656887770528676,0.010619236122672477,0.22087480147698846,0.6042361807244763,0.029053743768859094,0.07388735892020573,0.04001000991163607,0.02331144776517705,0.008626457432657136
100610,RL,231,2,0.19404684007167816,0.23207023739814758,0.11941605061292648,0.09842483699321747,0.058362118899822235,0.11283190548419952,0.18484801054000854,0.1746436506509781,0.3378657102584839,0.10451934486627579,0.09146341681480408,0.05192505195736885,0.09292523562908173,0.14665758609771729,0.03866383616292898,0.8967398053530975,0.011349889524361407,0.018812808757344014,0.0046600246613383075,0.010102407620260982,0.019671227920668815,0.041719747895217416,0.8850358756469492,0.013460112582561516,0.017388546506937323,0.00511353595037567,0.012300519397950873,0.024981662020008063
100610,RL,233,2,0.19294829666614532,0.23074428737163544,0.11864061653614044,0.10237827897071838,0.05833471566438675,0.1113126277923584,0.18564113974571228,0.17522579431533813,0.3303527534008026,0.09403107315301895,0.0880078598856926,0.051438961178064346,0.09584023803472519,0.16510331630706787,0.04377822086997113,0.9184733497968631,0.004829964970796045,0.0007818818182908049,0.002467467070364839,0.017919141735779368,0.01174997373793467,0.03594209603942104,0.9208483213585487,0.004783221535780696,0.0021419049608448954,0.0012351160081861576,0.020493148185467627,0.014556191911750787
100610,RL,235,2,0.19185850024223328,0.23971395194530487,0.11915387958288193,0.10018643736839294,0.058696746826171875,0.10899370908737183,0.1813967227935791,0.16488848626613617,0.3212977945804596,0.10540201514959335,0.09185587614774704,0.05529401823878288,0.10021782666444778,0.16104401648044586,0.10938619313474453,0.7780832215924843,0.009931762036687308,0.03383213054100425,0.0014741747853365622,0.043633125239596615,0.023659392670146367,0.08094841396670152,0.7885725773751993,0.010339707549334519,0.042290347371052625,0.005022661740660433,0.04436486582276139,0.028461426174290382
100610,RL,237,2,0.1926369071006775,0.24110300838947296,0.11926517635583878,0.09904465824365616,0.05797113850712776,0.10785464197397232,0.18212437629699707,0.16976821422576904,0.31646719574928284,0.11824189126491547,0.09418927878141403,0.053352296352386475,0.09295252710580826,0.15502864122390747,0.09017368084726705,0.8016156917181783,0.019124660352692505,0.023317239284637834,0.006829094998472278,0.029243968281240762,0.02969566451751132,0.06939200030806499,0.8096261930744983,0.02156903061510637,0.030473841883307488,0.0033751947547011633,0.029178170634696743,0.03638556872962499
100610,RL,239,2,0.19089943170547485,0.24142207205295563,0.11868520081043243,0.09936770051717758,0.058162935078144073,0.10866867005825043,0.1827940046787262,0.1693442016839981,0.3064099848270416,0.12269867956638336,0.09392005205154419,0.05121764913201332,0.09890172630548477,0.1575077474117279,0.09524014354884648,0.8145514842439076,0.00871896498440652,0.03999130558402355,0.0038827846180228957,0.027139017302048592,0.010476299718744402,0.07048935380429257,0.8227243939537462,0.009019257818723952,0.05017926726330158,0.007731789266108026,0.025017312155405362,0.014838625738422453
100610,RL,241,2,0.1928742527961731,0.2360517680644989,0.1207607239484787,0.0995636135339737,0.05716393142938614,0.10970938950777054,0.18387632071971893,0.1785326451063156,0.3001594841480255,0.11822118610143661,0.09133892506361008,0.055157456547021866,0.09553923457860947,0.16105115413665771,0.040607060056784924,0.9293136651331367,0.003988444100502008,0.003447744731456546,0.0016420512477746338,0.005725398877230143,0.015275635853115059,0.036786984145476695,0.9312755293961364,0.0053415498864943355,0.0017360895870851087,0.0002754094786637012,0.004216413025565268,0.020368024480578666
100610,RL,243,2,0.19024282693862915,0.24399688839912415,0.11985532939434052,0.09891249239444733,0.059274088591337204,0.1061168685555458,0.18160156905651093,0.17988388240337372,0.2955762445926666,0.11590909212827682,0.08816001564264297,0.05286203324794769,0.09914974868297577,0.16845901310443878,0.048703080784009,0.8993625713315325,0.008144064467046758,0.007256665097581432,0.0043598529319220656,0.012879831310033254,0.019293934077874934,0.03635528288609016,0.9045756273777968,0.010340757596765131,0.010635299614911086,0.0026256698926461495,0.012228736175017794,0.02323862645677278
100610,RL,245,2,0.18383120000362396,0.24983160197734833,0.11560353636741638,0.10191573202610016,0.062145862728357315,0.1064213365316391,0.18025070428848267,0.16687089204788208,0.3057093024253845,0.1163635328412056,0.09603308141231537,0.0550277903676033,0.09573458135128021,0.16426075994968414,0.10266523339606097,0.6170324170574946,0.05023732131593825,0.11640724997453453,0.01753493888818442,0.07649019936628274,0.019632640001504484,0.08943119184429833,0.6383900091621799,0.047299848504855496,0.12306179566795815,0.010774053297913182,0.06273520143590829,0.028307900086886557
100610,RL,247,2,0.18482442200183868,0.24505579471588135,0.11774218827486038,0.10213243961334229,0.06070880964398384,0.10847178101539612,0.18106448650360107,0.17425747215747833,0.2935989797115326,0.1099415197968483,0.09107238054275513,0.05710958316922188,0.09669917076826096,0.17732101678848267,0.15411938266134484,0.5870281222365825,0.05023359266970751,0.09965206352264673,0.032467999181178604,0.06578947393204725,0.010709365796492521,0.14929781760713118,0.596989006757407,0.0509871977011866,0.11515098064598148,0.028312437195889835,0.05621443063975085,0.0030481294526528984
100610,RL,249,2,0.1905633509159088,0.23520028591156006,0.11661585420370102,0.10560285300016403,0.060141969472169876,0.10991290211677551,0.1819627285003662,0.17719599604606628,0.2971460819244385,0.11050985753536224,0.09424697607755661,0.05615272745490074,0.09479201585054398,0.16995637118816376,0.022988199961126957,0.8669576982061656,0.022817863085792596,0.028247175784649258,0.008912678554138371,0.00969879319307063,0.04037759121505655,0.024161927122583367,0.8730785385922243,0.025541257847391394,0.03728941381744782,0.006720641715672418,0.002934841009422322,0.030273379895258454
100610,RL,251,2,0.15698538720607758,0.28493544459342957,0.10848341137170792,0.10052210837602615,0.06486397236585617,0.10282089561223984,0.18138886988162994,0.1668623834848404,0.30798575282096863,0.10037630051374435,0.09990748763084412,0.0640004426240921,0.08841720968484879,0.17245034873485565,0.02299026550185288,0.8856156261962843,0.005444689165125636,0.01224514632045812,0.02278198617093387,0.015751300875542076,0.03517098576980316,0.03583733270834649,0.8346463158141513,0.006767719120519233,0.017123738281284218,0.031693098072146264,0.02541779901905582,0.048513996984496786
100610,RL,253,3,0.14852717518806458,0.2908032238483429,0.10564959049224854,0.09736213833093643,0.05250827223062515,0.12091533094644547,0.18423432111740112,0.13731063902378082,0.28776583075523376,0.11398608237504959,0.11315177381038666,0.053744103759527206,0.11116898059844971,0.18287260830402374,0.11791226140652648,0.4103815448814302,0.008092378124497644,0.34563681312950245,0.06039268739378955,0.0433718870656864,0.014212427998567277,0.11985465774149304,0.38043563890985865,0.008807009634214625,0.3109783687027647,0.06978575743102938,0.054599337103202375,0.05553923047743732
100610,RL,255,3,0.13766515254974365,0.302335649728775,0.10068713873624802,0.09869203716516495,0.0598473884165287,0.11335617303848267,0.18741650879383087,0.13166195154190063,0.3164847195148468,0.11471738666296005,0.11059881001710892,0.052816808223724365,0.10081399232149124,0.17290633916854858,0.029665661273825174,0.8203918430144689,0.03487026368533231,0.054286663836827315,0.01607747659877392,0.0039780853826907265,0.040730006208081676,0.03430507263126989,0.7883916653534766,0.04393619995060234,0.061890449456470306,0.01934645844471102,0.005420325623869035,0.046709828539600755
100610,RL,257,3,0.1418384611606598,0.2886107563972473,0.10583862662315369,0.10047707706689835,0.0592944473028183,0.11564971506595612,0.18829092383384705,0.13331632316112518,0.3267241418361664,0.10912767797708511,0.10703058540821075,0.0560859777033329,0.09469835460186005,0.17301692068576813,0.04610131454782348,0.855365975006428,0.03792600808025862,0.003429132126609425,0.009602851425378253,0.013739988124666059,0.03383473068883616,0.060956495211408716,0.845739300705885,0.032670385102001744,0.0004487936694118053,0.008865833059937576,0.013493423902542339,0.03782576834881284
100610,RL,259,3,0.14125585556030273,0.29055458307266235,0.10581939667463303,0.0998394563794136,0.058354537934064865,0.11563840508460999,0.18853774666786194,0.13485382497310638,0.3137674033641815,0.10801412910223007,0.10414689779281616,0.05382667854428291,0.10760340094566345,0.1777876317501068,0.05016408245724139,0.9273172556392728,0.009364731604681202,0.0010528085040186939,0.0015569831068109868,0.007205021085039289,0.0033391176029356593,0.0563336782639873,0.9142110285786348,0.006678579806690832,0.002852733162380869,0.00251303250418489,0.007213470534632036,0.010197477149489102
100610,RL,261,3,0.14118197560310364,0.2913614809513092,0.11107996106147766,0.0997508093714714,0.05585923045873642,0.11516916751861572,0.18559734523296356,0.1321559101343155,0.31868234276771545,0.11331673711538315,0.10273624211549759,0.05047857016324997,0.10881195217370987,0.17381824553012848,0.10119505352650542,0.8362301978694937,0.03414978788556252,0.00034510972258925,0.004298291182997765,0.018738200494765374,0.005043359318085985,0.10125270829222072,0.8187508889531621,0.042810729209868774,0.0051750365081699385,0.006797911985098219,0.023944290731490143,0.0012684343199901812
100610,RL,263,3,0.1442033350467682,0.2988641560077667,0.10409731417894363,0.09662673622369766,0.05903424695134163,0.10906307399272919,0.18811112642288208,0.13676708936691284,0.300896555185318,0.12258977442979813,0.10277893394231796,0.05207151547074318,0.10556723922491074,0.17932899296283722,0.00606384245093007,0.9765682609721255,0.006557885223617036,0.000716331985717271,0.002527903980685082,0.007176275734573076,0.00038949965235202555,0.007921338418138033,0.9701217682607811,0.008146245228032948,0.0014072801093047013,0.002957758219607949,0.009306509210952416,0.00013910055318283363
100610,RL,265,3,0.14414267241954803,0.2986530065536499,0.10531838983297348,0.09398616850376129,0.05753530189394951,0.11169020086526871,0.18867437541484833,0.13795924186706543,0.3021604120731354,0.11875150352716446,0.10315567255020142,0.05400313809514046,0.1041671484708786,0.1798028200864792,0.02652731132440632,0.8908710983714323,0.041409410147840255,0.0011943333252214408,0.00048028761028860316,0.02289224334174227,0.0166253158790688,0.019613143878422005,0.8994400446593391,0.03908187491586576,0.008777749457678289,0.0005721468938538136,0.02154276256930113,0.010972277625539999
100610,RL,267,3,0.1431770920753479,0.30030468106269836,0.10685992240905762,0.09379170089960098,0.05714781954884529,0.11212436854839325,0.1865943968296051,0.14698897302150726,0.3022959530353546,0.1137639731168747,0.09659621864557266,0.058378152549266815,0.10236828774213791,0.17960837483406067,0.014092076982452009,0.8466493522247545,0.033406756527649246,0.03421525526995917,0.013675495302172422,0.024756703349119513,0.033204360343893194,0.007984238114651243,0.8566938188313546,0.030210001006368378,0.03481615796285477,0.011348472314557012,0.027749993916236487,0.03119731785397754
100610,RL,269,3,0.1460801512002945,0.2906760275363922,0.10997459292411804,0.09749847650527954,0.05579368770122528,0.11369270831346512,0.1862843930721283,0.13422609865665436,0.30203717947006226,0.1120673418045044,0.0985817238688469,0.0567275695502758,0.1084333285689354,0.187926784157753,0.014821658942443954,0.8949012481769785,0.014715255743721407,0.034930334464172756,0.010466180427517586,0.0033369238492741314,0.026828398395891667,0.021129036868133732,0.8466612634036645,0.027870361217680637,0.04729570434041899,0.015453868340353638,0.008466752141597485,0.03312301368815104
100610,RL,271,3,0.1500849574804306,0.2813170552253723,0.11398930847644806,0.09521496295928955,0.054650675505399704,0.11508245021104813,0.18966059386730194,0.1329479068517685,0.28982919454574585,0.11695030331611633,0.0964641347527504,0.0531405508518219,0.11388982087373734,0.19677811861038208,0.05892447768519151,0.6484432023992611,0.042913079072503926,0.08710371550552448,0.010070337720093529,0.05657863955803093,0.09596654805939449,0.04506499312926773,0.5992792860473238,0.0658009540868941,0.10715075290130502,0.003953879400608497,0.07332898104081331,0.10542115339378763
100610,RL,273,3,0.15417078137397766,0.27115389704704285,0.12173900753259659,0.10076433420181274,0.051274221390485764,0.11438694596290588,0.18651074171066284,0.14368775486946106,0.28605788946151733,0.11674024909734726,0.08879532665014267,0.05102445185184479,0.1181417778134346,0.19555261731147766,0.08298905972159316,0.7276919401392902,0.028088552736555052,0.038711913064948,0.0311380045056279,0.06784133375682372,0.023539196075162,0.08289736738020625,0.6926874170677483,0.03925438374990409,0.04420020412341236,0.03329620147809734,0.09310050525328216,0.014563920947349578
100610,RL,275,0,0.18588411808013916,0.23550540208816528,0.11110929399728775,0.09884689003229141,0.06070597842335701,0.11425721645355225,0.19369107484817505,0.20091335475444794,0.22042642533779144,0.117766372859478,0.09862726181745529,0.05630466341972351,0.1065697968006134,0.1993921995162964,0.24721935537283737,0.09065607441861022,0.20336831431868538,0.04120244152095614,0.046260532502189075,0.1601245107989129,0.21116877106780893,0.2880420595638192,0.13575307758959687,0.17130444200043787,0.010018730681448854,0.09080660943953403,0.12724477193143374,0.1768303087937294
100610,RL,277,0,0.16304579377174377,0.25680458545684814,0.10476856678724289,0.10174756497144699,0.06287479400634766,0.11370796710252762,0.1970507651567459,0.18167339265346527,0.22663089632987976,0.11869435757398605,0.1042565330862999,0.056118521839380264,0.10872675478458405,0.20389963686466217,0.03783959554504927,0.09591511712192696,0.25242704350660305,0.234923943739921,0.03675513454099773,0.20912027507287723,0.13301889047262475,0.04346133993953699,0.006444243191180874,0.3378277376564547,0.27757729430217765,0.0645625170923822,0.19484432234405882,0.0752825454742089
100610,RL,279,0,0.182155042886734,0.24864967167377472,0.10886301845312119,0.10258349031209946,0.0641467347741127,0.10717794299125671,0.18642406165599823,0.1880529820919037,0.21640008687973022,0.11386560648679733,0.10289881378412247,0.055178117007017136,0.11208107322454453,0.21152335405349731,0.08370721043458401,0.0732712666344618,0.27675225654685043,0.2398264768837023,0.08042907632148723,0.19245217750460705,0.05356153567430719,0.017272336314282648,0.11549038132671534,0.3205012967843779,0.2563815323744038,0.1071551888744734,0.17221744958158788,0.010981814744158946
100610,RL,281,0,0.18863746523857117,0.24243563413619995,0.11191309988498688,0.10146661102771759,0.06153416261076927,0.10821533203125,0.18579770624637604,0.19249266386032104,0.21819432079792023,0.11736390739679337,0.10692990571260452,0.05115322768688202,0.11634917557239532,0.1975168138742447,0.11359795266676043,0.23333173219962894,0.2904154077159129,0.23241380879964463,0.09895838252576866,0.009150968815154599,0.022131747277129875,0.08612474149604034,0.2998432364145599,0.2682865435708324,0.21678238048860438,0.10851390909426722,0.00799339885883182,0.01245579007686398
100610,RL,283,0,0.18912434577941895,0.241760715842247,0.1105392575263977,0.10172393918037415,0.06224992126226425,0.10661426186561584,0.1879875659942627,0.18295340240001678,0.2307586371898651,0.11182824522256851,0.11485143005847931,0.05387866497039795,0.11363887786865234,0.19209080934524536,0.17458813100631695,0.03934648476222628,0.2363466285006188,0.30529088331490334,0.14142425437165634,0.04717571009101891,0.05582790795325936,0.15926353081833836,0.06537911399029275,0.21762759347331675,0.3024013246151544,0.17346619342233546,0.07784210954608282,0.004020134134479428
